Faecalibacterium prausnitzii	8.18889638152493
Blautia obeum	1.61634389833333
Bacteroides uniformis	3.02154021645963
[Ruminococcus] torques	2.42695219371069
[Eubacterium] rectale	6.99164274122642
Bacteroides vulgatus	2.56313706702614
Dorea longicatena	1.76601301849673
Coprococcus comes	1.58260689877133
Dorea formicigenerans	0.684898341285714
[Eubacterium] hallii	1.80738779344086
Roseburia inulinivorans	1.63831458337121
Bacteroides ovatus	0.604768627047244
Collinsella aerofaciens	3.17036958700787
Ruminococcus bromii	5.86961313020243
Streptococcus salivarius	1.19280991329268
Bacteroides dorei	1.68651857653061
Alistipes putredinis	2.80741593801653
Coprococcus catus	0.35265685106383
Eubacterium ramulus	0.35824634248927
Alistipes shahii	0.682558267359307
Bacteroides thetaiotaomicron	0.624796507964602
Bifidobacterium longum	3.02751959151111
[Eubacterium] eligens	1.69297311580357
Bacteroides caccae	0.947489227901786
Barnesiella intestinihominis	0.953412580645161
Roseburia intestinalis	1.25919243351852
Escherichia coli	2.5479176314218
Parabacteroides merdae	1.13775377706731
Eubacterium ventriosum	0.695568388349515
Lachnospiraceae bacterium 5_1_63FAA	0.316943737864078
Roseburia hominis	0.645443492
Alistipes onderdonkii	1.06858959313131
Parabacteroides distasonis	0.492552726192893
[Eubacterium] siraeum	1.63598546162437
Ruminococcus lactaris	1.42925877739796
Akkermansia muciniphila	3.71824204306122
Bacteroides cellulosilyticus	1.01036409175141
Bacteroides stercoris	3.12108948977143
Anaerostipes hadrus	0.30553134502924
[Ruminococcus] gnavus	2.15889511610778
Bifidobacterium adolescentis	6.86804332048193
Streptococcus thermophilus	0.827768662012195
Adlercreutzia equolifaciens	0.323885182926829
Bacteroides massiliensis	1.64578724403846
Streptococcus parasanguinis	0.542775870967742
Bacteroides xylanisolvens	0.176500231225806
Lachnospiraceae bacterium 7_1_58FAA	0.063779025974026
Lachnospiraceae bacterium 1_1_57FAA	1.52099087837838
Lachnospiraceae bacterium 3_1_46FAA	0.325702237762238
[Clostridium] leptum	0.202215824113475
Alistipes finegoldii	0.228131432907801
Bacteroides fragilis	0.873168561942446
Ruminococcus callidus	0.554313111755725
Prevotella copri	11.3467996507692
Methanobrevibacter smithii	2.61941307086614
Intestinibacter bartlettii	0.461622439338843
[Clostridium] bolteae	0.453623264210526
Bilophila wadsworthia	0.0774791734234234
Veillonella parvula	0.102440673584906
Bacteroides plebeius	2.66944978238095
Ruminococcus sp. 5_1_39BFAA	5.74128306930693
Alistipes senegalensis	0.0569088
Holdemanella biformis	2.02600181354167
Bacteroides eggerthii	1.48138511705263
Holdemania filiformis	0.046264374893617
Haemophilus parainfluenzae	0.276764513010753
Streptococcus australis	0.0908584782608696
Bacteroides finegoldii	0.528796008913043
Lachnospiraceae bacterium 8_1_57FAA	0.773044782608696
Alistipes indistinctus	0.260772444835165
Dialister invisus	4.02162724022222
Rothia mucilaginosa	0.0485307850561798
Bifidobacterium bifidum	2.21899348704545
Odoribacter splanchnicus	0.540025292470588
Gordonibacter pamelaeae	0.0908309177647059
Streptococcus mitis	0.557313610833333
Butyrivibrio crossotus	7.49236965073171
Hungatella hathewayi	0.133416053658537
Phascolarctobacterium succinatutens	2.87636074074074
Lachnospiraceae bacterium 2_1_58FAA	0.304181234567901
Lactococcus lactis	0.1996703675
Eggerthella lenta	0.079908132625
Paraprevotella clara	0.244458441794872
Lachnospiraceae bacterium 3_1_57FAA_CT1	0.181541794871795
Flavonifractor plautii	0.110883246753247
Streptococcus vestibularis	0.370432159473684
Bacteroides coprocola	3.92488742068493
Streptococcus sanguinis	0.0262768828169014
Lachnospiraceae bacterium 1_4_56FAA	0.158949275362319
Enterococcus faecalis	1.27961970588235
[Clostridium] asparagiforme	0.0891794117647059
Coprobacter fastidiosus	0.0572071641791045
Streptococcus gordonii	0.1045461590625
Bifidobacterium catenulatum	2.08386328125
Veillonella atypica	0.3604326196875
Ruminococcaceae bacterium D16	0.1636059375
Erysipelotrichaceae bacterium 21_3	0.07478078125
Desulfovibrio piger	2.11355389016393
Streptococcus anginosus	0.14596338704918
Enterococcus faecium	0.332376431311475
[Clostridium] citroniae	0.0438821003278689
Parabacteroides johnsonii	0.453928635737705
Actinomyces odontolyticus	0.0199038041666667
Solobacterium moorei	0.00848838666666667
Streptococcus infantis	0.0413491525423729
Erysipelotrichaceae bacterium 6_1_45	0.435009322033898
[Clostridium] symbiosum	0.228185006034483
Sutterella wadsworthensis	1.39662655172414
Bacteroides faecis	0.289471206896552
Bifidobacterium pseudocatenulatum	2.63329229491228
Pseudoflavonifractor capillosus	0.0234835087719298
Parasutterella excrementihominis	0.237781889473684
Bacteroides clarus	0.0734347368421053
Faecalitalea cylindroides	0.472801582857143
Gemella sanguinis	0.0271854545454545
Anaerotruncus colihominis	0.0783479090909091
Erysipelotrichaceae bacterium 2_2_44A	0.111929272727273
Burkholderiales bacterium 1_1_47	0.0720242592592593
Paraprevotella xylaniphila	0.311095769230769
Bacteroides intestinalis	0.156271339803922
Granulicatella adiacens	0.0368152932653061
Blautia hydrogenotrophica	0.0770027695918367
Catenibacterium mitsuokai	0.974872040816327
Alistipes obesi	0.475038571428571
Bifidobacterium dentium	0.0878952372340426
Bifidobacterium animalis	0.339833667021277
Parabacteroides goldsteinii	0.183527102826087
Bacteroides salyersiae	0.270852774222222
Lactobacillus casei	0.113949715454545
[Clostridium] innocuum	0.0987078642857143
Tyzzerella nexilis	0.522064285714286
Subdoligranulum variabile	0.003505
Actinomyces graevenitzii	0.0654318634146342
Acidaminococcus fermentans	0.5851589115
Methanobrevibacter sp.	0.62818125
Bacteroides nordii	0.08816416175
Atopobium parvulum	0.0206791902564103
[Clostridium] clostridioforme	1.83735771611111
Acidaminococcus intestini	0.103059578888889
Desulfovibrio desulfuricans	0.0592923454285714
Erysipelatoclostridium ramosum	0.213517917142857
[Bacteroides] pectinophilus	0.936634201142857
Clostridiales bacterium 1_7_47FAA	0.166536470588235
Enorma massiliensis phI	0.675062647058823
Clostridiaceae bacterium JC118	0.130829393939394
Veillonella dispar	0.042222884375
Enterococcus durans	0.3202990625
Bacteroides coprophilus	1.942964490625
Oxalobacter formigenes	0.0603464916129032
[Clostridium] scindens	0.0344545046666667
Ruminococcus albus	0.0167318868965517
Collinsella intestinalis	0.822656156896552
Dialister succinatiphilus	5.47066172413793
Lachnospiraceae bacterium 5_1_57FAA	0.152026896551724
Streptococcus mutans	0.0531087467857143
Actinomyces viscosus	0.0122660821428571
Rothia dentocariosa	0.0162898632142857
Coprococcus eutactus	1.84873480888889
Clostridium sp. L2-50	3.17888148148148
Lactobacillus gasseri	0.0387139923076923
Alloscardovia omnicolens	0.266826
Enterobacter cloacae	0.319623333333333
Leuconostoc mesenteroides	0.0484995458333333
Gemella haemolysans	0.0756016491304348
Methanosphaera stadtmanae	0.252927826086957
Turicibacter sanguinis	0.0719221739130435
Megamonas hypermegale	3.86820304347826
Leuconostoc pseudomesenteroides	0.0466745177272727
Mitsuokella multacida	0.237366060909091
Lactobacillus fermentum	0.0429783785714286
Propionibacterium freudenreichii	0.114108095238095
[Eubacterium] brachy	0.0128157019047619
Klebsiella pneumoniae	3.0249821075
Prevotella stercorea	1.452616
Candidatus Alistipes marseilloanorexicus AP11	0.730371
Ruminococcus flavefaciens	0.0100015026315789
Streptococcus intermedius	0.0202636305263158
Lactococcus raffinolactis	1.16576815789474
Lactobacillus salivarius	0.458931826842105
[Eubacterium] infirmum	0.00451947368421053
Megamonas rupellensis	0.0578342105263158
Shigella flexneri	0.0527493622222222
Scardovia wiggsiae	0.0126383333333333
Peptostreptococcus stomatis	0.0195763411111111
Enterobacteriaceae bacterium 9_2_54FAA	0.42145
Klebsiella oxytoca	1.16212764705882
Fusobacterium mortiferum	0.626584962352941
Fusobacterium nucleatum	0.495799229411765
Lactobacillus delbrueckii	0.113379411764706
Lactobacillus rhamnosus	0.0573456117647059
Lactobacillus crispatus	6.96937024117647
Streptococcus pasteurianus	0.491610851764706
Ruminococcus champanellensis	0.233827400588235
Citrobacter freundii	0.35446865
Clostridium perfringens	0.736636415
Eubacterium limosum	0.377857478125
Peptoniphilus lacrimalis	0.96751151375
Blautia producta	0.3568560975
Coprococcus sp. ART55/1	11.76027875
Pseudomonas fluorescens	0.764730964
Pseudomonas sp.	0.151077333333333
[Clostridium] methylpentosum	0.0569613106666667
Enterococcus gilvus	2.332196564
Eubacterium sp. 3_1_31	0.395212
Lachnospiraceae bacterium 6_1_63FAA	0.0882093333333333
Lachnospiraceae bacterium 9_1_43BFAA	0.0678333333333333
Hafnia alvei	0.0934064285714286
Streptococcus oralis	0.398376521428571
Lactobacillus reuteri	11.6049791385714
[Eubacterium] dolichum	0.0896088457142857
Streptococcus cristatus	0.00597428571428571
Streptococcus constellatus	0.0226469028571429
Granulicatella elegans	0.0933373085714286
Collinsella tanakaei	0.632576387142857
Subdoligranulum sp. 4_3_54A2FAA	1.96858428571429
Klebsiella sp.	0.484796923076923
Propionibacterium acnes	0.0169155307692308
Parvimonas micra	0.0153999653846154
Abiotrophia defectiva	0.00761317461538462
Actinomyces oris	0.0232731284615385
Erysipelotrichaceae bacterium 3_1_53	0.0506292307692308
Pseudomonas aeruginosa	0.0291731783333333
Pediococcus acidilactici	2.24782916666667
Enterococcus hirae	0.04380817
Alteromonas macleodii	0.6237485475
[Clostridium] spiroforme	0.12264192
Clostridium celatum	0.0171403041666667
Sporobacter termitidis	0.370589561666667
[Clostridium] indolis	0.237420703333333
[Clostridium] hylemonae	0.0154481841666667
Oribacterium sinus	0.0092125
Streptococcus tigurinus	0.00257083333333333
Neisseria cinerea	0.359786211818182
[Enterobacter] aerogenes	5.70903363636364
Finegoldia magna	0.0158214727272727
Streptococcus agalactiae	0.111595545454545
Lactobacillus sakei	0.0848336363636364
Actinomyces naeslundii	0.0107313572727273
[Clostridium] propionicum	0.229413466363636
Blautia luti	0.68099398
candidate division TM7 single-cell isolate TM7c	0.00999454545454545
Blautia glucerasea	0.105880219090909
Erysipelotrichaceae bacterium 5_2_54FAA	0.0277545454545455
Bacteroides luti	4.32385353636364
Neisseria mucosa	0.150587316
Megasphaera elsdenii	0.162056324
Peptostreptococcus sp.	0.00997
Staphylococcus aureus	0.431670503
Lactobacillus ruminis	0.16411888
Carnobacterium maltaromaticum	0.057122198
Lactobacillus curvatus	0.03188
Moraxella osloensis	0.293004518
[Clostridium] neopropionicum	0.512013252
Enterococcus casseliflavus	17.50135206
[Clostridium] viride	0.890391001
Corynebacterium durum	0.010217
[Clostridium] saccharolyticum	0.291490911
Streptococcus orisratti	0.102995018
Hespellia stercorisuis	0.698478206
Fusobacterium varium	0.105165911111111
Bifidobacterium angulatum	0.438154444444444
Prevotella bivia	0.0344632222222222
Gemella morbillorum	0.0187065077777778
Lactobacillus johnsonii	8.49784658222222
Pantoea sp.	0.0152866666666667
Lactobacillus mucosae	5.24691931555556
Leptotrichia wadei	0.0230242633333333
Megasphaera micronuciformis	2.07635444444444
Oscillibacter valericigenes	0.159104322222222
Pseudomonas chlororaphis	0.0533420322222222
Eikenella corrodens	0.2464293425
Fusobacterium periodonticum	0.06086028
Clostridium tertium	0.17180957125
Lactobacillus plantarum	0.04345796
Prevotella nigrescens	0.06259190625
Eubacterium desmolans	0.1224941375
Streptococcus macedonicus	0.09830189125
Olsenella uli	0.01018142625
Corynebacterium casei	0.11376492625
Anaerofustis stercorihominis	0.02421208875
Bacteroides barnesiae	0.36167731125
Lachnospiraceae bacterium 4_1_37FAA	0.07945875
Bacteroides fluxus	1.300035
Ruminococcus sp. JC304	0.79647375
Pseudomonas helleri	0.055267845
Yersinia pestis	0.0869756
Aggregatibacter segnis	0.0525179371428571
Fusobacterium ulcerans	2.77340978571429
Streptococcus suis	0.288255144285714
Streptococcus pneumoniae	0.0641102457142857
Lactococcus plantarum	2.24297886285714
Atopobium rimae	0.0164488242857143
Blautia coccoides	0.0161953114285714
Neisseria weaveri	0.0437239214285714
Acinetobacter johnsonii	0.0265833728571429
Brevundimonas vesicularis	0.0139307885714286
Porphyromonas catoniae	0.100488237142857
Pseudomonas amygdali	0.167062792857143
Solibacillus silvestris	0.130498508571429
Coprobacillus cateniformis	0.146262208571429
Anaerostipes caccae	0.105338987142857
Bacillus nealsonii	0.0460186071428571
Pseudomonas psychrophila	0.698295834285714
Streptococcus lutetiensis	1.41465285714286
Prevotella timonensis	0.0114263157142857
Slackia piriformis	0.545675714285714
Gemmiger formicilis	0.447220871428571
Actinomyces sp. ICM47	0.244534285714286
Alistipes timonensis	0.583432174285714
Pseudomonas sp. NBRC 111140	0.0296694328571429
Comamonas testosteroni	0.0434592833333333
Prevotella ruminicola	0.03744741
Leuconostoc gelidum	0.024012275
Leuconostoc lactis	0.190181413333333
Staphylococcus epidermidis	0.111410361666667
Streptococcus uberis	0.0475781966666667
Enterococcus sulfureus	0.185863166666667
Bacillus thuringiensis	6.18137325
Ruminiclostridium thermocellum	0.054136825
Lactobacillus acidophilus	0.291062883333333
Lactobacillus vaginalis	0.03495579
Actinomyces israelii	0.0133444383333333
Bifidobacterium breve	0.278831666666667
Prevotella melaninogenica	0.130425158333333
Clostridium paraputrificum	0.0654333583333333
Bacillus cohnii	0.832986726666667
Caryophanon tenue	0.0228812883333333
Exiguobacterium aurantiacum	0.77423556
Burkholderia sp.	0.642486666666667
[Clostridium] colinum	0.04070952
Leptotrichia buccalis	0.0231103783333333
Pseudomonas fulva	0.0257611
Pseudomonas taetrolens	0.112573548333333
Actinomyces turicensis	0.0364033333333333
Pseudomonas kilonensis	0.205003233333333
Carnobacterium inhibens	0.0257169066666667
Enterococcus moraviensis	0.0123421266666667
Shuttleworthia satelles	0.0164962483333333
Planococcus maritimus	0.06283281
Bacillus novalis	0.02657562
[Clostridium] aldenense	0.0299886083333333
Barnesiella viscericola	0.316925183333333
Selenomonas bovis	0.203095
Megamonas funiformis	0.351243333333333
Sutterella parvirubra	0.466662816666667
Alkaliphilus oremlandii	0.313378606666667
Bacteroides sp. 2_1_22	1.659575
Pyramidobacter piscolens	0.0824666666666667
Arthrobacter sp. KOPRI 25587	0.0244355833333333
Planococcus plakortidis	0.126482253333333
Faecalibacterium sp. MC_41	1.771742595
Brevundimonas diminuta	0.005844848
Neisseria macacae	0.017461714
Flavobacterium columnare	0.10194884
Blautia hansenii	0.017535374
Lactococcus piscium	1.88334172
Bacillus anthracis	0.03258696
Bacillus cereus	0.014945554
Bacillus licheniformis	0.012972764
Bacillus mycoides	0.07750046
Bacillus pumilus	0.14695842
Bacillus sp.	0.339928348
Lysinibacillus sphaericus	0.045618096
Bacillus lentus	0.0451061
Sporosarcina psychrophila	0.16582156
Romboutsia lituseburensis	0.19413876
Rhodococcus erythropolis	0.003078848
Cardiobacterium hominis	0.005733228
Porphyromonas asaccharolytica	0.03928
Prevotella oris	0.006926728
[Clostridium] celerecrescens	0.005943924
[Clostridium] xylanolyticum	0.0242439
Staphylococcus saprophyticus	0.014400286
Acinetobacter haemolyticus	0.047366678
Methylobacterium radiotolerans	0.013915272
Lysinibacillus macroides	0.025588078
Pedobacter antarcticus	0.76194276
Corynebacterium pseudodiphtheriticum	0.016498714
Corynebacterium accolens	0.006469202
Corynebacterium tuberculostearicum	0.01721761
Megasphaera cerevisiae	0.035099596
Acinetobacter junii	0.013793166
Stenotrophomonas maltophilia	0.007312616
Corynebacterium matruchotii	0.010554106
Enterococcus cecorum	0.005145676
Lautropia mirabilis	0.007622376
Pseudomonas corrugata	0.049434432
Lactobacillus dextrinicus	0.04166982
Tetragenococcus halophilus	0.029801762
Pseudomonas plecoglossicida	0.014009858
Brevundimonas aurantiaca	0.012735744
Bacillus halmapalus	0.0058576
Bacillus horikoshii	0.076313188
Streptococcus infantarius	0.010333398
Mogibacterium diversum	0.07939217
Mogibacterium neglectum	0.057475568
Bulleidia extructa	0.00727119
Selenomonas infelix	0.005962428
Aerosphaera taetra	0.005103308
Leptotrichia goodfellowii	0.021709156
Bacillus shackletonii	0.128504308
Lysinibacillus odysseyi	0.167234008
Acinetobacter tjernbergiae	0.011958854
Carnobacterium sp. 17-4	0.014822678
Bacillus soli	0.00586659
Pseudomonas lutea	0.058572834
Prevotella multisaccharivorax	0.09269447
Alteromonas mediterranea	0.01561829
Streptococcus gallolyticus	0.0393947
Candidatus Solibacter usitatus	0.009844036
[Clostridium] saccharogumia	0.009938902
Sporosarcina saromensis	0.027023362
Exiguobacterium sp. AT1b	0.02827084
Lachnoanaerobaculum saburreum	0.0923145
Butyricicoccus pullicaecorum	0.0095
Bacillus gaemokensis	0.013445082
Lysinibacillus xylanilyticus	0.07688564
Sporosarcina luteola	0.8516152
Anaerostipes butyraticus	0.011647142
Alistipes sp. RMA 9912	0.003779028
Arthrobacter alpinus	0.023118036
Arthrobacter sp. KOPRI 25535	0.00673358
Bacillus halosaccharovorans	0.13912802
Bacillus sp. NBRC 3527	0.005820624
Oscillibacter sp. KLE 1745	0.312622
Streptococcus sp. MR-1949	0.6008926
Paenibacillus sp. VKM B-2647	0.033144506
Bacillus sp. KCTC 13219	0.8992742
Campylobacter showae	0.0156552075
Pseudomonas stutzeri	0.05970538
Pseudomonas syringae	0.0513350975
Proteus mirabilis	0.04743
Shigella boydii	0.031852365
Haemophilus haemolyticus	0.0080468475
Fusobacterium necrophorum	0.00952873
Desulfovibrio vulgaris	0.0077111225
Capnocytophaga ochracea	0.0174452075
Porphyrobacter neustonensis	0.308234525
Peptostreptococcus anaerobius	0.011215
Micrococcus luteus	0.0138978325
Streptococcus hyointestinalis	0.0097024075
Lactococcus garvieae	0.02792875
Bacillus megaterium	0.01974089
Bacillus subtilis	0.0075629475
Sporosarcina globispora	0.0142223325
Clostridium butyricum	0.0177432625
Clostridioides difficile	0.12868885
Lactobacillus amylovorus	0.063628875
Arthrobacter globiformis	0.0139222525
Arthrobacter citreus	0.004885275
Propionibacterium propionicum	0.001805
Sphaerobacter thermophilus	0.0120336575
Acinetobacter lwoffii	0.0115302925
Butyrivibrio sp.	0.014865
Salmonella enterica	0.008546765
Actinomyces sp.	0.0265015825
Cellulosilyticum lentocellum	0.02300394
[Clostridium] sphenoides	0.0414775375
Streptococcus alactolyticus	0.05407172
Kurthia gibsonii	0.0032714725
Leuconostoc citreum	0.0807030375
Bacillus thermoamylovorans	0.0167764275
Dietzia maris	0.0122745575
Clostridium tarantellae	0.0166713225
Sphingomonas asaccharolytica	0.00431572
Corynebacterium striatum	0.101355
Rubrobacter xylanophilus	0.02588279
Streptomyces cinnamoneus	0.01307525
Paenibacillus kobensis	0.008806525
Selenomonas sputigena	0.0076106375
Parascardovia denticolens	0.005245
Caulobacter segnis	0.0042422325
[Clostridium] hiranonis	0.0636089275
Sphingomonas koreensis	0.0263735275
Acinetobacter gyllenbergii	0.0153421775
[Eubacterium] sulci	0.0269984075
Salinibacter ruber	0.012382305
Arthrobacter woluwensis	0.1534336
Paenibacillus borealis	0.019451815
Anaerolinea thermophila	0.0235463675
Gemmatimonas aurantiaca	0.0586452575
Actinomyces cardiffensis	0.0029074125
Kribbella flavida	0.0307384275
Prevotella oryzae	0.0037848925
Prevotella paludivivens	0.0872067075
Bacillus marisflavi	0.0124830025
Paenibacillus odorifer	0.00230782
Acinetobacter towneri	0.010479595
Tepidiphilus margaritifer	0.0100072625
Bacillus vietnamensis	0.0061772375
Prevotella salivae	0.5323159
Streptococcus minor	0.0225079425
Cloacibacterium normanense	0.070631685
Alkaliflexus imshenetskii	0.217573585
[Eubacterium] fissicatena	0.0047596325
Thermosediminibacter oceani	0.06462296
Roseburia faecis	0.3590375
Bacillus alkalitelluris	0.0073157075
Exiguobacterium profundum	0.0073039225
Dialister propionicifaciens	0.402654665
Porphyromonas somerae	0.0132875
Psychrobacter arcticus	0.32228496
Bacteroides gallinarum	0.0684429525
Planococcus donghaensis	0.0032714725
Actinomyces massiliensis	0.0079725
Iamia majanohamensis	0.019967305
Prevotella histicola	0.010882515
Pedobacter nyackensis	0.2267601
Butyricimonas synergistica	0.0480825
Brevundimonas naejangsanensis	0.005762485
Odoribacter laneus	0.46709062
Prevotella saccharolytica	0.8270191275
Bacillus siamensis	0.0038614425
Candidatus Babela massiliensis	0.022966745
Arthrobacter sp. KOPRI 25486	0.014728625
Acinetobacter sp. CIP 64.7	0.0086375575
Streptococcus sp. I-P16	0.091973225
Clostridium sp. KLE 1755	3.0966625
Lactococcus laudensis	0.0647277625
Sphingomonas taxi	0.0610447025
Pseudomonas sp. NBRC 111117	0.065404275
Lactococcus sp. LMG 28767	0.102577875
Clostridium sp. ATCC 25772	0.0139826425
Azospirillum lipoferum	0.00383411666666667
Campylobacter curvus	0.00248721
Helicobacter pylori	0.10750652
Pseudomonas fragi	0.152826666666667
Pseudomonas oleovorans	0.05421254
Pseudomonas putida	0.184345993333333
Ralstonia pickettii	0.00591518666666667
Methylobacterium extorquens	0.02237097
Aeromonas veronii	0.00922433666666667
Haemophilus influenzae	0.00797437
Haemophilus parahaemolyticus	0.11456012
Prevotella loescheii	0.00924777666666667
Bdellovibrio bacteriovorus	0.00338689
Capnocytophaga gingivalis	0.144111673333333
Leuconostoc carnosum	0.10539
Pediococcus pentosaceus	0.00187490333333333
Micrococcus lylae	0.00337416
Streptococcus equi	0.00591167666666667
Planococcus kocurii	0.0355153166666667
Bacillus azotoformans	0.00287240666666667
Bacillus badius	0.00274445666666667
Bacillus benzoevorans	1.733745
Paenibacillus larvae	0.00349986
Sporosarcina ureae	0.1550409
Lactobacillus brevis	0.0112333333333333
Lactobacillus helveticus	0.0102112733333333
Lactobacillus murinus	0.01719055
Lactobacillus sanfranciscensis	0.000643333333333333
Lactobacillus sharpeae	0.00285742666666667
Lactobacillus oris	0.379186666666667
Bifidobacterium pseudolongum	0.00319006
Geodermatophilus obscurus	0.00373577
Gardnerella vaginalis	0.257285013333333
Lysinibacillus fusiformis	0.0486844333333333
Prevotella buccalis	0.0142033333333333
Prevotella denticola	0.06672365
Prevotella disiens	0.0127766666666667
Cronobacter sakazakii	1.03296
Flavobacterium pectinovorum	0.063452
Pelobacter acetylenicus	0.00464965
Thauera selenatis	0.00531493666666667
Clostridium magnum	0.0584275
Moraxella atlantae	0.01957367
Clostridium saccharoperbutylacetonicum	0.0800573466666667
Terrisporobacter glycolicus	0.00068
Ruminococcus sp.	0.515303333333333
Rubrobacter radiotolerans	0.0537876733333333
Enterococcus dispar	0.0200083566666667
Capnocytophaga granulosa	0.0185719166666667
Actinomyces denticolens	0.00211700333333333
Pseudomonas resinovorans	0.0592296366666667
Enterococcus asini	0.0651424333333333
[Desulfotomaculum] guttoideum	0.00818859333333333
Paenibacillus sp.	0.00421902666666667
Dehalococcoides mccartyi	0.0313331666666667
Paenibacillus mucilaginosus	0.0100065266666667
Bacillus clausii	0.00925965333333333
Thauera sp. MZ1T	0.00571647
Mogibacterium vescum	0.05018298
Bacillus flexus	0.00338689
Bacillus halodurans	0.0193640066666667
Sphingomonas aquatilis	0.00417351666666667
Pseudomonas alcaliphila	0.02601009
Veillonella ratti	0.06611132
Acinetobacter bereziniae	0.01163842
Acinetobacter nosocomialis	0.00570858
Actinomyces lingnae	0.0142460233333333
Sporosarcina aquimarina	0.00319006
Roseiflexus castenholzii	0.00695477666666667
Weissella cibaria	0.02027712
Collinsella stercoris	0.0365233333333333
Lactobacillus intestinalis	0.00514579
Bifidobacterium scardovii	0.0044757
Caminicella sporogenes	0.0300627333333333
Thermobaculum terrenum	0.01080249
Blautia schinkii	0.00384874
Paludibacter propionicigenes	0.00387870333333333
bacterium YIM-kkny4	0.0180830266666667
Dickeya dadantii	0.0596920333333333
Comamonas aquatica	0.00574481666666667
Prevotella shahii	0.155043946666667
Staphylococcus equorum	0.06889
Viridibacillus arvi	0.0210590666666667
Bacillus muralis	0.00417351666666667
Novosphingobium naphthalenivorans	0.0038491
Porphyromonas uenonis	0.00602424
[Clostridium] clariflavum	0.0252902233333333
Janibacter anophelis	0.00932359
Bacillus infantis	0.00222997333333333
Nitrospira defluvii	0.0082475
Acidovorax sp. KKS102	0.00568753333333333
Solirubrobacter soli	0.01996599
Bacillus acidiceler	0.0168268666666667
Bacteroides salanitronis	0.03141
Bacillus butanolivorans	0.00569986333333333
Nitriliruptor alkaliphilus	0.18580358
Pedobacter steynii	0.08567646
candidate division TM7 single-cell isolate TM7b	0.01518
Glaciecola sp. HTCC2999	0.00661013
Steroidobacter denitrificans	0.119530166666667
Ilumatobacter coccineus	0.01058635
Paenibacillus sp. Y412MC10	0.00381751333333333
Butyricimonas virosa	0.0626651333333333
Planococcus salinarum	0.00604748666666667
Bacteroides oleiciplenus	0.00250835666666667
Christensenella minuta	0.00735464333333333
Sporosarcina thermotolerans	0.00368395333333333
Prevotella sp. oral taxon 299	0.0458463366666667
Pseudomonas composti	0.0222154933333333
Bacillus luteolus	0.0126996033333333
Bacteroides rodentium	0.00466699666666667
Rahnella sp. Y9602	0.0132364266666667
Stomatobaculum longum	0.00248333333333333
Pseudomonas deceptionensis	0.0258363833333333
Arthrobacter sp. KOPRI 25808	0.00274445666666667
Brevundimonas sp. NBRC 101767	0.00473977666666667
Pedobacter oryzae	0.0369047566666667
Rubellimicrobium mesophilum	0.0194054833333333
Magnetococcus marinus	0.00932162
Acinetobacter oleivorans	0.0127888166666667
Synechococcus sp. PCC 7502	0.0472834233333333
Bacillus abyssalis	0.0457473
Candidatus Nitrosopumilus sp. AR2	0.45452665
Geobacter sp. DSM 9736	0.00411232666666667
Streptococcus sp. MR-1933	0.0103685366666667
Rheinheimera japonica	0.00472078
Ruminococcus sp. DSM 100440	0.0146532933333333
Lysinibacillus sp. VKM B-713	0.00891990666666667
Flectobacillus major	0.00466708
Campylobacter concisus	0.0284997
Paracoccus denitrificans	0.002846005
Methylococcus capsulatus	0.002211855
Alcaligenes faecalis	0.005421625
Citrobacter koseri	0.07374
Providencia rettgeri	0.00513
Arsenophonus nasoniae	0.00731193
Aeromonas hydrophila	0.003928135
Plesiomonas shigelloides	0.63743932
Aggregatibacter aphrophilus	0.11652
Campylobacter gracilis	0.006419585
Campylobacter ureolyticus	0.002132355
Fibrobacter succinogenes	0.004979455
Fusobacterium perfoetens	36.58055
Pedobacter heparinus	0.01524482
Flavobacterium hydatis	0.04057102
Capnocytophaga sputigena	0.2063993
Nitrosospira multiformis	0.006701725
Clostridium ventriculi	0.03821673
Kytococcus sedentarius	0.00647583
Staphylococcus sciuri	0.065590355
Streptococcus pyogenes	0.002211855
Streptococcus equinus	0.029485835
Paenibacillus polymyxa	0.002868475
Bacillus mannanilyticus	0.003809655
Paenibacillus pabuli	0.00350501
Bacillus simplex	0.003621105
Clostridium acetobutylicum	0.00637095
Paraclostridium bifermentans	0.00834933
[Clostridium] purinilyticum	0.001904825
Clostridium sp. ATCC 29733	0.0629035
Clostridium beijerinckii	0.01855228
Clostridium baratii	0.00636285
Lactobacillus animalis	0.004893745
Kandleria vitulina	0.312542705
Corynebacterium glutamicum	0.008357575
Mycobacterium intracellulare	0.004480495
Streptomyces diastaticus	0.00238131
Tropheryma whipplei	0.027455
Mycoplasma orale	0.19326282
Haliscomenobacter hydrossis	0.026883
Vagococcus fluvialis	0.00476262
Carnobacterium divergens	0.003482535
Carnobacterium mobile	0.00350501
Brochothrix thermosphacta	0.178836175
Brevundimonas bullata	0.00597656
Anaerobiospirillum succiniciproducens	0.007724825
Sphingomonas paucimobilis	0.4498935
Sphingobium yanoikuyae	0.012058085
Prevotella intermedia	0.004584755
Prevotella veroralis	0.02732973
Sphingomonas adhaesiva	0.005581245
Clavibacter michiganensis	0.0173232
Clostridium sardiniense	0.00332249
Helicobacter canis	0.01103122
Bradyrhizobium elkanii	0.009299355
Thermoleophilum album	0.01144447
Anaerococcus prevotii	0.194163385
Anaerococcus vaginalis	0.0186205
Pseudomonas viridiflava	0.07614175
Brevibacillus thermoruber	0.003367435
Acidocella aminolytica	0.23862745
Comamonas sp.	0.009005
Mogibacterium timidum	0.01962234
Streptomyces mobaraensis	0.004644605
Pseudobacteroides cellulosolvens	0.00657996
Porphyromonas cangingivalis	0.005694395
Thermus scotoductus	0.00341427
Kocuria kristinae	0.0037213
Glutamicibacter protophormiae	0.004979455
Corynebacterium genitalium	0.00620684
[Eubacterium] contortum	0.00818841
[Eubacterium] yurii	0.043643085
Acinetobacter radioresistens	0.011605585
Sneathia sanguinegens	5.804569
Actinobacillus sp.	0.01015
Desulfotomaculum thermocisternum	0.00636285
Tissierella praeacuta	0.00642216
Pseudomonas alcaligenes	0.02150864
Bradyrhizobium liaoningense	0.02756325
Caldanaerobius polysaccharolyticus	0.04996377
Brevibacillus borstelensis	0.00665566
Salinicoccus roseus	0.00223433
Brachybacterium conglomeratum	0.002211855
Prosthecobacter vanneervenii	0.00238131
Prosthecobacter debontii	0.00238131
Actinomyces gerencseriae	0.003153035
Bosea thiooxidans	0.004480495
Nocardiopsis alba	0.005035385
Acidimicrobium ferrooxidans	0.0127257
Ralstonia sp.	0.09421
Schwartzia succinivorans	0.017922005
Sphingomonas echinoides	0.05543247
Paenibacillus chibensis	0.001904825
Streptomyces catenulae	0.00211241
Rheinheimera baltica	0.003482535
Streptococcus peroris	0.00112
Brevundimonas bacteroides	0.008185685
Brevundimonas subvibrioides	0.002403785
Pseudonocardia alaniniphila	0.004423715
Campylobacter hominis	0.015755
Prevotella bryantii	0.004480495
Prevotella albensis	0.011672125
Scardovia inopinata	0.005345
Bifidobacterium merycicum	0.0199669
Delftia acidovorans	0.072668855
Succinivibrio dextrinosolvens	0.04147295
Clostridium aceticum	0.00939207
Clostridium sartagoforme	0.1409162
Bacteroides acidifaciens	0.04146925
Pseudomonas thivervalensis	0.01497542
Jeotgalibacillus marinus	0.00433109
Bacillus niacini	0.00860543
Anaerorhabdus furcosa	0.016265
Caldilinea aerophila	0.14883735
Fusobacterium equinum	0.09691215
Selenomonas noxia	0.003367435
Mycoplasma haemocanis	0.00238131
Olsenella profusa	0.002325
Shimazuella kribbensis	0.00491622
Streptococcus pasteuri	0.006146015
Filifactor alocis	0.005198815
Paracoccus yeei	0.00608068
Gemella cuniculi	0.002211855
Cellvibrio japonicus	0.007134835
Jeotgalicoccus psychrophilus	0.003482535
Sphingomonas wittichii	0.00608068
Corynebacterium kroppenstedtii	0.003876175
Marvinbryantia formatexigens	0.05367
Paenibacillus anaericanus	0.006196775
Mycoplasma verecundum	0.08259082
Paenibacillus sp. DSM 1474	0.001904825
Bacillus sp. LMG 20243	0.003367435
Brachybacterium fresconis	0.005035385
Rheinheimera pacifica	0.002211855
Oceanobacillus iheyensis	0.00860543
Sneathia amnii	3.931555
Methylocystis sp. SC2	0.010777105
Corynebacterium sphenisci	0.002211855
Neisseria sp.	0.01396
Sphingomonas sp. ATCC 31555	0.01669866
Aeromonas dhakensis	0.0203659
Rhodoplanes cryptolactis	0.005261575
Flavobacterium gelidilacus	0.0235975
Bacillus pichinotyi	0.002403785
Chryseobacterium molle	0.003482535
Psychrobacter adeliensis	0.102806805
Bacillus drentensis	0.00575943
Methylobacterium populi	0.00350501
Enhydrobacter aerosaccus	0.04744755
Brevibacterium celere	0.04701757
Lactobacillus saerimneri	0.047525
Flavobacterium frigoris	0.01494115
Sutterella stercoricanis	0.025899
Lactobacillus tucceti	0.003367435
Prevotella bergensis	0.004414705
Bifidobacterium thermacidophilum	0.001904825
Mahella australiensis	0.002403785
Phenylobacterium koreense	0.003981495
Atopococcus tabaci	0.003809655
Methylobacterium hispanicum	0.010777105
Nesterenkonia sandarakina	0.00481
Nocardioides alkalitolerans	0.00332249
Jannaschia sp. CCS1	0.15660015
Lactobacillus harbinensis	0.003928135
Chryseobacterium vrystaatense	0.011106625
Sporosarcina koreensis	0.004263665
Paenibacillus barengoltzii	0.001904825
Pectinatus haikarae	0.442993855
Micavibrio aeruginosavorus	0.00446866
Clostridium cavendishii	0.186219355
Brevundimonas aveniformis	0.007079395
Nisaea denitrificans	0.01377782
Sphingomonas jaspsi	0.00680459
Coraliomargarita akajimensis	0.00665566
Lactobacillus equigenerosi	0.001904825
Epilithonimonas lactis	0.01171828
Prevotella nanceiensis	0.30765335
Rhodoplanes piscinae	0.00763336
Bacillus longiquaesitum	0.03999577
Rudanella lutea	0.045755
Singulisphaera acidiphila	0.007087185
Devosia yakushimensis	0.002211855
Bacillus sp. YIM C579	0.00378718
Sporosarcina sp. YIM C303	0.00341427
Acidocella aluminiidurans	0.2650554
Pseudomonas sabulinigri	0.02768227
Anaerobacillus alkalidiazotrophicus	0.001904825
Modestobacter marinus	0.0118498
Lactobacillus otakiensis	0.04074
Porphyromonas bennonis	0.002115
Methylobacterium soli	0.007793535
Clostridium sp. D5	0.47244
Micrococcus yunnanensis	0.001904825
Prevotella scopos	0.00573696
Corynebacterium pyruviciproducens	0.04595685
Parasutterella secunda	0.04048029
Aeromonas sanarellii	0.03847503
marine bacterium SIMO-4474	0.00382144
Vasilyevaea enhydra	0.00945909
Paenibacillus pinihumi	0.002846005
Microvirga aerilata	0.01068243
Enterorhabdus caecimuris	0.0446
Bacteroides sartorii	0.1817525
Rubellimicrobium roseum	0.00382144
Kofleria flava	0.01090865
Paracoccus sp. MBIC3345	0.03909663
Bacteroides stercorirosoris	0.06330186
Bacteroides faecichinchillae	0.003153035
Parabacteroides chinchillae	0.00785972
Pseudoalteromonas arabiensis	0.059393545
Bacillus sp. IHB B 4043	0.003621105
Arthrobacter sp. KOPRI 25515	0.003391795
Alistipes sp. HGB5	6.717855
Eggerthella sp. HGA1	0.74109
Youngiibacter multivorans	0.004263665
Haemophilus sputorum	0.04429568
Psychrobacter sp. NBRC 15736	0.05941515
Sporosarcina sp. NBRC 100704	0.003843915
Bacillus sp. NBRC 101285	0.01287359
Bacteroides reticulotermitis	0.00734673
Acinetobacter sp. CIP 101966	0.004753215
Paenibacillus sp. YIM 110206	0.0190258
Flavobacterium akiainvivens	0.046094105
Oscillibacter sp. KLE 1728	0.248035
Ornithinimicrobium sp. CPCC 203535	0.005421675
Bradyrhizobium diazoefficiens	0.01817117
Thermofilum sp. 1910b	0.008961005
Bacillus sp. KMM 6752	0.008085105
Micrococcus aloeverae	0.00749189
Rhodoferax saidenbachensis	0.002211855
Nocardiopsis sp. NRRL B-16309	0.01195311
Paenibacillus sp. IHBB 10380	0.002211855
Caviibacter abscessus	0.02432275
Nocardioides intraradicalis	0.009468515
Pelobacter carbinolicus	0.00288027
Lysobacter enzymogenes	0.0212359
Spirosoma linguale	0.0148137
Gemmata obscuriglobus	0.0282353
Treponema bryantii	0.0230421
Novispirillum itersonii	0.00254136
Flavobacterium aquatile	0.0406618
Chryseobacterium balustinum	0.00254136
Empedobacter brevis	0.0177895
Chryseobacterium gleum	0.00508272
Chryseobacterium indologenes	0.00508272
Chryseobacterium indoltheticum	0.0304963
Ralstonia solanacearum	0.00707864
Xanthomonas oryzae	0.00941176
Agrobacterium sp.	0.00109
Bradyrhizobium japonicum	0.00188235
Mesorhizobium loti	0.0131765
Methylobacillus flagellatus	0.00254136
Methylobacillus glycogenes	0.0101654
Acinetobacter baumannii	0.0127068
Acinetobacter calcoaceticus	0.00707864
Acinetobacter sp.	0.00324
Moraxella nonliquefaciens	0.00254136
Moraxella catarrhalis	0.0228722
Neisseria flavescens	0.00484
Neisseria lactamica	0.00564706
Neisseria canis	0.00254136
Neisseria elongata	0.0115638
Kingella denitrificans	0.0170882
Shimwellia blattae	0.341763
Xenorhabdus nematophila	0.00707864
Aeromonas salmonicida	0.00254136
Photobacterium phosphoreum	0.0170882
Vibrio alginolyticus	0.113258
[Haemophilus] parasuis	0.00854409
Rickettsia prowazekii	0.00188235
Fusobacterium gonidiaformans	0.07928
Desulfovibrio fructosivorans	0.00376471
Desulfobulbus propionicus	0.00376471
Nitrosomonas europaea	0.00254136
Starkeya novella	0.0158103
Thiobacillus thioparus	0.00376471
Anaplasma phagocytophilum	0.00188235
Flexibacter flexilis	0.00707864
Sphingobacterium mizutaii	0.00188235
Bergeyella zoohelcum	0.0566292
Chloroflexus aurantiacus	0.00188235
Prochlorothrix hollandica	0.00508272
Staphylococcus intermedius	0.0283146
Deinococcus radiodurans	0.00376471
Streptococcus sobrinus	0.00068
Streptococcus downei	0.00531491
Faecalicoccus pleomorphus	0.00490124
Streptococcus ratti	0.0019273
Enterococcus gallinarum	0.00921
Enterococcus columbae	0.00490124
Brevibacillus brevis	0.00288027
Bacillus circulans	0.0019273
Bacillus coagulans	0.0038546
Bacillus fastidiosus	0.00288027
Geobacillus kaustophilus	0.0141573
Virgibacillus pantothenticus	0.00288027
Bacillus smithii	0.0019273
Virgibacillus halodenitrificans	0.00531491
Clostridium botulinum	0.00707864
Hathewaya histolytica	0.0849437
Clostridium septicum	0.0212359
Clostridium longisporum	0.00188235
Moorella thermoacetica	0.0141603
Clostridium cadaveris	0.0117123
Clostridioides mangenotii	0.0158103
Terrisporobacter mayombei	0.0160051
[Clostridium] oroticum	0.00770921
Desulfosporosinus orientis	0.00188235
Fructobacillus fructosus	0.00254136
Renibacterium salmoninarum	0.00254136
Erysipelothrix rhusiopathiae	0.00508272
Actinomyces bovis	0.00188235
Trueperella pyogenes	0.00508272
Brevibacterium epidermidis	0.00490124
Brevibacterium sp.	0.02919
Cellulomonas fimi	0.00254136
Corynebacterium diphtheriae	0.00607977
Corynebacterium renale	0.00533504
Corynebacterium xerosis	0.00254136
Corynebacterium variabile	0.01267
Eubacterium oxidoreducens	0.00564706
[Eubacterium] tenue	0.00707864
Mycobacterium neoaurum	0.00941176
Mycobacterium vaccae	0.00376471
Nocardia asteroides	0.00254136
Rhodococcus fascians	0.00941176
Nocardioides jensenii	0.00376471
Saccharomonospora viridis	0.00941176
Streptomyces bikiniensis	0.00376471
Streptomyces griseus	0.00376471
Nocardiopsis dassonvillei	0.00254136
Thermobifida fusca	0.0527059
Aeromicrobium erythreum	0.00254136
Mobiluncus curtisii	0.00614
Gordonia terrae	0.00707864
Pseudonocardia autotrophica	0.00188235
Mycoplasma arthritidis	0.0158103
Mycoplasma fermentans	0.00188235
Mycoplasma salivarium	0.0316206
Desulfomonile tiedjei	0.00288027
Teredinibacter turnerae	0.00607977
Verrucomicrobium spinosum	0.00188235
Vagococcus salmoninarum	0.00508272
Marinobacter hydrocarbonoclasticus	0.00254136
Halomonas elongata	0.00254136
Carnobacterium gallinarum	0.00762408
Brochothrix campestris	0.665837
Globicatella sanguinis	0.0019273
Acidothermus cellulolyticus	0.00188235
Campylobacter upsaliensis	0.0212359
Burkholderia gladioli	0.00918695
Tannerella forsythia	0.376716
Bacteroides zoogleoformans	0.104196
Prevotella buccae	0.0134911
Prevotella corporis	0.00762408
Prevotella oulorum	0.00188235
Bisgaard Taxon 3	0.00376471
Capnocytophaga cynodegmi	0.00254136
Arcobacter butzleri	0.00490124
Sphingomonas parapaucimobilis	0.00254136
Sphingomonas sp.	0.00188235
Cobetia marina	0.0141573
Komagataeibacter xylinus	0.00790514
Neisseria subflava	0.02716
Sphingobacterium multivorum	0.00376471
Nocardioides plantarum	0.00188235
Clostridium chartatabidum	0.00576053
Pseudonocardia halophobica	0.00188235
Psychrobacter phenylpyruvicus	0.0177895
Pseudomonas flavescens	0.0101654
Rhizobium etli	0.00707864
Brucella suis	0.00490124
Yersinia ruckeri	0.00607977
Mycoplasma haemofelis	0.00531491
Flavobacterium saccharophilum	0.0381204
Flavobacterium succinicans	0.0432031
Pelobacter propionicus	0.0547251
Rhodothermus marinus	0.00376471
Acholeplasma axanthum	0.00188235
Janthinobacterium lividum	0.00707864
Brevibacterium iodinum	0.00188235
Comamonas terrigena	0.0778651
Anaerococcus hydrogenalis	0.0101654
Sphingomonas sanguinis	0.0148137
Sphingopyxis terrae	0.00508272
Bifidobacterium thermophilum	0.00188235
Mycoplasma agassizii	0.00790514
Geobacillus thermodenitrificans	0.0212359
Enterococcus avium	0.05209
Paracoccus aminophilus	0.0019273
Paracoccus aminovorans	0.127416
Rhodospirillum centenum	0.00376471
Variovorax paradoxus	0.00188235
Riemerella anatipestifer	0.0141573
Sphingobacterium faecium	0.0508272
[Eubacterium] nodatum	0.00707864
Geobacter sulfurreducens	0.00188235
Heliobacterium modesticaldum	0.00707864
Clostridium maximum	0.00188235
Helicobacter pullorum	0.00790514
Dermabacter hominis	0.00254136
Clostridium halophilum	0.00578191
Oxalophagus oxalicus	0.00752941
Oxobacter pfennigii	0.00288027
Porphyromonas canoris	0.00254136
[Clostridium] populeti	0.00490124
Nesterenkonia halobia	0.0304963
Corynebacterium afermentans	0.00576053
Corynebacterium jeikeium	0.00707864
Corynebacterium minutissimum	0.0019273
Corynebacterium pseudogenitalium	0.00288027
Blastococcus aggregatus	0.00752941
Bacillus oleronius	0.0019273
Skermania piniformis	0.00707864
Clostridium moniliforme	0.00564706
[Eubacterium] tortuosum	0.00585274
Eubacterium xylanophilum	0.099101
Dialister pneumosintes	0.0784198
Sphingomonas mali	0.00564706
Sphingomonas pruni	0.00762408
Saccharomonospora azurea	0.00376471
Exiguobacterium acetylicum	0.00254136
Yersinia sp.	0.00177
Halomonas salina	0.0533686
Butyrivibrio proteoclasticus	0.0283146
Brachybacterium faecium	0.00188235
Rhodococcus equi	0.0019273
Corynebacterium propinquum	0.0011
Corynebacterium urealyticum	0.0364786
Corynebacterium segmentosum	0.00740686
Paenibacillus durus	0.00188235
Paenibacillus macerans	0.0141573
Capnocytophaga sp.	0.0729129
Halomonas cupida	0.00762408
Psychrobacter urativorans	0.0787822
Psychrobacter frigidicola	0.00254136
Pseudobutyrivibrio ruminis	0.00707864
Paenibacillus apiarius	0.00188235
Sphingobium chlorophenolicum	0.00254136
Clostridium pascui	0.0115211
Clostridium chauvoei	0.00707864
Devosia riboflavina	0.00707864
Mobiluncus sp.	0.00449
Tsukamurella pulmonis	0.00707864
Deinococcus sp.	0.00682
Pedomicrobium ferrugineum	0.00376471
Pedomicrobium manganicum	0.00941176
Sporomusa sphaeroides	0.00707864
Pseudomonas oryzihabitans	0.0150588
Pseudomonas luteola	0.00707864
Marinobacterium georgiense	0.00707864
Acinetobacter pittii	0.00564706
Novosphingobium aromaticivorans	0.0212359
Pediococcus damnosus	0.00564706
Aerococcus urinaeequi	0.00254136
Acinetobacter venetianus	0.0330377
Prevotella dentalis	0.00740686
Brachyspira pilosicoli	0.12772
Acetobacterium wieringae	0.00707864
Actinomyces meyeri	0.0019273
Anaerofilum pentosovorans	0.0259224
Enterococcus mundtii	0.00288027
Pseudomonas citronellolis	0.00254136
Nocardiopsis listeri	0.0244706
Nocardiopsis lucentensis	0.00376471
Nakamurella multipartita	0.00188235
Mycobacterium mageritense	0.00376471
Thermobifida alba	0.00376471
Peptoniphilus harei	0.00165
Raoultella ornithinolytica	0.01238
Pleurocapsa minor	0.0019273
Caldicellulosiruptor owensensis	0.0106701
Janthinobacterium agaricidamnosum	0.396452
Psychrobacter glacincola	0.0482859
Deinococcus grandis	0.00376471
Sulfurospirillum arcachonense	0.00790514
Tsukamurella tyrosinosolvens	0.0283146
Actinotignum schaalii	0.02349
Chryseobacterium scophthalmum	0.00508272
Paenibacillus chondroitinus	0.00188235
Prevotella pallens	0.00980248
Shewanella amazonensis	0.0121595
Paraburkholderia glathei	0.00188235
Pseudonocardia sp.	0.00188235
Sanguibacter keddieii	0.00508272
Nocardiopsis synnemataformans	0.00254136
Acholeplasma brassicae	0.079037
Kluyvera intermedia	0.0353932
Shewanella baltica	0.00707864
Lachnoclostridium phytofermentans	0.00254136
Actinomyces europaeus	0.0019273
Streptomyces cinereoruber	0.00376471
Streptomyces griseorubiginosus	0.00376471
Sphingomonas leidyi	0.0141573
Deinococcus geothermalis	0.00490124
Curtobacterium pusillum	0.00188235
Caulobacter fusiformis	0.099101
Treponema vincentii	0.00707864
[Clostridium] cocleatum	0.0201619
Dietzia sp. CIP104289	0.00508272
Aeromonas popoffii	0.00531491
Lonsdalea quercina	0.00254136
Kocuria palustris	0.0038546
Kocuria rhizophila	0.0038546
Methylarcula marina	0.00254136
Helcococcus ovis	0.00254136
Campylobacter lanienae	0.00254136
Prevotella enoeca	0.00752941
[Eubacterium] minutum	0.00576053
Pseudonocardia hydrocarbonoxydans	0.00254136
Pseudomonas monteilii	0.193143
Myroides odoratimimus	1.36979
Sphingomonas roseiflava	0.00707864
Asticcacaulis biprosthecium	0.0495505
Halomonas pacifica	0.259219
Bifidobacterium gallicum	0.0019273
Bifidobacterium boum	0.0019273
Paenibacillus chitinolyticus	0.00188235
Acidovorax citrulli	0.00762408
Cryptosporangium arvum	0.0169412
Cryptosporangium japonicum	0.00376471
Treponema brennaborense	0.00576053
Pseudoalteromonas elyakovii	0.0212359
Paracoccus sp. MBIC3024	0.00752941
Aminobacterium mobile	0.00376471
Aminobacterium colombiense	0.00941176
Frateuria aurantia	0.0353932
Lactobacillus selangorensis	0.00288027
Atopobium vaginae	0.18019
Streptococcus pluranimalium	0.00254136
Lactobacillus nagelii	0.00288027
Trichococcus flocculiformis	0.0353932
Streptococcus ovis	0.00188235
Budvicia aquatica	0.00707864
Desulfonispora thiosulfatigenes	0.0283146
[Clostridium] thermosuccinogenes	0.00188235
Syntrophococcus sucromutans	0.00708015
Slackia exigua	0.0373453
Cryptobacterium curtum	0.01194
Thermacetogenium phaeum	0.00188235
Hydrogenophilus hirschii	0.00576053
Idiomarina abyssalis	0.0127068
Idiomarina zobellii	0.00508272
Pseudomonas halophila	0.00484661
Pseudomonas lundensis	0.0432031
Mogibacterium pumilum	0.00254136
Bacillus carboniphilus	0.0019273
Treponema primitia	0.00288027
Lactobacillus acidipiscis	0.0019273
Ignavigranum ruoffiae	0.00288027
Paracoccus sp. MBIC1145	0.00188235
Oligella urethralis	0.00531491
Paracoccus sp. MBIC4017	0.00941176
Microbacterium ketosireducens	0.00707864
Pandoraea pnomenusa	0.00707864
Dyadobacter fermentans	0.00254136
Clostridium gasigenes	0.00707864
Flavobacterium psychrophilum	0.00254136
Lactobacillus hamsteri	0.00254136
Halobacteriovorax marinus	0.00531491
Eubacterium plexicaudatum	0.0019273
Arthrobacter luteolus	0.0283146
Flavobacterium frigidarium	0.0864063
marine bacillus NRRLB-14905	0.00288027
Rhodococcus koreensis	0.00188235
Corynebacterium auriscanis	0.0038546
Papillibacter cinnamivorans	0.00752941
Cryomorpha ignava	0.00254136
Actinomyces urogenitalis	0.00980248
Riemerella columbina	0.00708015
Acetobacter orleanensis	0.00254136
Acetobacter tropicalis	0.00254136
Leptotrichia sp.	0.00012
Serratia sp. ATCC 39006	0.0141603
Lactobacillus frumenti	0.0112941
Lactobacillus algidus	0.0141573
Opitutus terrae	0.0019273
Coprothermobacter platensis	0.00188235
Acinetobacter ursingii	0.00980248
Thermoactinomyces sanguinis	0.00707864
Psychrobacter pacificensis	0.0127068
Pseudoramibacter alactolyticus	0.00740686
Cryptosporangium minutisporangium	0.00376471
Halomonas neptunia	0.00254136
Sphingopyxis alaskensis	0.00254136
Chroococcidiopsis sp. PCC 6712	0.00707864
Methylobacterium sp. LMG 19419	0.00254136
Ferrimicrobium acidiphilum	0.00288027
Actinomyces suimastitidis	0.00707864
Sphingobium xenophagum	0.00578191
Nocardiopsis halotolerans	0.00254136
Paenibacillus glycanilyticus	0.00288027
Stenotrophomonas acidaminiphila	0.00254136
Kineococcus radiotolerans	0.00490124
Cryptosporangium aurantiacum	0.00707864
Idiomarina loihiensis	0.00762408
Sphingobium amiense	0.00188235
Bradyrhizobium lupini	0.00146
Blastococcus saxobsidens	0.00188235
Trichococcus palustris	0.00564706
Lactobacillus iners	0.00707864
Streptococcus hyovaginalis	0.00508272
Arcanobacterium hippocoleae	0.00188235
Flavobacterium tegetincola	0.00254136
Bacteroides coprosuis	0.00707864
Pseudoalteromonas issachenkonii	0.0275609
Rarobacter incanus	0.00288027
Psychrobacter submarinus	0.091489
Streptococcus entericus	0.00188235
Caulobacter vibrioides	0.00707864
Anaeroglobus geminatus	0.00576053
Helicobacter winghamensis	0.0495505
Leptotrichia hofstadii	0.079037
Anaerobacillus macyae	0.00188235
Pseudomonas parafulva	0.0609927
Anaeromyxobacter dehalogenans	0.00490124
Corynebacterium camporealensis	0.00533504
Pseudomonas lini	0.00762408
Corynebacterium appendicis	0.00188235
Lactobacillus fuchuensis	0.00188235
Ilyobacter polytropus	0.00707864
Corynebacterium crenatum	0.00756
Corynebacterium aurimucosum	0.00188235
alpha proteobacterium LMG 20591	0.00564706
Mycoplasma cynos	0.00707864
Mycoplasma molare	0.00288027
Bacillus murimartini	0.0150588
Nocardioides sp. LMG 20237	0.00188235
Virgibacillus carmonensis	0.00188235
Rothia aeria	0.07633
Brachybacterium paraconglomeratum	0.00188235
Flavobacterium xinjiangense	0.0228722
Acetobacter cerevisiae	0.00254136
Clostridium colicanis	0.0141573
Delftia tsuruhatensis	0.00254136
Robinsoniella peoriensis	0.0141573
Flavobacterium limicola	0.00254136
Cellvibrio vulgaris	0.00254136
Cellvibrio fulvus	0.00254136
Agarivorans albus	0.00854409
Crocinitomix catalasitica	0.00188235
Varibaculum cambriense	0.0121595
Microvirga subterranea	0.0150588
Acidovorax valerianellae	0.00254136
Paenibacillus graminis	0.00188235
Paenibacillus elgii	0.00188235
Alcaligenes sp. VKM B-2263	0.00762408
Conexibacter woesei	0.00188235
Epilithonimonas tenax	0.00254136
Fluviicola taffensis	0.00707864
Rhodoferax ferrireducens	0.00188235
Thermoleophilum minutum	0.00376471
Lactobacillus versmoldensis	0.0141573
Cardiobacterium valvarum	0.03205
Ectothiorhodospira mobilis	0.00188235
Promicromonospora aerolata	0.00188235
Nocardioides sp. JS614	0.00941176
Roseomonas rosea	0.00707864
Porphyrobacter sanguineus	0.0141573
Virgibacillus kekensis	0.00188235
Halomonas sp. YIM-kkny11	0.00254136
Acinetobacter gerneri	0.00254136
Acinetobacter tandoii	0.00376471
Kerstersia gyiorum	0.00376471
Actinomyces nasicola	0.00707864
Bacillus arbutinivorans	0.00490124
Treponema caldarium	0.0019273
Polaromonas naphthalenivorans	0.00254136
Stenotrophomonas rhizophila	0.0381204
Spiroplasma diminutum	0.0172816
Microvirga flocculans	0.00564706
Clostridium tunisiense	0.0086408
Nocardiopsis aegyptia	0.00188235
Bacillus bataviensis	0.00188235
Thalassospira xiamenensis	0.00508272
Pelobacter massiliensis	0.00288027
Nocardiopsis alkaliphila	0.00564706
Lactobacillus gastricus	0.01574
Lactobacillus ultunensis	0.1423
Arsenicicoccus bolidensis	0.00288027
Acidovorax sp. JS42	0.00254136
Lactobacillus vini	0.00707864
Nocardiopsis ganjiahuensis	0.00376471
Pseudonocardia dioxanivorans	0.00188235
Rhizobium daejeonense	0.0141573
Nocardiopsis sp. YIM 90039	0.00188235
Haemophilus pittmaniae	0.2854
Flavobacterium psychrolimnae	0.00508272
Flavobacterium fryxellicola	0.027955
Ethanoligenens harbinense	0.0212359
Owenweeksia hongkongensis	0.00707864
Alkalibacterium psychrotolerans	0.00254136
Slackia faecicanis	0.0144013
Psychrobacter maritimus	0.0533686
Pseudomonas japonica	0.00854409
Glutamicibacter bergerei	0.00188235
Lentisphaera araneosa	0.00707864
Roseomonas gilardii	0.00188235
Janibacter melonis	0.00564706
Stenotrophomonas koreensis	0.00508272
Chryseobacterium antarcticum	0.00188235
Rhodovarius lipocyclicus	0.148652
Nesterenkonia aethiopica	0.0330377
Desulfovibrio putealis	0.00376471
Myroides pelagicus	0.00254136
Flavobacterium antarcticum	0.0330377
Flavobacterium segetis	0.00254136
Exiguobacterium marinum	0.00288027
Roseivirga ehrenbergii	0.0141573
Nocardiopsis chromatogenes	0.00376471
Jiangella gansuensis	0.00752941
Psychrobacter nivimaris	0.00762408
Sutterella sanguinus	0.00980248
Prevotella multiformis	0.0121521
Nocardia jiangxiensis	0.00254136
Leucobacter aridicollis	0.00254136
Phenylobacterium zucineum	0.00288027
Azospirillum oryzae	0.00188235
Devosia limi	0.00508272
Bacteroides helcogenes	0.00254136
Paracoccus koreensis	0.00188235
Arthrobacter sp. FB24	0.00188235
Alkalibacterium iburiense	0.0152482
Proteiniphilum acetatigenes	0.00508272
Chryseobacterium shigense	0.0101654
Adhaeribacter aquaticus	0.00376471
Nesterenkonia halophila	0.00707864
Lactobacillus oeni	0.00707864
Bacillus boroniphilus	0.00490124
Dialister micraerophilus	0.0263529
Sphingomonas yunnanensis	0.00508272
Chryseobacterium soldanellicola	0.0381204
Prolixibacter bellariivorans	0.00740686
Methylobacterium isbiliense	0.00288027
Syntrophus aciditrophicus	0.00752941
Pediococcus ethanolidurans	0.00376471
Spiroplasma tabanidicola	0.00707864
Bacillus idriensis	0.0038546
Neisseria animaloris	0.155023
Sphingomonas rhizogenes	0.00707864
Sphingomonas sp. ORS 1497	0.00188235
Rhodococcus qingshengii	0.00254136
Pontibacter roseus	0.00578191
Desulfosporosinus youngiae	0.0527059
Lactonifactor longoviformis	0.00707864
Asticcacaulis benevestitus	0.0019273
Georgenia ruanii	0.00752941
Psychrobacter sp. PRwf-1	0.210933
Alkalilimnicola ehrlichii	0.00254136
Geobacter uraniireducens	0.00288027
Bifidobacterium tsurumiense	0.00188235
Roseiflexus sp. RS-1	0.0121521
Flavobacterium aquidurense	0.121985
Ktedonobacter racemifer	0.00188235
Pseudonocardia ailaonensis	0.00188235
Gallionella capsiferriformans	0.00376471
Flavobacterium defluvii	0.00508272
Nocardiopsis terrae	0.00188235
Chryseobacterium gambrini	0.00508272
Halomonas sinaiensis	0.00762408
Methylophilales bacterium HTCC2181	0.00288027
Lactobacillus parafarraginis	0.00482
Alicyclobacillus macrosporangiidus	0.00707864
Geoalkalibacter ferrihydriticus	0.00564706
Deinococcus misasensis	0.0283146
Lactobacillus aquaticus	0.00607977
Perlucidibaca piscinae	0.0203309
Porphyromonas crevioricanis	0.0152482
Pontibacter korlensis	0.0019273
Actinomycetospora chiangmaiensis	0.00762408
Geminicoccus roseus	0.00752941
Stenotrophomonas terrae	0.00254136
Sphingomonas astaxanthinifaciens	0.0150588
Pelobacter seleniigenes	0.00288027
Prevotella pleuritidis	0.00012
Dyadobacter koreensis	0.00254136
Pseudonocardia sp. YIM 45517	0.00188235
Solimonas soli	0.00376471
Caldicellulosiruptor kronotskyensis	0.00288027
Flavobacterium cucumis	0.0127068
Natronomonas moolapensis	0.00707864
Kaistella flava	0.00707864
Brevibacterium album	0.0131765
Chryseobacterium haifense	0.226517
Ectothiorhodospira haloalkaliphila	0.00508272
Flavobacterium subsaxonicum	0.0381204
Methylobacterium platani	0.00254136
Bacillus alkalinitrilicus	0.00288027
Mycobacterium setense	0.00376471
Spirosoma spitsbergense	0.00508272
Deinococcus peraridilitoris	0.00188235
Nocardioides halotolerans	0.00564706
Lysinibacillus parviboronicapiens	0.00490124
Streptococcus henryi	0.00288027
Geobacter sp. M18	0.00254136
Chryseobacterium soli	0.00254136
Halomonas andesensis	0.00508272
Chryseobacterium aquaticum	0.00762408
Streptomyces scopuliridis	0.00188235
Roseomonas aerilata	0.00564706
Bdellovibrio exovorus	0.00254136
Chthonomonas calidirosea	0.0112941
Bacteroides sp. 3_2_5	0.0912
Polaromonas jejuensis	0.00254136
Chloracidobacterium thermophilum	0.00188235
Kribbella catacumbae	0.00707864
Cryptosporangium sp. HBUM 83975	0.00188235
Flavobacterium fluvii	0.00254136
Bacteroides sp. 3_1_19	0.34112
Halomonas sediminis	0.00254136
Microbulbifer sp. YIM C306	0.00707864
Virgibacillus sp. YIM C826	0.0019273
Geofilum rubicundum	0.00707864
Pedobacter borealis	0.0424719
Brevibacterium ravenspurgense	0.00576053
Chloroflexus sp. Y-400-fl	0.00376471
Acinetobacter soli	0.00508272
Stenotrophomonas pavanii	0.00254136
Burkholderia contaminans	0.00254136
Leucobacter chironomi	0.00188235
Spirosoma panaciterrae	0.00508272
Deinococcus gobiensis	0.00941176
Eggerthella sp. YY7918	0.0637078
Jejuia pallidilutea	0.00707864
Flavobacterium cauense	0.00254136
Nesterenkonia alba	0.00508272
Bifidobacterium mongoliense	0.0038546
Vagococcus teuberi	0.00607977
Weissella sp. KLDS 7.0701	0.00254136
Bacillus sp. CCBAU 10792	0.00188235
Paracoccus chinensis	0.00564706
Adhaeribacter terreus	0.0019273
Sphingomonas changbaiensis	0.00707864
Flavobacteriaceae bacterium 3519-10	0.0101654
Actinomyces johnsonii	0.01373
Alishewanella jeotgali	0.891135
Chryseobacterium piscicola	0.00254136
Dehalogenimonas lykanthroporepellens	0.00564706
Flavobacterium chungangense	0.00254136
Phocaeicola abscessus	0.00490124
Bacteroides sp. D2	0.56016
Pseudonocardia sp. YIM 61043	0.00376471
Spongiibacterium flavum	0.0170882
Psychrobacter sp. G	0.299881
Pedobacter luteus	0.162809
Micrococcus terreus	0.00376471
Prevotella fusca	0.00288027
Prevotella dentasini	0.00188235
Ignavibacterium album	0.0112941
Ruminococcus faecis	0.00188235
Naxibacter sp. BUZ1	0.0424719
Sphingosinicella vermicomposti	0.00969321
Aeromonas taiwanensis	0.00508272
Bacteroidetes oral taxon 274	0.00035
Pseudomonas bauzanensis	0.00254136
Pantoea calida	0.00254136
Microvirga aerophila	0.0112941
Segetibacter aerophilus	0.00188235
Selenomonas artemidis	0.00288027
Comamonas terrae	0.00762408
Stenotrophomonas panacihumi	0.00508272
Lactobacillus floricola	0.0212359
Paenibacillus jilunlii	0.00288027
Ohtaekwangia koreensis	0.00376471
Megasphaera genomosp. type_1	0.00788
Peptoniphilus sp. JCM 8143	0.00254136
Bifidobacterium sp. JCM 6439	0.00188235
Meniscus glaucopis	0.00288027
Pseudomonas flexibilis	0.00288027
Pseudonocardia rhizophila	0.00188235
Kroppenstedtia eburnea	0.00188235
Bradyrhizobium lablabi	0.00188235
Prevotella sp. JCM 6330	0.0038546
Azoarcus sp. KH32C	0.0141573
Pseudogulbenkiania sp. NH8B	0.00288027
Sulfuritalea hydrogenivorans	0.00376471
Peptoniphilus tyrrelliae	0.0607607
Bifidobacterium biavatii	0.00585274
Bacillus sp. NCIMB 11647	0.00288027
Pseudomonas aestusnigri	0.00254136
Sphingomonas endophytica	0.00740686
Methanobacterium lacus	0.00188235
Flavobacterium sp. KOPRI 25403	0.0330377
Psychrobacter sp. KOPRI 25501	0.00188235
Psychrobacter sp. KOPRI 25503	0.027955
Citricoccus sp. KMM 3890	0.00188235
Caldanaerobacter subterraneus	0.0106701
Sandaracinus amylolyticus	0.00752941
Lactobacillus saniviri	0.00941176
Lachnoanaerobaculum sp. ICM7	0.00079
Flavobacterium chilense	0.00508272
Roseimaritima ulvae	0.00288027
Deinococcus wulumuqiensis	0.00376471
Sphingobacterium sp. LMG 8345	0.00564706
Candidatus Arthromitus sp. SFB-rat-Yit	0.0637078
Corynebacterium epidermidicanis	0.099101
Dietzia sp. YIM 76027	0.0787822
Acinetobacter sp. NBRC 100985	0.0141573
Carnobacterium iners	0.00508272
Pseudonocardia yuanmonensis	0.00188235
Actinomyces sp. ICM39	0.19885
Sphingobacterium sp. NBRC 15340	0.00508272
Halomonas sp. NBRC 100990	0.027955
Psychrobacter sp. NBRC 101050	0.0508272
Psychrobacter sp. NBRC 101052	0.0508272
Bacillus sp. NBRC 101223	0.00288027
Bacillus sp. NBRC 101250	0.00576053
Hymenobacter sp. NBRC 101362	0.00188235
Brochothrix sp. NBRC 101651	0.421866
Marinobacter sp. NBRC 101709	0.00254136
Lactococcus sp. NBRC 106007	0.0019273
Weissella sp. NBRC 107245	0.00254136
Flavobacterium piscis	0.0127068
Clostridium amylolyticum	0.0604856
Fodinicurvata fenggangensis	0.00376471
Hirschia maritima	0.438876
[Spirillum] lunatum	0.00288027
Chryseobacterium carnipullorum	0.00254136
Paenibacillus beijingensis	0.0106701
Paenibacillus frigoriresistens	0.00376471
Acinetobacter sp. CIP 101934	0.148652
Acinetobacter sp. CIP 102136	0.00188235
Saccharomonospora sp. YIM M11204177	0.00188235
Draconibacterium orientale	0.134494
Vulcaniibacterium thermophilum	0.0212359
Microcoleus sp. PCC 7113	0.0212359
Fischerella sp. PCC 9339	0.00707864
Methyloligella halotolerans	0.00752941
Mesotoga prima	0.0112941
Wenyingzhuangia marina	0.0212359
secondary endosymbiont of Ctenarytaina eucalypti	0.00607977
Geobacter daltonii	0.00188235
Actinomyces sp. HPA0247	0.03413
Streptomyces sp. YIM 75781	0.00188235
Jatrophihabitans endophyticus	0.00188235
Holdemania massiliensis AP2	0.14988
Lactobacillus shenzhenensis	0.00254136
Neptunomonas sp. BPy-1	0.0201619
Mycobacterium sp. VKM Ac-1816D	0.00188235
Myroides xuanwuensis	0.00508272
Halomonas qiaohouensis	0.0228722
Idiomarina woesei	0.00508272
Microbispora amethystogenes	0.00188235
Peptoniphilus stercorisuis	0.00707864
Thermus amyloliquefaciens	0.0019273
Roseomonas alkaliterrae	0.055336
Streptomyces sp. NRRL B-3253	0.00740686
Streptomyces sp. NRRL S-920	0.00188235
Lactobacillus sp. JCM 8672	0.00188235
Actinophytocola sediminis	0.00564706
Corynebacterium sp. ATCC 6931	0.00188235
Brenneria sp. IHBB 6858	0.00531491
Anoxybacillus geothermalis	0.00254136
Flavobacterium maris	0.0228722
Mycobacterium saopaulense	0.00490124
Psychrobacter sp. DSM 5684	0.0889476
Pseudomonas weihenstephanensis	0.00508272
Flavobacterium sp. DSM 9626	0.00254136
Skermanella sp. YIM 93097	0.00254136
Pseudomonas sp. NBRC 111144	0.00762408
Chryseobacterium sp. IHB B 10212	0.00254136
Halomonas sp. JCM 11460	0.302422
Garciella sp. YIM G1-1	0.00770921
Brachybacterium sp. HBUM179121	0.00188235
Brevibacterium sp. HBUM179137-2	0.00188235
Nocardioides sp. HBUM178932	0.00188235
Bacteroides sp. MC_12	0.00254136
Bacillus nakamurai	0.00188235
Peptoniphilus sp. JCM 8141	0.00254136
Corynebacterium sp. YIM 101343	0.00254136
Corynebacterium sp. YIM 101587	0.0121595
Paenibacillus sp. BIHB4019	0.0283146
Paenibacillus sp. IHBB 9852	0.00188235
