Bacteroides ovatus	1.21196
Bacteroides uniformis	1.45757
Bacteroides vulgatus	1.494195
Bacteroides thetaiotaomicron	0.705752
Blautia obeum	0.1741
Parabacteroides distasonis	0.28162
[Clostridium] bolteae	0.0567819
Bacteroides dorei	0.06234775
[Eubacterium] eligens	0.552315
[Clostridium] symbiosum	0.06917025
Bifidobacterium longum	0.20897
Bacteroides fragilis	0.45084
Alistipes putredinis	1.05388
Akkermansia muciniphila	0.146004
Ruminococcus bromii	0.102634
Bacteroides xylanisolvens	0.04627
[Ruminococcus] gnavus	0.06862
[Eubacterium] rectale	0.06321
Bacteroides caccae	0.367482
[Ruminococcus] torques	0.17489
Alistipes onderdonkii	0.269874
[Clostridium] leptum	0.1074615
Anaerotruncus colihominis	0.05136
Roseburia hominis	0.127875
Dorea formicigenerans	0.0864599
Intestinibacter bartlettii	0.07401
Streptococcus salivarius	0.0369846
Dialister invisus	0.502104
Haemophilus parainfluenzae	0.09228295
Veillonella parvula	0.03053
Bacteroides stercoris	0.0486243
Prevotella copri	0.0222862
Roseburia intestinalis	0.04463215
Alistipes finegoldii	0.166146
Bacteroides cellulosilyticus	0.078295
[Eubacterium] hallii	0.0172735
Escherichia coli	0.232992
Parabacteroides merdae	0.44602
Parasutterella excrementihominis	0.09806
Holdemania filiformis	0.03254
Faecalibacterium prausnitzii	4.830055
Bilophila wadsworthia	0.0359907
Bacteroides intestinalis	0.03619495
Bifidobacterium pseudocatenulatum	0.24513
Alistipes shahii	0.25401
Bacteroides massiliensis	0.0297
Coprococcus comes	0.109128
Eubacterium ventriosum	0.059535
Odoribacter splanchnicus	0.25843
Streptococcus thermophilus	0.0611281
Veillonella dispar	0.0153929
Eggerthella lenta	0.011615
Bifidobacterium adolescentis	0.108262
[Eubacterium] siraeum	0.0852232
Ruminococcus lactaris	0.0874963
Roseburia inulinivorans	0.30872
Ruminococcus callidus	0.05036
Bifidobacterium breve	0.0852806
Streptococcus mitis	0.0138083
Eubacterium ramulus	0.0344783
Bacteroides nordii	0.01567
Hungatella hathewayi	0.06558
Lachnospiraceae bacterium 7_1_58FAA	0.020165
Alistipes indistinctus	0.0789979
Streptococcus parasanguinis	0.02627
Erysipelatoclostridium ramosum	0.0275247
Oscillibacter valericigenes	0.173381
Bacteroides plebeius	0.00946266
[Clostridium] citroniae	0.02256
Ruminiclostridium thermocellum	0.0702444
Veillonella atypica	0.026955
Flavonifractor plautii	0.05222
[Clostridium] indolis	0.145616
[Clostridium] saccharolyticum	0.0398804
Lachnospiraceae bacterium 5_1_63FAA	0.035425
Rothia mucilaginosa	0.01051
Dorea longicatena	0.02581
Bacteroides coprocola	0.0112714
Blautia glucerasea	0.307903
Eubacterium desmolans	0.073425
[Clostridium] spiroforme	0.129301
Collinsella aerofaciens	0.09868
Bacteroides eggerthii	0.0105472
Coprococcus eutactus	0.022992
Barnesiella viscericola	0.0458505
Blautia producta	0.0267833
Sporobacter termitidis	0.066894
[Clostridium] methylpentosum	0.0231741
Clostridiales bacterium 1_7_47FAA	0.03066
[Clostridium] saccharogumia	0.0154689
Alistipes timonensis	0.03873445
Streptococcus oralis	0.0164533
Clostridium tertium	0.02484845
[Clostridium] asparagiforme	0.09033
Anaerostipes hadrus	0.0141
Lachnospiraceae bacterium 1_1_57FAA	0.14167
Prevotella ruminicola	0.0170563
Faecalibacterium sp. MC_41	7.235615
Ruminococcus flavefaciens	0.01476175
Gordonibacter pamelaeae	0.00855
Lachnospiraceae bacterium 3_1_46FAA	0.0265
Bacteroides fluxus	0.0794346
Christensenella minuta	0.0272624
Desulfovibrio desulfuricans	0.025217
Anaerofilum pentosovorans	0.0190803
Anaerostipes caccae	0.01292
Burkholderiales bacterium 1_1_47	0.15151
[Clostridium] propionicum	0.02851675
Parabacteroides goldsteinii	0.00842972
[Clostridium] clariflavum	0.0169071
Anaerostipes butyraticus	0.0130608
Clostridium maximum	0.00977631
Parabacteroides johnsonii	0.02210915
Ruminococcus champanellensis	0.009166265
Bifidobacterium animalis	0.01801275
[Eubacterium] sulci	0.02225525
Acidaminococcus intestini	0.04208105
[Clostridium] clostridioforme	0.01772
Bifidobacterium gallicum	0.0464068
Ruminococcus albus	0.0288953
Blautia coccoides	0.0128095
[Clostridium] neopropionicum	0.02124965
Bifidobacterium bifidum	0.145385
Clostridium saccharoperbutylacetonicum	0.0212894
[Clostridium] innocuum	0.00984278
Prevotella buccalis	0.01503595
[Clostridium] sphenoides	0.0221188
Lachnospiraceae bacterium 3_1_57FAA_CT1	0.06034
Klebsiella pneumoniae	0.062565
[Clostridium] xylanolyticum	0.0160582
Actinomyces odontolyticus	0.00784
Prevotella oris	0.00968382
Dehalococcoides mccartyi	0.0107285
Pseudoflavonifractor capillosus	0.0112854
Caldilinea aerophila	0.00624893
Tyzzerella nexilis	0.26811
Streptococcus suis	0.00909532
Bacillus nealsonii	0.0128293
Bacteroides finegoldii	0.0140601
[Clostridium] aldenense	0.0109794
Bifidobacterium catenulatum	0.02283465
Coprococcus catus	0.06363
Prevotella fusca	0.0092993
Pseudomonas aeruginosa	0.008303685
Bacillus megaterium	0.0113277
Paraprevotella clara	0.01322945
Eubacterium xylanophilum	0.0855286
Bacteroides helcogenes	0.00769645
Bacillus thuringiensis	0.008285385
[Clostridium] colinum	0.014316
Paludibacter propionicigenes	0.00577198
Lachnospiraceae bacterium 2_1_58FAA	0.027155
Enterococcus faecium	0.0121276
Bacteroides stercorirosoris	0.00598319
Bifidobacterium dentium	0.00687635
Bifidobacterium choerinum	0.0207633
Coprobacillus cateniformis	0.01082053
Erysipelotrichaceae bacterium 2_2_44A	0.005895
Enterobacter cloacae	0.05428
Salmonella enterica	0.008599965
Bacteroides barnesiae	0.00672541
Ignavibacterium album	0.005488725
Alistipes obesi	0.300115
Lactococcus lactis	0.00864
Anaerolinea thermophila	0.00530631
Enterococcus casseliflavus	0.0167327
Staphylococcus aureus	0.01056
Clostridium perfringens	0.00881601
Clostridium sp. ATCC 29733	0.00852418
Peptoniphilus lacrimalis	0.0126788
Blautia schinkii	0.00785968
Barnesiella intestinihominis	0.74362
Holdemanella biformis	0.02566895
[Clostridium] scindens	0.00749179
[Clostridium] celerecrescens	0.00827035
Thermobaculum terrenum	0.00797368
Prevotella timonensis	0.00861147
[Eubacterium] brachy	0.00766401
Pseudomonas psychrophila	0.00822267
Bacteroides coprosuis	0.0149992
Bacteroides salyersiae	0.03437
Bacteroides sp. MC_16	0.0241034
Fusobacterium nucleatum	0.00907803
Prevotella denticola	0.0115216
Staphylococcus epidermidis	0.00871897
Streptococcus australis	0.0104
Bifidobacterium scardovii	0.011607
Bacteroides faecis	0.00924
Bacteroides paurosaccharolyticus	0.00531745
Clostridium ventriculi	0.00877175
Gemella haemolysans	0.0067269
Porphyromonas cangingivalis	0.0157575
[Clostridium] thermosuccinogenes	0.0208244
Lactobacillus sp. NBRC 107185	0.00996703
Dendrosporobacter quercicolus	0.0087804
Bifidobacterium tsurumiense	0.0182989
Bacteroides coprophilus	0.00490918
Bacillus gaemokensis	0.0149992
Bifidobacterium boum	0.0110988
Dialister micraerophilus	0.0101823
Bifidobacterium saguini	0.0230974
Ruminococcus sp. DSM 100440	0.0209412
Clostridium beijerinckii	0.005564095
Lactobacillus casei	0.008331015
Bacteroides gallinarum	0.00448119
Dehalogenimonas lykanthroporepellens	0.005193165
Alistipes senegalensis	0.0129
Streptococcus sanguinis	0.00589
Corynebacterium tuberculostearicum	0.00848572
Erysipelotrichaceae bacterium 6_1_45	0.00897
Bacteroides graminisolvens	0.00690942
Bacteroides rodentium	0.00896178
Bifidobacterium biavatii	0.0194685
Streptococcus agalactiae	0.00538825
Anaerocolumna aminovalerica	0.00635639
[Eubacterium] fissicatena	0.00468643
Finegoldia magna	0.0238784
Porphyromonas asaccharolytica	0.0190803
[Eubacterium] dolichum	0.0158078
Pediococcus acidilactici	0.008839645
Bacillus pumilus	0.00658542
Prevotella bivia	0.00550029
Clostridium paraputrificum	0.005254525
Bacteroides sartorii	0.004805995
Oxalobacter formigenes	0.00968382
Lactobacillus plantarum	0.00618238
Clostridium tarantellae	0.00491111
Porphyromonas catoniae	0.0120212
Butyrivibrio crossotus	0.00413087
Brevibacillus choshinensis	0.00573132
Anaerofustis stercorihominis	0.00561545
Prevotella shahii	0.00769645
Porphyromonas uenonis	0.00896298
Eggerthella sp. YY7918	0.0128293
Bacteroides luti	0.437662
Peptoniphilus sp. JCM 8141	0.0169281
Clostridium septicum	0.01057295
Clostridium chartatabidum	0.007791185
Pseudomonas viridiflava	0.004709865
Clostridium sartagoforme	0.00697336
Bacillus flexus	0.007190545
Desulfosarcina cetonica	0.00697496
Solobacterium moorei	0.009385
Prevotella oryzae	0.00434609
Sutterella parvirubra	0.0150579
Streptococcus uberis	0.00573132
Eubacterium plexicaudatum	0.00520427
Adlercreutzia equolifaciens	0.00884
Lachnospiraceae bacterium 1_4_56FAA	0.03138
Prevotella buccae	0.0117681
Bacteroides oleiciplenus	0.00907803
Lachnospiraceae bacterium 8_1_57FAA	0.080505
Bacteroides faecichinchillae	0.00483963
Clostridiaceae bacterium JC118	0.01661
Bacteroides reticulotermitis	0.00561738
Cellulosilyticum lentocellum	0.00472813
Blautia hydrogenotrophica	0.0113707
Enterococcus moraviensis	0.00795946
Bacteroides propionicifaciens	0.00709774
Lachnospiraceae bacterium 5_1_57FAA	0.00865
[Clostridium] stercorarium	0.004961235
Lactobacillus delbrueckii	0.00590003
Streptococcus alactolyticus	0.00736297
Anaerococcus prevotii	0.0143209
Proteus mirabilis	0.00491111
Prevotella corporis	0.0270654
Actinomyces meyeri	0.0069735
Prevotella paludivivens	0.019187
Truepera radiovictrix	0.00443164
Sphingobacterium sp. LMG 8345	0.00365979
Haemophilus sputorum	0.01035
Megasphaera elsdenii	0.0274925
Atopobium parvulum	0.005193165
Bacillus licheniformis	0.00481962
Prevotella melaninogenica	0.006672075
Anaerococcus hydrogenalis	0.01815505
[Eubacterium] contortum	0.004961235
Acinetobacter bereziniae	0.00455917
Granulicatella elegans	0.00660881
Varibaculum cambriense	0.009088465
Bacteroides pyogenes	0.006403935
Pseudomonas fluorescens	0.00946925
Pseudomonas stutzeri	0.0069808
Bifidobacterium pseudolongum	0.00687829
Corynebacterium variabile	0.00486713
Prevotella veroralis	0.0201288
Tissierella praeacuta	0.0230974
Lactobacillus intestinalis	0.00499975
Prevotella multiformis	0.00848572
Lactonifactor longoviformis	0.00471309
Alistipes sp. RMA 9912	0.00599377
Pseudomonas deceptionensis	0.00954016
Acidaminococcus fermentans	0.008673885
Terrisporobacter mayombei	0.016409
Anaerococcus lactolyticus	0.016588
Lactobacillus rhamnosus	0.01472715
Streptococcus infantarius	0.00426201
Paraprevotella xylaniphila	0.007678225
Bacteroides clarus	0.058735
Citrobacter freundii	0.0104712
Desulfovibrio vulgaris	0.00503221
Streptococcus vestibularis	0.00982222
[Clostridium] cellobioparum	0.0119875
Faecalitalea cylindroides	0.0290175
Sutterella wadsworthensis	0.103
Lactobacillus crispatus	0.00599377
Megamonas hypermegale	0.03705
Lactobacillus kefiranofaciens	0.00577101
Peptostreptococcus stomatis	0.0047
Lactococcus piscium	0.00640475
Clostridium butyricum	0.00952266
Renibacterium salmoninarum	0.00579637
Bacteroides zoogleoformans	0.004503195
Desulfovibrio fairfieldensis	0.00534933
Prevotella bryantii	0.00712309
Bacteroides acidifaciens	1.12316
Pseudomonas lutea	0.00737817
Eubacterium sp. 3_1_31	0.020575
Bifidobacterium stellenboschense	0.004442045
Mageeibacillus indolicus	0.0045702
Streptococcus pneumoniae	0.00464965
Eubacterium limosum	0.00885
Megasphaera cerevisiae	0.0065304
Acinetobacter johnsonii	0.00468669
Granulicatella adiacens	0.00437369
Bifidobacterium pullorum	0.0132949
Actinomyces lingnae	0.0043902
Hespellia stercorisuis	0.00773814
Prevotella loescheii	0.007349095
Clostridium aminobutyricum	0.01366885
Desulfomicrobium norvegicum	0.005897435
Paenibacillus sp.	0.00602866
Bulleidia extructa	0.005049635
Alkaliphilus oremlandii	0.005059135
Prevotella histicola	0.0053575
Clostridium sp. ATCC BAA-442	0.005938095
Erysipelotrichaceae bacterium 21_3	0.00327
Neisseria mucosa	0.00554939
Morganella morganii	0.0055571
Streptococcus intermedius	0.00406
Clostridium botulinum	0.004895
Lactobacillus paracasei	0.00568537
Rikenella microfusus	0.00448149
Porphyromonas circumdentaria	0.0142039
Clostridium celatum	0.0108363
Corynebacterium striatum	0.0169071
Clostridium chauvoei	0.00590737
Mitsuokella multacida	0.0117827
Peptoniphilus ivorii	0.0152734
Blautia luti	0.0380365
Collinsella intestinalis	0.00490918
Saccharofermentans acetigenes	0.00568537
Collinsella tanakaei	0.00624893
Pyramidobacter piscolens	0.01833
Sphingobacterium sp. NBRC 15340	0.00405203
Neisseria cinerea	0.006430545
Saccharicrinis fermentans	0.004592505
Bifidobacterium indicum	0.00970846
Sphingobacterium multivorum	0.00350179
Stenotrophomonas maltophilia	0.00576141
Streptococcus infantis	0.009725
Bifidobacterium reuteri	0.005068195
Sphingobacterium sp. CCBAU 10953	0.003806925
Melioribacter roseus	0.00367096
Shigella sp. SF-2015	0.00779508
Pseudomonas syringae	0.00493839
Methanobrevibacter smithii	0.0348216
Verrucomicrobium spinosum	0.00682128
[Clostridium] viride	0.0116208
Prosthecobacter debontii	0.0065304
Caldithrix abyssi	0.00509113
Lachnoanaerobaculum saburreum	0.00400705
Megamonas rupellensis	0.04393
Draconibacterium orientale	0.0065304
Candidatus Alistipes marseilloanorexicus AP11	0.6745
Victivallis sp. MC_44	0.0179236
Aggregatibacter segnis	0.00677586
Clostridium sp.	0.01051045
Lactobacillus sakei	0.00509533
Parvimonas micra	0.007995
Mogibacterium timidum	0.006225865
Bifidobacterium merycicum	0.0975454
Sphingobacterium composti Yoo et al. 2007	0.004903055
Ruminococcus sp. 5_1_39BFAA	1.21845
Parabacteroides gordonii	0.005694895
Peptoniphilus sp. JCM 8143	0.00615595
Paenibacillus sp. IHBB 10380	0.00521682
Actinomyces israelii	0.00349463
Rothia dentocariosa	0.00737826
Peptococcus niger	0.0115487
Neisseria weaveri	0.00561545
Prevotella oralis	0.00896298
Anaerococcus vaginalis	0.0180122
Clostridium quinii	0.00606355
Rubrobacter radiotolerans	0.00400705
Dysgonomonas capnocytophagoides	0.00443164
Pseudomonas fulva	0.00709648
Campylobacter hominis	0.010964
Bifidobacterium saeculare	0.0069735
[Clostridium] hylemonae	0.011587
Veillonella ratti	0.00577434
Prevotella marshii	0.00446389
Prevotella salivae	0.00468088
Clostridium amylolyticum	0.00509113
Varibaculum sp. CCUG 31793	0.00863677
Fusobacterium periodonticum	0.00552135
Clostridioides difficile	0.004947375
Lactobacillus reuteri	0.004562865
Bifidobacterium magnum	0.00472548
Acholeplasma axanthum	0.004307865
Bifidobacterium thermophilum	0.005442355
Desulfonispora thiosulfatigenes	0.00605175
Proteiniphilum acetatigenes	0.00317577
Butyricimonas virosa	0.004565
Subdoligranulum sp. 4_3_54A2FAA	0.45157
Rahnella sp. Y9602	0.00487651
Peptoniphilus asaccharolyticus	0.014685
Streptococcus mutans	0.00471
Streptococcus equi	0.00346897
[Clostridium] paradoxum	0.00554939
Halobacteriovorax marinus	0.0043902
Thioalkalivibrio versutus	0.00368908
Corynebacterium sphenisci	0.0208171
Bacillus soli	0.010476
Owenweeksia hongkongensis	0.00376577
Roseburia faecis	0.00945626
Cronobacter universalis	0.00484191
Prevotella scopos	0.00822301
Gemmiger formicilis	0.00845255
Cytophaga xylanolytica	0.005707655
Bacillus smithii	0.003700445
Gemella morbillorum	0.004250435
Abiotrophia defectiva	0.00459544
Prevotella albensis	0.00493706
Corynebacterium auriscanis	0.00500652
Actinomyces urogenitalis	0.00550029
Olsenella uli	0.01655365
Dickeya dadantii	0.0240155
Ethanoligenens harbinense	0.00553448
Ruminococcaceae bacterium D16	0.00358
Prevotella saccharolytica	0.004159475
Desulfosporosinus acidiphilus	0.007272985
Coprobacter fastidiosus	0.07466
Corynebacterium sp. ATCC 6931	0.0152214
Pseudomonas putida	0.00438649
Providencia rettgeri	0.00451947
Plesiomonas shigelloides	0.00360244
Desulfovibrio piger	0.0499133
Bacillus badius	0.00354824
Desulfosporosinus orientis	0.00411134
Lactobacillus ruminis	0.18838
Corynebacterium glutamicum	0.00349199
Propionibacterium acnes	0.00573132
Alteromonas macleodii	0.00400705
Tissierella creatinini	0.0151589
Pseudomonas resinovorans	0.00657974
[Clostridium] cocleatum	0.00881601
Bifidobacterium gallinarum	0.00376577
Leptotrichia goodfellowii	0.00299159
Megasphaera micronuciformis	0.04568
Clostridium tunisiense	0.00590737
Prevotella bergensis	0.00766401
Catabacter hongkongensis	0.014685
Emticicia oligotrophica	0.00282215
Lactobacillus parafarraginis	0.00484191
Megamonas funiformis	0.08099
Geofilum rubicundum	0.00641931
Pseudomonas chlororaphis	0.00561545
Chitinophaga eiseniae	0.0043902
Haemophilus influenzae	0.004124955
Butyrivibrio fibrisolvens	0.00536333
Streptococcus anginosus	0.005673385
Lactobacillus coryniformis	0.00507133
Actinomyces naeslundii	0.002942115
Arthrobacter citreus	0.0124581
Corynebacterium xerosis	0.03490085
Porphyromonas levii	0.004098595
Prevotella oulorum	0.00525711
Clostridium sardiniense	0.00361797
Staphylococcus saprophyticus	0.00703565
Citrobacter braakii	0.052778
[Desulfotomaculum] guttoideum	0.004916545
Papillibacter cinnamivorans	0.01462105
Acinetobacter ursingii	0.00514992
Lysinibacillus odysseyi	0.009677255
Cloacibacterium normanense	0.00467401
Pontibacillus marinus	0.005148265
Xenorhabdus innexi	0.00475348
Dialister propionicifaciens	0.0169535
Solirubrobacter soli	0.003896095
Nubsella zeaxanthinifaciens	0.00254322
candidate division TM7 single-cell isolate TM7c	0.008545
Phascolarctobacterium succinatutens	0.035265
Bifidobacterium actinocoloniiforme	0.007966985
Bacillus sp. NBRC 101250	0.005080605
Weissella sp. NBRC 107245	0.004505395
Yersinia pestis	0.003832
Aeromonas veronii	0.00437369
Clostridium carnis	0.0325089
Sporosarcina ureae	0.0128293
Lactobacillus fermentum	0.00568279
Lactobacillus sharpeae	0.00440102
Prevotella disiens	0.00762398
Legionella worsleiensis	0.00484191
Pseudomonas taetrolens	0.00855286
Desulfotomaculum acetoxidans	0.00337519
Pseudomonas plecoglossicida	0.00411134
Succinivibrio dextrinosolvens	0.00270907
Moritella marina	0.00348821
Olsenella profusa	0.00503221
Lactobacillus kunkeei	0.00490918
Prevotella sp. oral taxon 299	0.00448149
Thermincola potens	0.00769645
Paenibacillus sp. VKM B-2647	0.00472813
Haemophilus haemolyticus	0.004304915
Staphylococcus sciuri	0.004221775
Blautia hansenii	0.00584
Lactobacillus brevis	0.004628665
Lactobacillus salivarius	0.010985
Kandleria vitulina	0.1167019
Anaeroplasma bactoclasticum	0.00333931
Lactobacillus curvatus	0.004696315
Actinomyces sp.	0.009169795
Glutamicibacter protophormiae	0.006044875
Corynebacterium accolens	0.004708705
Corynebacterium minutissimum	0.005151285
Lautropia mirabilis	0.003990205
Actinomyces gerencseriae	0.003078115
Peptoniphilus harei	0.00935537
Acholeplasma brassicae	0.003290005
Caminicella sporogenes	0.00619627
Bacillus vietnamensis	0.004151235
Bacillus boroniphilus	0.00975408
Ktedonobacter racemifer	0.0030263
Uliginosibacterium gangwonense	0.00500194
Parabacteroides chinchillae	0.00328269
Salinisphaera halophila	0.005626225
Campylobacter ureolyticus	0.0101256
Aneurinibacillus aneurinilyticus	0.00357615
Bacillus methanolicus	0.00404253
[Clostridium] oroticum	0.00577101
Exiguobacterium aurantiacum	0.00563571
Pseudobacteroides cellulosolvens	0.0043902
Pseudomonas alcaligenes	0.00610973
Prosthecobacter vanneervenii	0.004895
Solibacillus silvestris	0.00312446
Weissella cibaria	0.00526926
Gemmatimonas aurantiaca	0.00354887
Aeromonas dhakensis	0.00437369
Streptococcus minor	0.00509113
Pectinatus haikarae	0.295369
Iamia majanohamensis	0.00349199
Thiothrix lacustris	0.00354497
Pedobacter luteus	0.00477008
Lachnospiraceae bacterium 9_1_43BFAA	0.00193
Pseudomonas composti	0.00484191
Bacillus halosaccharovorans	0.00490918
Lactobacillus nasuensis	0.00464965
Holdemania massiliensis AP2	0.26891
Corynebacterium humireducens	0.0338142
Acinetobacter baumannii	0.005002525
Klebsiella sp.	0.009445
Providencia stuartii	0.004756945
Arsenophonus nasoniae	0.00300362
Micrococcus luteus	0.00924107
Hathewaya limosa	0.00570852
Porphyromonas endodontalis	0.0111307
Prevotella intermedia	0.00743594
Prevotella nigrescens	0.009061025
Bacillus thermoamylovorans	0.00415948
Catonella morbi	0.00403839
Pseudobutyrivibrio ruminis	0.004389125
Rhodococcus corynebacterioides	0.00301168
Kocuria palustris	0.009429875
Bifidobacterium ruminantium	0.004044395
Oceanobacillus iheyensis	0.006163815
Bacillus marisflavi	0.004875545
Lactobacillus thailandensis	0.00458313
Odoribacter laneus	0.004875375
Bacillus luteolus	0.00453409
Chryseolinea serpens	0.003945305
Planococcus plakortidis	0.00552795
Psychrobacter sp. NBRC 15736	0.003171115
Microbacter margulisiae	0.003439925
Rouxiella sp. 323	0.005854885
Brevundimonas diminuta	0.00563571
Shigella flexneri	0.00269368
Selenomonas ruminantium	0.00234044
Brevibacillus brevis	0.0045255
Clostridium pasteurianum	0.00440801
Bifidobacterium angulatum	0.00472813
Gardnerella vaginalis	0.003832
Tannerella forsythia	0.00503221
Anoxybacillus flavithermus	0.00354824
Corynebacterium pseudogenitalium	0.00520427
Acinetobacter junii	0.0043902
Brevundimonas vesicularis	0.00368908
Lactobacillus nagelii	0.00346897
Anaerorhabdus furcosa	0.00357615
Corynebacterium testudinoris	0.0156128
Nonomuraea terrinata	0.00607804
Facklamia ignava	0.00473462
Streptococcus pasteurianus	0.0203645
Stenotrophomonas rhizophila	0.00563571
Alteromonas mediterranea	0.00411134
Erysipelotrichaceae bacterium 3_1_53	0.01486
Bacillus siamensis	0.00430979
Bacillus sp. NBRC 3527	0.00484191
Lactobacillus hominis	0.00360244
Streptomyces sp. NRRL B-3253	0.00503221
Apibacter mensalis	0.00312446
Pseudomonas sp. NBRC 111144	0.00484191
Alistipes sp. MC_19	0.00954016
Leptonema illini	0.00484258
Campylobacter concisus	0.003858575
Alcaligenes faecalis	0.002833975
Ochrobactrum anthropi	0.00715558
Shigella sonnei	0.021615
Fusobacterium mortiferum	0.00680108
Fusobacterium ulcerans	0.077995
Desulfomicrobium baculatum	0.004296115
Paenibacillus larvae	0.004469985
Clostridium malenominatum	0.006031805
Clostridium baratii	0.05763235
Lactobacillus hilgardii	0.004098945
Erysipelothrix rhusiopathiae	0.003937265
Mobiluncus mulieris	0.01741167
Carnobacterium maltaromaticum	0.00349381
Acinetobacter lwoffii	0.003533445
Rhodococcus opacus	0.00506167
Corynebacterium afermentans	0.007010845
Dialister pneumosintes	0.00429472
Pseudomonas amygdali	0.00348048
Lactobacillus dextrinicus	0.007420635
Corynebacterium coyleae	0.01092732
Mycobacterium mageritense	0.00331254
Paenibacillus alginolyticus	0.00290288
Bacillus halmapalus	0.00369112
Mogibacterium pumilum	0.01320636
[Clostridium] hiranonis	0.0075355
Sphingomonas koreensis	0.005381765
Lactobacillus iners	0.002666015
Acinetobacter tjernbergiae	0.00368908
Actinomyces nasicola	0.004889915
Effusibacillus pohliae	0.00415472
Helcococcus sueciensis	0.013191
Bifidobacterium thermacidophilum	0.00662098
Candidatus Blochmannia vafer	0.02134145
Prevotella baroniae	0.00484446
Candidatus Solibacter usitatus	0.00908498
Bacteroides salanitronis	0.003466915
Prevotella amnii	0.006351545
Marinifilum fragile	0.005327995
Bacillus sp. IHB B 2296	0.00426646
Providencia sp. BIHB 1402	0.004296115
Flavobacterium fontis	0.009098025
Geobacter sp. DSM 9736	0.00406701
Lactobacillus sp. JCM 8672	0.004346
Pseudomonas sp. NBRC 111117	0.00683811
Pseudomonas sp. NBRC 111140	0.00357534
Neisseria lactamica	0.00343914
Neisseria elongata	0.00368908
Aeromonas salmonicida	0.00320965
Fusobacterium varium	0.0092993
Desulfovibrio gigas	0.004895
Streptococcus gordonii	0.00773814
Lactococcus plantarum	0.00303177
Lactococcus raffinolactis	0.00472813
Bacillus coagulans	0.00262
Paenibacillus polymyxa	0.00265315
Geobacillus kaustophilus	0.00440102
Sporosarcina psychrophila	0.00427643
Weissella confusa	0.00386907
Lactobacillus animalis	0.00314189
Corynebacterium renale	0.00440102
Sphaerobacter thermophilus	0.0021926
Clostridium puniceum	0.00909532
Desulfitobacterium dehalogenans	0.00443164
Dietzia maris	0.00477008
Corynebacterium genitalium	0.00880204
Acholeplasma palmae	0.012346
Clostridium moniliforme	0.00490918
[Eubacterium] yurii	0.00509113
Helcococcus kunzii	0.00304284
Leptotrichia buccalis	0.00448149
Caldanaerobius polysaccharolyticus	0.00314189
Rubrobacter xylanophilus	0.00357615
Actinobacillus delphinicola	0.00542035
Actinomyces denticolens	0.00357615
Streptococcus macedonicus	0.00808505
Lachnoclostridium phytofermentans	0.00346897
Alloprevotella tannerae	0.00846644
Pseudomonas monteilii	0.00234044
Tissierella creatinophila	0.00386907
Thauera sp. MZ1T	0.00368908
Idiomarina zobellii	0.00332461
Lactobacillus mucosae	0.00367
Catenibacterium mitsuokai	1.0241
Mogibacterium diversum	0.00682128
Actinomyces suimastitidis	0.00440102
Dysgonomonas gadei	0.003832
Arthrobacter woluwensis	0.00608569
Bacillus shackletonii	0.00577434
Facklamia hominis	0.00526926
Actinomyces cardiffensis	0.00493839
Nocardioides sp. JS614	0.00354824
Spiroplasma syrphidicola	0.00843796
Bacillus galactosidilyticus	0.00599377
Bacillus oshimensis	0.0315242
Bacillus alkalitelluris	0.0026594
Alkalimonas collagenimarina	0.00349199
Stenotrophomonas pavanii	0.00484191
Peptoniphilus tyrrelliae	0.0112987
Bacillus sp. CCUG 60788	0.00405203
Clostridium sp. SY8519	0.0024692
Runella sp. NBRC 15129	0.00299159
Varibaculum sp. CCUG 45271	0.00424286
Bacillus abyssalis	0.00526926
Pseudomonas weihenstephanensis	0.014256
Corynebacterium sp. YIM 101343	0.00493839
Shimwellia blattae	0.00248373
Haemophilus paraphrohaemolyticus	0.01287205
Flavobacterium columnare	0.002668045
Capnocytophaga ochracea	0.020194875
Microscilla marina	0.008340915
Weissella paramesenteroides	0.005976695
Lactococcus garvieae	0.040265
Bacillus subtilis	0.004380085
Sporosarcina globispora	0.00376726
[Clostridium] purinilyticum	0.004419825
Clostridium tyrobutyricum	0.00396889
Lactobacillus acidophilus	0.048307775
Lactobacillus gasseri	0.0113188
Lactobacillus vaginalis	0.0118372
Corynebacterium diphtheriae	0.006844995
Acinetobacter haemolyticus	0.00414143
Pseudomonas flavescens	0.008026295
Clostridium halophilum	0.00324179
Corynebacterium pseudodiphtheriticum	0.00510878
Eubacterium ruminantium	0.005575835
Prevotella dentalis	0.003777645
Pseudomonas citronellolis	0.003727425
Desulfovibrio alaskensis	0.004554995
Slackia exigua	0.06507095
Gemella sanguinis	0.00635
Pseudomonas alcaliphila	0.003024455
Bacillus fumarioli	0.004308235
Trichococcus palustris	0.00431842
Pseudomonas parafulva	0.003446155
Dysgonomonas mossii	0.0046171
Lactobacillus pantheris	0.005321215
Anaerobiospirillum thomasii	0.003077475
Acinetobacter gerneri	0.00349369
Spiroplasma velocicrescens	0.007789045
Bacillus drentensis	0.004050825
Sutterella stercoricanis	0.1233866
Slackia faecicanis	0.01568551
Anaerosporobacter mobilis	0.00938148
Aquiflexum balticum	0.00374918
Alcanivorax dieselolei	0.005234105
Coraliomargarita akajimensis	0.028661335
Pelobacter seleniigenes	0.0021072
Pedobacter steynii	0.002658855
Bacteroides sp. 2_1_22	2.36508
Kofleria flava	0.00258144
Idiomarina woesei	0.00844947
Sphingobacterium sp. YIM 101302	0.00306674
Acinetobacter calcoaceticus	0.00563571
Moraxella nonliquefaciens	0.00354824
Neisseria macacae	0.00413087
Pantoea ananatis	0.00211314
Acidithiobacillus ferrooxidans	0.00269368
Bergeyella zoohelcum	0.00530631
Enterococcus hirae	0.00346897
Bacillus circulans	0.00762398
Bacillus sp.	0.00354887
Bacillus benzoevorans	0.00411134
Paenibacillus pabuli	0.00568279
Bacillus simplex	0.00473462
Virgibacillus halodenitrificans	0.00523999
Clostridium cylindrosporum	0.00384808
Desulfotomaculum ruminis	0.00354824
Eubacterium oxidoreducens	0.00563571
Mobiluncus curtisii	0.00404253
Spiroplasma taiwanense	0.00235655
Cronobacter sakazakii	0.00305
Yersinia kristensenii	0.00269368
[Clostridium] papyrosolvens	0.00440102
Flavobacterium pectinovorum	0.00472813
Lactobacillus johnsonii	0.00441969
Moraxella osloensis	0.00219325
Oxobacter pfennigii	0.00618238
Acinetobacter pittii	0.0331424
[Eubacterium] infirmum	0.12745
Lactobacillus zeae	0.00573132
Prevotella pallens	0.00368908
Lonsdalea quercina	0.00349199
Bacillus clausii	0.0268565
Stenotrophomonas nitritireducens	0.0056427
Lactobacillus acidipiscis	0.00892777
[Clostridium] fimetarium	0.00477008
Acinetobacter nosocomialis	0.00503221
Fusobacterium equinum	0.00331356
Leptotrichia wadei	0.00460278
Enterococcus gilvus	0.00493839
Corynebacterium appendicis	0.00700125
Corynebacterium aurimucosum	0.0046675
Conexibacter woesei	0.00217974
Acinetobacter towneri	0.0070373
Subdoligranulum variabile	0.00320965
Bacteroides sp. DSM 12148	0.0061963
Spiroplasma lampyridicola	0.00404253
Bacillus novalis	0.00443164
Alkalimonas delamerensis	0.00376577
Sutterella sanguinus	0.00554939
Staphylococcus pseudintermedius	0.00709774
Prevotella multisaccharivorax	0.00446389
Prolixibacter bellariivorans	0.00386235
Leadbetterella byssophila	0.00320965
Prevotella stercorea	0.43705
Bacillus panaciterrae	0.00501329
Niabella aurantiaca	0.00343914
Lactobacillus equigenerosi	0.00580349
Cellulosilyticum ruminicola	0.0043902
Prevotella nanceiensis	0.00284139
Brevibacterium ravenspurgense	0.00468669
Paenibacillus sp. Y412MC10	0.00968382
Lactobacillus cacaonum	0.027894
Pedobacter sp. JC2492	0.0017452
Phocaeicola abscessus	0.00411134
Pedobacter koreensis	0.00526926
Micrococcus yunnanensis	0.00523999
Candidatus Koribacter versatilis	0.00332461
Candidatus Babela massiliensis	0.00298784
Ohtaekwangia koreensis	0.00232975
Sphingobacterium alimentarium	0.00411134
Methanosphaera cuniculi	0.00561545
Pedobacter oryzae	0.00411134
Paenibacillus beijingensis	0.00262702
Pseudomonas sp. NBRC 111135	0.00430979
Corynebacterium sp. YIM 101587	0.0254572
Aeromonas hydrophila	0.003267415
Aggregatibacter aphrophilus	0.004890695
Haemophilus parahaemolyticus	0.004219445
Syntrophomonas wolfei	0.003941095
Herbaspirillum seropedicae	0.004147445
Solitalea canadensis	0.004447765
Sphingobacterium mizutaii	0.003933505
Staphylococcus intermedius	0.002561175
Streptococcus pyogenes	0.003860785
Enterococcus sulfureus	0.00319952
Atopobium rimae	0.013587525
Paenibacillus lautus	0.039612255
[Clostridium] cellulolyticum	0.002300085
Clostridium scatologenes	0.003494985
Clostridium tetanomorphum	0.0054585
Lactobacillus oris	0.002015715
Actinomyces viscosus	0.003126395
Bifidobacterium asteroides	0.004164365
Bifidobacterium coryneforme	0.003885565
Rhodococcus erythropolis	0.00425727
Spiroplasma apis	0.005199505
Asteroleplasma anaerobium	0.00390021
Symbiobacterium thermophilum	0.00339877
Bisgaard Taxon 7	0.004284015
Mycoplasma penetrans	0.00471025
[Clostridium] polysaccharolyticum	0.002635275
Kocuria kristinae	0.005403275
Glutamicibacter nicotianae	0.00540839
Acinetobacter radioresistens	0.034714525
Clostridium pascui	0.00368902
Aneurinibacillus migulanus	0.00170747
Pseudomonas corrugata	0.00627575
Brevibacterium mcbrellneri	0.022063
Pseudomonas coronafaciens	0.0244515
Actinomyces graevenitzii	0.005272595
Streptomyces tauricus	0.00556795
Prevotella enoeca	0.004536765
Desulfatiglans anilini	0.00212934
Microbacterium foliorum	0.004665265
Lactobacillus algidus	0.0046875
Arcanobacterium phocae	0.008778835
Pseudomonas kilonensis	0.003871215
Geobacillus toebii	0.01239021
Turicibacter sanguinis	0.002845
Corynebacterium imitans	0.00590297
Corynebacterium casei	0.00447857
Corynebacterium camporealensis	0.011341345
Corynebacterium spheniscorum	0.006946585
Pediococcus claussenii	0.01138208
Lactobacillus versmoldensis	0.011982205
Garciella nitratireducens	0.002412875
Enhydrobacter aerosaccus	0.033625
Nitrosomonas sp. Is79A3	0.00645681
Algoriphagus marincola	0.048408615
Desulfovibrio putealis	0.00252938
Pseudoclavibacter bifida	0.005417925
Suttonella ornithocola	0.003500355
Candidatus Peptoniphilus massiliensis	0.0053146
Ureibacillus composti	0.00639283
Nitratiruptor sp. SB155-2	0.00362699
Bacillus butanolivorans	0.0167672
Lactobacillus pobuzihii	0.0109636
Lactobacillus nodensis	0.003416105
Porphyromonas bennonis	0.017395
Cloacibacillus evryensis	0.003365615
Oceanimonas sp. GK1	0.00228924
Candidatus Azobacteroides pseudotrichonymphae	0.002640785
Weissella sp. KLDS 7.0701	0.00583828
Erysipelotrichaceae bacterium 5_2_54FAA	0.01627
Parasutterella secunda	0.002724585
Aeromonas sanarellii	0.00446566
Bifidobacterium callitrichos	0.002427175
Streptomyces sp. NRRL F-2305	0.01742065
Pseudohongiella acticola	0.00481314
Bifidobacterium lemurum	0.003999435
Stella humosa	0.00219325
Halomonas halmophila	0.00563571
Myroides odoratus	0.00464965
Ralstonia pickettii	0.0182571
Methylobacter luteus	0.00219325
Neisseria meningitidis	0.00206543
Bordetella avium	0.00599377
Klebsiella oxytoca	0.01948
Proteus vulgaris	0.0106466
Campylobacter gracilis	0.0065304
Fusobacterium necrophorum	0.00245942
Leuconostoc mesenteroides	0.00978
Bacillus lentus	0.00698397
[Clostridium] sticklandii	0.0024692
Moorella thermoacetica	0.00520427
Clostridium ljungdahlii	0.00440102
Lactobacillus amylovorus	0.00346897
Lactobacillus murinus	0.00343914
Spiroplasma clarkii	0.00501329
Saccharopolyspora rectivirgula	0.00376577
Clostridium thermobutyricum	0.00282215
Bradyrhizobium elkanii	0.00261989
Comamonas terrigena	0.0021926
Anaerococcus tetradius	0.00896352
Acidobacterium capsulatum	0.0021926
Bacillus cohnii	0.012346
Lysinibacillus macroides	0.00526926
Clostridium magnum	0.00320965
Leuconostoc citreum	0.00526926
Porphyromonas canoris	0.00769645
Anaerobranca horikoshii	0.00262
Butyrivibrio proteoclasticus	0.00349463
Enterococcus dispar	0.00404253
Capnocytophaga granulosa	0.00360244
[Clostridium] hungatei	0.00607804
Acinetobacter venetianus	0.00473462
Thermobrachium celere	0.0043902
Sulfurospirillum arcachonense	0.00349199
Enterococcus asini	0.00404253
Sanguibacter keddieii	0.0177412
Meiothermus cerbereus	0.0021926
Methanobrevibacter oralis	0.00232975
Desulfovibrio senezii	0.00368908
Myroides odoratimimus	0.00262
Bacillus horikoshii	0.0368848
Lactobacillus selangorensis	0.00219325
Atopobium vaginae	0.00262
Rothia sp. CCUG 25688	0.00573132
Proteus penneri	0.0174
Opitutus terrae	0.00116687
Actinomyces radicidentis	0.00404253
Rhodococcus jostii	0.00542035
Lactobacillus equi	0.00687829
Collinsella stercoris	0.0113707
Carnobacterium inhibens	0.00290632
Rothia aeria	0.00386907
Marinomonas primoryensis	0.00484191
Proteus hauseri	0.00386907
Corynebacterium atypicum	0.00563571
Planococcus maritimus	0.00331356
bacterium YIM-kkny4	0.00577434
Geopsychrobacter electrodiphilus	0.00346897
Corynebacterium halotolerans	0.00298784
Comamonas aquatica	0.00797819
Corynebacterium caspium	0.00223804
Phenylobacterium zucineum	0.00368908
Nitrospira defluvii	0.0043902
Oceanobacillus profundus	0.00607804
Lactobacillus backii	0.00284139
Natranaerobius thermophilus	0.0043902
[Bacteroides] pectinophilus	0.00561545
Lactobacillus faeni	0.00349199
Porphyromonas crevioricanis	0.00503221
candidate division TM7 single-cell isolate TM7b	0.00755
Chthonomonas calidirosea	0.00486713
Bacteroides sp. 3_1_19	1.11455
Providencia burhodogranariea	0.00256148
Phycisphaera mikurensis	0.00346897
Prevotella dentasini	0.00424286
Aeromonas taiwanensis	0.0052356
Coprococcus sp. ART55/1	2.57607
Peptoniphilus coxii	0.00498033
Clostridium sp. BNL1100	0.00303177
Candidatus Puniceispirillum marinum	0.003832
Sphingobacterium lactis	0.00422627
Nonomuraea soli	0.0021926
Enorma massiliensis phI	0.1357
Prevotella sp. JCM 6348	0.00270907
Dysgonomonas macrotermitis	0.00225973
Corynebacterium glyciniphilum	0.00424286
Pseudomonas helleri	0.0026594
Garciella sp. YIM G1-1	0.0182341
Lachnospiraceae bacterium MC_35	0.00365979
Sphingobacterium sp. LMG 28764	0.00381199
Lysinibacillus sp. VKM B-713	0.0115487
Campylobacter mucosalis	0.0051748
Empedobacter brevis	0.002115815
Thermus thermophilus	0.02705215
Pseudomonas mendocina	0.001799405
Pseudomonas oleovorans	0.01012844
Ralstonia solanacearum	0.0500492
Zoogloea ramigera	0.00361535
Neisseria sicca	0.001815
Thermomicrobium roseum	0.003528865
Zymomonas mobilis	0.00273765
Xenorhabdus nematophila	0.002311755
Aggregatibacter actinomycetemcomitans	0.00518373
Peptostreptococcus sp.	0.01055
Faecalicoccus pleomorphus	0.007157825
Enterococcus faecalis	0.062905
Bacillus fastidiosus	0.00314462
Clostridium formicaceticum	0.004526175
Lactobacillus helveticus	0.003391265
Arthrobacter sp.	0.004895455
Mycobacterium avium	0.00141349
Ureaplasma urealyticum	0.005666895
Cardiobacterium hominis	0.0033336
Vagococcus fluvialis	0.00357559
Marinobacter hydrocarbonoclasticus	0.00442729
Halomonas elongata	0.005299225
Acidothermus cellulolyticus	0.0025156
[Clostridium] termitidis	0.001858255
Filifactor villosus	0.00527625
Legionella brunensis	0.001414585
Gloeobacter violaceus	0.005867335
Clostridium homopropionicum	0.00361772
Erysipelothrix tonsillarum	0.003009805
[Eubacterium] tortuosum	0.023983555
Corynebacterium glucuronolyticum	0.00326284
Corynebacterium matruchotii	0.007441615
Corynebacterium urealyticum	0.004052605
Brevibacillus borstelensis	0.007894755
Sporomusa sphaeroides	0.002667155
Brevibacillus agri	0.00290288
[Eubacterium] saphenum	0.00397523
Streptomyces cinnamoneus	0.005833035
Janthinobacterium agaricidamnosum	0.00390089
Chryseobacterium scophthalmum	0.00333846
Haemophilus influenzae-murium	0.00235929
Clostridium polyendosporum	0.00480614
Selenomonas sputigena	0.004560965
Legionella taurinensis	0.00292238
Kocuria rhizophila	0.020933815
Brevundimonas mediterranea	0.002091115
Streptococcus constellatus	0.00219025
Scardovia inopinata	0.003392125
[Bacillus] clarkii	0.00303502
Delftia acidovorans	0.062116725
Simkania negevensis	0.002182545
Clostridium autoethanogenum	0.006233265
Hydrogenophilus hirschii	0.00429054
Selenomonas lacticifex	0.003740835
Paraburkholderia tropica	0.00143609
Mogibacterium neglectum	0.005321215
Sporosarcina aquimarina	0.005555135
Haemophilus cf. paragallinarum CCUG 18783	0.00285779
Desulfomicrobium orale	0.003485055
Paraburkholderia fungorum	0.003255615
Ureaplasma parvum	0.003372835
Aerosphaera taetra	0.00510978
Pseudomonas indica	0.01649409
Salinibacter ruber	0.003276485
Anaeroglobus geminatus	0.01077057
Corynebacterium phocae	0.00143609
Lactobacillus fuchuensis	0.013062035
Allobaculum stercoricanis	0.00450647
Robinsoniella peoriensis	0.00551299
Butyrivibrio hungatei	0.003734665
Corynebacterium glaucum	0.01257648
Vibrio coralliilyticus	0.00341397
Moorella mulderi	0.00518924
Sulfurimonas autotrophica	0.004076935
Salinibacterium amurskyense	0.002337715
Sulfurovum lithotrophicum	0.003679365
Escherichia albertii	0.071745
Bacillus arbutinivorans	0.0122532
Stella vacuolata	0.00151865
Meganema perideroedes	0.00216698
Comamonas kerstersii	0.00228628
Haemophilus pittmaniae	0.002285
Psychrobacter maritimus	0.00509273
Corynebacterium resistens	0.010231695
beta proteobacterium HTCC379	0.00410787
Viridibacillus arvi	0.0046903
Streptomyces violaceorubidus	0.011831125
Lactobacillus harbinensis	0.00244305
Porphyromonas somerae	0.01474
Sharpea azabuensis	0.009324445
Bacillus infantis	0.00691106
Desulfosporosinus youngiae	0.00437863
Sulfurovum sp. NBC37-1	0.00354959
Lactobacillus farraginis	0.005683515
Bacillus alkalinitrilicus	0.00591294
Pandoraea thiooxydans	0.005228285
Steroidobacter denitrificans	0.001512201
Virgibacillus sp. YIM C826	0.004330815
Filimonas lacunae	0.00422164
Butyricimonas synergistica	0.007625
Brevundimonas naejangsanensis	0.04723875
Rhodococcus sp. YIM 100117	0.00426201
Sphingosinicella vermicomposti	0.007754575
Lachnospiraceae bacterium 6_1_63FAA	0.019515
Prevotella sp. JCM 6330	0.002824495
Sulfuritalea hydrogenivorans	0.003228405
Methylophaga nitratireducenticrescens	0.004337995
Herbaspirillum huttiense	0.005075115
Peptoniphilus methioninivorax	0.006387755
Lactobacillus brantae	0.00299869
Paenibacillus sp. NBRC 13294	0.09741305
Paenibacillus sp. NBRC 13630	0.005617205
Bacillus sp. NBRC 101253	0.00697012
Klebsiella michiganensis	0.00447917
Clostridium sp. KLE 1755	1.314115
Clostridium oryzae	0.00261783
Bacillus sp. JCM 19045	0.00460535
Streptomyces sp. NRRL S-455	0.007343615
Buchnera aphidicola	0.00349199
Simonsiella muelleri	0.0034904
Gemmata obscuriglobus	0.00130995
Campylobacter showae	0.0065304
Chryseobacterium indologenes	0.0170017
Sphingobacterium thalpophilum	0.00354887
Comamonas testosteroni	0.00509113
Xanthomonas campestris	0.0043902
Xanthomonas oryzae	0.00598319
Neisseria flavescens	0.00448
[Enterobacter] aerogenes	0.15987
Pantoea agglomerans	0.00472813
Coxiella burnetii	0.00503221
Fusobacterium perfoetens	0.00530631
Nitrosomonas europaea	0.00448089
Cytophaga hutchinsonii	0.00424286
Rhodospirillum rubrum	0.00384808
Oenococcus oeni	0.00368908
Pediococcus pentosaceus	0.00284139
Streptococcus sobrinus	0.00265315
Bacillus mannanilyticus	0.00349199
Paraclostridium bifermentans	0.00448149
Clostridium cellulovorans	0.00299159
Clostridium tetani	0.00490918
[Clostridium] sporosphaeroides	0.00332022
Lactobacillus pentosus	0.00468088
Lactobacillus acetotolerans	0.00491111
Lactobacillus mali	0.00573132
Actinomyces bovis	0.00354824
Bifidobacterium cuniculi	0.00484191
Bifidobacterium minimum	0.0017452
Cellulosimicrobium cellulans	0.14193
Mycobacterium intracellulare	0.00282215
Streptomyces coelicolor	0.014193
Thermoactinomyces intermedius	0.00234044
Tsukamurella paurometabola	0.00320965
Spiroplasma mirum	0.00320965
Acetonema longum	0.00357615
Bisgaard Taxon 3	0.00354824
Arcanobacterium haemolyticum	0.00520427
[Clostridium] thermoalcaliphilum	0.00501329
Halothermothrix orenii	0.00145316
Amycolatopsis orientalis	0.00490918
Desulfovibrio oxamicus	0.00376577
Actinomyces neuii	0.0056443
Peptoniphilus indolicus	0.00298784
[Bacillus] thermocloacae	0.00424286
Geobacillus thermodenitrificans	0.00212522
Kurthia gibsonii	0.00234044
Lactobacillus kefiri	0.00443164
Leuconostoc pseudomesenteroides	0.00169
Sphingobacterium faecium	0.00346897
Filibacter limicola	0.00808505
[Eubacterium] nodatum	0.003832
Geobacter sulfurreducens	0.0056427
Corynebacterium pilosum	0.00491111
Dermabacter hominis	0.00386235
Corynebacterium bovis	0.00848572
Clostridium intestinale	0.00238515
Bacillus oleronius	0.00946925
Ammonifex degensii	0.00563571
Rhodococcus equi	0.00299159
Paenibacillus validus	0.00265315
Actinobacillus porcinus	0.00109662
Ureibacillus thermosphaericus	0.00486713
Wigglesworthia glossinidia	0.00349199
Hallella seregens	0.00270907
Bosea thiooxidans	0.0318783
Anaerococcus octavius	0.00471309
Raoultella ornithinolytica	0.01713
Schwartzia succinivorans	0.00384808
Paenibacillus glucanolyticus	0.00211314
Paenibacillus mucilaginosus	0.014256
Sodalis glossinidius	0.00261989
Nevskia ramosa	0.00376577
Hydrogenophaga palleronii	0.00520427
Actinomyces europaeus	0.00503221
Kluyvera georgiana	0.00331356
Paenibacillus popilliae	0.00284139
Coenonia anatina	0.00282215
Bacillus pseudofirmus	0.00223804
Insolitispirillum peregrinum	0.0341122
Anaerovibrio lipolyticus	0.00343914
Oceanimonas doudoroffii	0.00109662
Thermacetogenium phaeum	0.00424286
Bacillus carboniphilus	0.00530631
Bacillus halodurans	0.00262
Arthrobacter luteolus	0.00448149
Chloroherpeton thalassium	0.00116687
Bacteroides sp. CIP103040	0.00413087
Coprothermobacter platensis	0.00424286
Sporomusa malonica	0.00440801
[Actinobacillus] rossii	0.00573132
Thiothrix disciformis	0.00411134
Psychrobacillus psychrodurans	0.00473462
Paenibacillus dendritiformis	0.00284139
Selenomonas noxia	0.00590737
Aneurinibacillus thermoaerophilus	0.00234044
Lactobacillus parabuchneri	0.0238504
Jeotgalicoccus psychrophilus	0.0115487
Leptotrichia hofstadii	0.00234044
Paenibacillus borealis	0.00447608
Marvinbryantia formatexigens	0.00172735
Paenibacillus sp. DSM 1352	0.00447608
Paenibacillus sp. DSM 6358	0.00473462
Rheinheimera pacifica	0.00376577
Lactobacillus diolivorans	0.00130995
Delftia tsuruhatensis	0.00448149
Sneathia amnii	0.00404253
Microbacterium paraoxydans	0.00238515
Rhodoplanes cryptolactis	0.00130995
Chryseobacterium molle	0.00411134
Spiroplasma chinense	0.00346897
Spiroplasma culicicola	0.00590737
Anoxybacillus contaminans	0.00404253
Scardovia wiggsiae	0.00538
Desulfobulbus japonicus	0.0056427
Acidovorax sp. JS42	0.00233375
Brevibacterium antiquum	0.00503221
Lactobacillus tucceti	0.00384808
Clostridium estertheticum	0.00202601
Glutamicibacter arilaitensis	0.0036329
Glutamicibacter mysorens	0.00145316
Microbacterium oleivorans	0.00365979
Candidatus Amoebophilus asiaticus	0.00116687
Bacillus koreensis	0.00212522
Tepidimicrobium ferriphilum	0.00404253
Rhodococcus kroppenstedtii	0.00299159
Marinomonas polaris	0.00211314
Patulibacter minatonensis	0.00234044
Halolactibacillus miurensis	0.00262
Paraburkholderia terrae	0.00354824
Paenibacillus sp. JDR-2	0.00931901
Ochrobactrum sp. CCBAU 61322	0.134709
Acidovorax sp. KKS102	0.00177248
Exiguobacterium sp. AT1b	0.00472813
Pelosinus fermentans	0.00404253
Brevundimonas aveniformis	0.00212522
Bacillus acidiceler	0.00116488
Cyanobacterium aponinum	0.00212522
Sphingomonas jaspsi	0.00346897
Microbacterium ginsengisoli	0.00376577
Stenotrophomonas terrae	0.0368908
Brevibacterium album	0.0100644
Alloscardovia omnicolens	0.00282215
Nitriliruptor alkaliphilus	0.00262
Granulosicoccus antarcticus	0.00354887
Prevotella maculosa	0.0017452
Paenibacillus glebae	0.00211314
Leptospira licerasiae	0.00599377
Dialister succinatiphilus	0.55571
Acinetobacter soli	0.0115487
Butyricicoccus pullicaecorum	0.01658
Enterovibrio nigricans	0.00411134
Lactobacillus taiwanensis	0.0112854
Lacibacter cauensis	0.004895
Providencia sneebia	0.00499975
Lactobacillus sp. KLDS 1.0716	0.00262
Chryseobacterium piscicola	0.00212522
Photobacterium leiognathi	0.00234044
Clostridium sp. D5	0.10646
Corynebacterium pyruviciproducens	0.0239751
Cocleimonas flava	0.00368908
Caldisericum exile	0.00172735
Pseudomonas flexibilis	0.0016623
Delftia sp. Cs1-4	0.00886242
Lachnospiraceae bacterium 2_1_46FAA	0.0382
Paraburkholderia bannensis	0.00109662
Microbacterium sp. JCM 9637	0.00298784
Lactobacillus saniviri	0.00261989
Oxalobacter vibrioformis	0.00599377
Youngiibacter multivorans	0.00116488
Caldicoprobacter faecalis	0.0043902
Candidatus Brocadia caroliniensis	0.00303177
Streptococcus tigurinus	0.00384
Veillonella tobetsuensis	0.00541815
Paenibacillus sp. NBRC 13637	0.00682128
Bacillus sp. NBRC 101285	0.00156223
Lactobacillus sp. NBRC 107298	0.00573132
Hirschia maritima	0.00245942
Streptococcus sp. MR-1951	0.00354824
Micrococcus aloeverae	0.00671411
Pedobacter sp.	0.00490918
Peptoniphilus stercorisuis	0.00896352
Streptomyces sp. NRRL F-5630	0.00473462
Mariniphaga anaerophila	0.00262702
Wenzhouxiangella marina	0.00177248
Cellulosimicrobium sp. HBUM179776	0.173864
Eubacterium sp. JCM 9976	0.00573132
Lysinibacillus sp. VKM B-751	0.00349199
Vitreoscilla stercoraria	0.00250648
Aquaspirillum serpens	0.026416085
Campylobacter curvus	0.00215663
Chryseobacterium balustinum	0.01169751
Chryseobacterium indoltheticum	0.0262213
Sphingobacterium spiritivorum	0.003725425
Pseudomonas sp.	0.024985
Legionella hackeliae	0.0021073955
Legionella feeleii	0.00427149
Legionella jordanis	0.00376285
Acinetobacter sp.	0.0061
Moraxella catarrhalis	0.00586974
Bordetella bronchiseptica	0.00458021
Citrobacter koseri	0.0032
Escherichia hermannii	0.00307
Shigella boydii	0.003590535
Vibrio diazotrophicus	0.00220509
Avibacterium paragallinarum	0.004886925
[Pasteurella] aerogenes	0.003173745
Desulfovibrio fructosivorans	0.00313254
Desulfovibrio salexigens	0.002846185
Desulfuromonas acetoxidans	0.003128005
Bdellovibrio bacteriovorus	0.00246431
Capnocytophaga sputigena	0.002262425
Ectothiorhodospira shaposhnikovii	0.008152255
Nitrosospira multiformis	0.002427975
Leuconostoc lactis	0.006295
Peptostreptococcus anaerobius	0.003534285
Streptococcus equinus	0.002556285
Bacillus firmus	0.00311465
Clostridium sporogenes	0.02136258
Clostridium novyi	0.00795168
Clostridium oceanicum	0.004337235
Gottschalkia acidurici	0.00388989
Lactobacillus bifermentans	0.003076215
Listeria monocytogenes	0.001472146
Alloiococcus otitis	0.032151215
Corynebacterium stationis	0.02691136
Mycobacterium fortuitum	0.00506167
Rhodococcus rhodochrous	0.005781305
Nocardioides jensenii	0.00321384
Streptomyces albus	0.00700972
Streptomyces griseus	0.00192917
Thermoactinomyces vulgaris	0.002115815
Mycoplasma arthritidis	0.005057215
Methanosphaera stadtmanae	0.00875492
Haliscomenobacter hydrossis	0.02340496
Sporomusa paucivorans	0.0057495
Fervidobacterium nodosum	0.002969085
Capnocytophaga cynodegmi	0.003250975
Nocardioides plantarum	0.00456683
Turicella otitidis	0.178055605
[Bacillus] aminovorans	0.005269055
Brucella suis	0.000963886
Pelobacter acetylenicus	0.0029832855
Eggerthia catenaformis	0.00708434
Methylobacterium radiotolerans	0.003831635
Coriobacterium glomerans	0.001900365
Bacillus thermoalkalophilus	0.008716955
Rickettsia rhipicephali	0.001203285
Moraxella atlantae	0.003719715
Streptomyces mobaraensis	0.0211159
Holophaga foetida	0.001070551
Brucella canis	1.349643725
Paraburkholderia xenovorans	0.0025007
Microbispora mesophila	0.003044485
Corynebacterium jeikeium	0.9751115
Rhodococcus coprophilus	0.002950745
[Eubacterium] angustum	0.003222295
Microlunatus sp.	0.013454175
Ochrobactrum sp.	0.004210485
Tsukamurella inchonensis	0.003826105
Halanaerobium saccharolyticum	0.00315485
Corynebacterium propinquum	0.003644805
Tolumonas auensis	0.00403964
Corynebacterium segmentosum	0.001716295
Sulfurospirillum barnesii	0.00718121
Legionella lansingensis	0.00310594
Streptococcus cristatus	0.00339
Geobacter sp.	0.0024232
Tsukamurella pulmonis	0.00453737
Kineosporia aurantiaca	0.00281746
Tetragenococcus halophilus	0.0683765
Desulfotomaculum aeronauticum	0.004050825
Hyphomicrobium aestuarii	0.005112515
Sulfobacillus acidophilus	0.004423915
Acidimicrobium ferrooxidans	0.003022675
Desulfovibrio simplex	0.008114955
Brevibacillus formosus	0.003191485
Desulfotomaculum reducens	0.002451765
Paenibacillus kobensis	0.00532087
Shewanella violacea	0.00184306
Kribbella sandramycini	0.003795385
Corynebacterium durum	0.016845
Wolbachia sp. wRi	0.025473685
Streptomyces alboviridis	0.001877415
Actinobacillus succinogenes	0.005867335
Streptomyces pactum	0.008428525
Streptococcus peroris	0.02089
Caulobacter henricii	0.0012495305
Azotobacter salinestris	0.004143615
Aeromonas popoffii	0.005533625
Helcococcus ovis	0.00669817
Pseudonocardia alaniniphila	0.00636433
Desulfovibrio aminophilus	0.00391765
Facklamia languida	0.022730935
Streptomyces tsukubensis	0.00305398
Clostridium aceticum	0.020091045
Slackia heliotrinireducens	0.0074797
Anaerobacillus arseniciselenatis	0.00340305
Pseudomonas lundensis	0.002777985
Bacillus niacini	0.00172142
Facklamia sourekii	0.2097693
Burkholderia multivorans	0.00299581
Caulobacter segnis	0.015512176
Gordonia amicalis	0.003391765
Corynebacterium terpenotabidum	0.00189338
Thiothrix eikelboomii	0.008726795
Rummeliibacillus pycnus	0.002437895
Cryomorpha ignava	0.004256775
Desulfotomaculum gibsoniae	0.0050265
Rhodococcus pyridinivorans	0.013912625
Veillonella criceti	0.0036591
Serratia sp. ATCC 39006	0.043566205
Lactobacillus frumenti	0.004842615
Psychrobacter pacificensis	0.014004255
Sporomusa acidovorans	0.00168836
Ureibacillus terrenus	0.001930275
Roseiflexus castenholzii	0.003515185
Sphingobium xenophagum	0.03436613
Paenibacillus koleovorans	0.01983847
Heliorestis baculata	0.002969085
Microbacterium phyllosphaerae	0.003022675
Providencia alcalifaciens	0.007915565
Stenotrophomonas acidaminiphila	0.006467635
Actinomyces turicensis	0.063755
Selenomonas infelix	0.056016685
Globicatella sulfidifaciens	0.01619524
Filifactor alocis	0.00413135
Azospira oryzae	0.0260569
Micrococcus sp. LMG-19421	0.00417566
Paracoccus yeei	0.040850085
Arcanobacterium hippocoleae	0.1265052
Streptococcus lutetiensis	0.007965
Pedobacter africanus	0.019309
Lactobacillus suebicus	0.00184755
Actinomyces marimammalium	0.005080605
Fructobacillus ficulneus	0.0198759
Enterobacter hormaechei	0.00662122
Corynebacterium kroppenstedtii	0.02814418
Bacillus decolorationis	0.002031295
Ochrobactrum sp. LMG 20570	0.05407424
Bacillus murimartini	0.01589625
Thermaerobacter subterraneus	0.00334784
Clostridium colicanis	0.00360835
Desulfovibrio aespoeensis	0.002491785
Kribbella flavida	0.049665615
Thermodesulfobium narugense	0.0009457305
Prevotella micans	0.003684925
Actinotignum urinale	0.004464535
Desulfovibrio hydrothermalis	0.002326545
Alcaligenes sp. VKM B-2263	0.03830615
Neisseria sp.	0.00722
gamma proteobacterium HTCC234	0.00232243
Bacillus pichinotyi	0.00414143
Ferrithrix thermotolerans	0.003219505
Vibrio tasmaniensis	0.00184306
Psychrobacter adeliensis	0.002196565
Desulfitobacterium dichloroeliminans	0.00665595
Candidatus Midichloria mitochondrii	0.00737817
Nocardiopsis ganjiahuensis	0.0047731
Flavobacterium fryxellicola	0.00164479
Candidatus Blochmannia chromaiodes	0.004616805
Glycomyces arizonensis	0.002337715
Marinilactibacillus piezotolerans	0.00383322
[Brevibacterium] halotolerans	0.0025156
Azotobacter armeniacus	0.002326945
Streptomyces fulvoviolaceus	0.004101795
Enterovibrio coralii	0.001653715
Spiroplasma platyhelix	0.00532941
Lactobacillus uvarum	0.003740835
Lactobacillus oeni	0.009622585
Actinospica robiniae	0.0033601755
Halolactibacillus halophilus	0.005074585
Lactobacillus apodemi	0.005939815
Exiguobacterium profundum	0.00345946
Chrysiogenes arsenatis	0.005486365
Streptococcus gallolyticus	0.00222529
Demequina aestuarii	0.00395244
Dethiosulfatibacter aminovorans	0.0015301655
Psychrobacter arcticus	0.003914875
Salinivibrio proteolyticus	0.00239908
Psychrobacter sp. PRwf-1	0.00920981
Corynebacterium marinum	0.00309954
Geobacter uraniireducens	0.003907561
Spongiibacter marinus	0.002903505
Mucilaginibacter lappiensis	0.003030835
Thiomonas delicata	0.00592988
Blattabacterium sp. (Blatta orientalis)	0.005342145
Rheinheimera perlucida	0.00313445
Sanguibacter antarcticus	0.010250935
Oceanobacillus chironomi	0.02903297
Methylophilales bacterium HTCC2181	0.003425095
Paenibacillus sp. CCBAU ZL506	0.018706675
Persicobacter sp. NBRC 101267	0.00191001
Nisaea denitrificans	0.001730035
Alicyclobacillus contaminans	0.001203285
Geoalkalibacter ferrihydriticus	0.00411437
Asaccharobacter celatus	0.0051844
Pontibacter korlensis	0.001667355
Azospirillum canadense	0.068314825
Sphingomonas astaxanthinifaciens	0.021659755
Peptoniphilus olsenii	0.003661255
Nevskia soli	0.003204976
Ochrobactrum pseudogrignonense	0.01351839
Thiomonas arsenitoxydans	0.00329454
Lactobacillus senmaizukei	0.002800616
Nocardioides halotolerans	0.00207636
Corynebacterium timonense	0.0091164
Acanthopleuribacter pedis	0.0047102
Geobacter sp. M21	0.00199451
Rhodoplanes piscinae	0.00232243
Niabella soli	0.00189515
Desulfococcus sp. DSM 8541	0.00237008
Oceaniserpentilla haliotis	0.002880835
Saccharibacillus sacchari	0.015369545
Chloracidobacterium thermophilum	0.01889909
Singulisphaera acidiphila	0.0091336905
Weissella ghanensis	0.003963155
Gracilibacillus quinghaiensis	0.01374141
Pedobacter alluvionis	0.00340924
Pedobacter nyackensis	0.005616335
Lactobacillus capillatus	0.00458523
Flavobacterium caeni	0.004312065
Thermoanaerobacter pseudethanolicus	0.00738654
Kocuria gwangalliensis	0.467206065
Paracoccus chinensis	0.012112775
Enterobacter mori	0.00368
Actinomyces johnsonii	0.004703795
Ochrobactrum thiophenivorans	0.25951197
Rhodococcus sp. YIM 100121	0.00556468
Prevotella aurantiaca	0.031182705
Paraburkholderia oxyphila	0.001381555
Parapedobacter luteus	0.002919
Slackia piriformis	0.099475
Brevibacterium sandarakinum	0.002183225
Microlunatus soli	0.013454175
Rhodothermus profundi	0.00218826
Dysgonomonas hofstadii	0.001508645
Bacteroidetes oral taxon 274	0.002615
Eggerthella sp. 1_3_56FAA	0.212615
Paenibacillus pinihumi	0.00577158
Stenotrophomonas panacihumi	0.0275678
Lactobacillus floricola	0.004707595
Flavobacterium haoranii	0.003880115
Kroppenstedtia eburnea	0.003550845
Bacillus daqingensis	0.00242902
Marinobacter adhaerens	0.00343548
Methylotenera versatilis	0.00368902
Aggregatibacter sp. CCUG 36139	0.06085499
Luteolibacter luojiensis	0.00412333
Thermus sp. CCB_US3_UF1	0.00570336
Peptoniphilus sp. BV3C26	0.004495
Trichococcus sp. KOPRI80176	0.00334784
Ochrobactrum sp. NBRC 12952	0.192805725
Psychrobacter sp. NBRC 15753	0.016630845
Psychrobacter sp. NBRC 101052	0.70212831
Cucumibacter marinus	0.00886444
Fodinicurvata fenggangensis	0.05414724
Sphaerochaeta pleomorpha	0.00561738
Brevibacterium siliguriense	0.0077199
Acinetobacter sp. CIP 64.7	1.2803375
Acinetobacter oleivorans	0.092740576
Pseudohongiella spirulinae	0.00189515
Chryseobacterium takakiae	0.00396976
Microlunatus sp. YIM C01117	0.003235455
Bacillus sp. KMM 6752	0.00218851
Candidatus Methanomassiliicoccus intestinalis	0.0709565
Chryseobacterium arachidis	0.00301146
Hyphomicrobium nitrativorans	0.00299581
Dysgonomonas termitidis	0.002561175
Paracoccus sanguinis	0.00239285
Clostridium sp. ATCC 25772	0.00284732
Micrococcus sp. HBUM178886	0.0018572105
Methylophilus methylotrophus	0.00116687
Pelobacter carbinolicus	0.00262702
Shewanella putrefaciens	0.00708994
Flectobacillus major	0.0021926
Treponema stenostreptum	0.00156223
Treponema bryantii	0.00484191
Treponema pectinovorum	0.00265315
Campylobacter jejuni	0.00443164
Helicobacter felis	0.00220985
Meiothermus ruber	0.00220985
Burkholderia cepacia	0.00130995
Hydrogenophilus thermoluteolus	0.00265315
Xanthomonas translucens	0.00664849
Agrobacterium tumefaciens	0.00109662
Sinorhizobium meliloti	0.00130995
Methylobacillus flagellatus	0.00520427
Acetobacter pasteurianus	0.0132984
Gluconobacter oxydans	0.0368908
Legionella pneumophila	0.00354824
Legionella israelensis	0.0013297
Kingella oralis	0.021926
Vibrio alginolyticus	0.00573132
Vibrio cholerae	0.00109662
Vibrio parahaemolyticus	0.00156223
[Haemophilus] ducreyi	0.00404253
Histophilus somni	0.0557162
Pasteurella multocida	0.00265315
Porphyromonas gingivalis	0.00265315
Pectinatus frisingensis	0.00284139
Ruminobacter amylophilus	0.00472813
Desulfovibrio africanus	0.00284139
Halothiobacillus neapolitanus	0.00234044
Acidithiobacillus thiooxidans	0.00486713
Anaplasma phagocytophilum	0.00262702
Persicobacter diffluens	0.00446389
Pedobacter heparinus	0.00262702
Flavobacterium johnsoniae	0.000726581
Flavobacterium hydatis	0.00368908
Marivirga tractuosa	0.0156128
Capnocytophaga gingivalis	0.0583694
Marinoscillum furvescens	0.00130995
Thiothrix nivea	0.00269368
Rhodobacter sphaeroides	0.00262
Phaeospirillum molischianum	0.00298784
Trichodesmium erythraeum	0.00443164
Leuconostoc gelidum	0.00262
Kocuria varians	0.0555035
Kytococcus sedentarius	0.00769616
Staphylococcus carnosus	0.0106
Streptococcus downei	0.0069735
Streptococcus acidominimus	0.00573132
Streptococcus hyointestinalis	0.00430979
Streptococcus parauberis	0.02445
Enterococcus columbae	0.00211314
Planococcus kocurii	0.00607804
Bacillus anthracis	0.00354887
Bacillus mycoides	0.00464965
Lysinibacillus sphaericus	0.142039
Geobacillus stearothermophilus	0.00447608
Bacillus alcalophilus	0.0419038
Amphibacillus xylanus	6.26179
Alicyclobacillus acidoterrestris	0.00109662
Bacillus azotoformans	0.00430979
Alicyclobacillus cycloheptanicus	0.00203658
Clostridium acetobutylicum	0.00306476
Clostridium cochlearium	0.00490918
Clostridium cadaveris	0.0021926
Clostridium fallax	0.00769645
Clostridioides mangenotii	0.0021926
Desulfotomaculum nigrificans	0.0056443
Halobacillus halophilus	0.0021926
Lactobacillus buchneri	0.0358607
Lactobacillus agilis	0.00262702
Lactobacillus amylophilus	0.00238515
Lactobacillus aviarius	0.00343914
Lactobacillus fructivorans	0.00130995
Weissella kandleri	0.0069735
Weissella minor	0.0359626
Weissella viridescens	0.869096
Fructobacillus fructosus	0.00265315
Kurthia zopfii	0.00577434
Brevibacterium epidermidis	0.00262
Eubacterium acidaminophilum	0.00381199
Propionibacterium propionicum	0.00808505
Mycobacterium cookii	0.00282215
Mycobacterium neoaurum	0.00212522
Rhodococcus ruber	0.00473462
Streptomyces aureofaciens	0.0139616
Streptomyces lavendulae	0.00473462
Streptomyces sclerotialus	0.0852232
Actinomadura echinospora	0.00599377
Thermobispora bispora	0.00346897
Microbacterium testaceum	0.00503221
Gordonia terrae	0.00424286
Sporolactobacillus inulinus	0.00211314
Syntrophomonas bryantii	0.00520427
Mycoplasma mycoides	0.0024692
Mycoplasma mobile	0.00116687
Mycoplasma salivarium	0.00234044
Desulfobacterium autotrophicum	0.0043902
Thermotoga neapolitana	0.00270907
Desulfomonile tiedjei	0.00351865
Xylella fastidiosa	0.0013297
Sporomusa ovata	0.00284139
Heliobacterium gestii	0.00348821
Vagococcus salmoninarum	0.00573132
Globicatella sanguinis	0.239396
Brevundimonas bullata	0.00473462
Anaerobiospirillum succiniciproducens	0.00234044
Rhizorhapis suberifaciens	0.0147275
Sphingobium yanoikuyae	0.0043852
Corynebacterium flavescens	0.00156223
Lysinibacillus fusiformis	0.00349199
Sulfobacillus thermosulfidooxidans	0.0065304
Capnocytophaga canimorsus	0.00530631
Mesoplasma seiffertii	0.00682128
Geobacter metallireducens	0.00351865
Clavibacter michiganensis	0.00706964
Komagataeibacter xylinus	0.00306476
Pyrococcus abyssi	0.0065304
[Eubacterium] cellulosolvens	0.00156223
Clostridium collagenovorans	0.00202601
Dolosigranulum pigrum	0.00526926
Brucella melitensis	0.102387
Thermoleophilum album	0.0024692
Rhodothermus marinus	0.00542035
Brevibacterium iodinum	0.00262
Helicobacter hepaticus	0.00298784
Propionibacterium granulosum	0.00509113
Propionimicrobium lymphophilum	0.00262
Bartonella doshiae	0.00109662
Thauera selenatis	0.00232975
Rathayibacter tritici	0.00354824
Brevibacillus thermoruber	0.00490918
Enterococcus avium	0.01607
Caryophanon tenue	0.00473462
Gluconacetobacter diazotrophicus	0.000831152
Acidocella aminolytica	0.00156223
Azospirillum halopraeferens	0.00384808
Riemerella anatipestifer	0.00354824
Acholeplasma oculi	0.00156223
Heliophilum fasciatum	0.00411134
Heliobacterium modesticaldum	0.00320965
Sporichthya polymorpha	0.00156223
Dactylosporangium aurantiacum	0.00386235
Corynebacterium cystitidis	0.0065304
Lactobacillus pontis	0.00303177
Microbacterium aurum	0.00368908
Gordonia sputi	0.0017452
Oxalophagus oxalicus	0.0065304
Laceyella sacchari	0.00116488
Marichromatium purpuratum	0.00501329
Arthrobacter agilis	0.00234044
Thermocrispum municipale	0.00404253
Arthrobacter crystallopoietes	0.0520345
Photobacterium damselae	0.00473462
Corynebacterium mycetoides	0.0104085
Shewanella algae	0.00298784
Isochromatium buderi	0.00109662
Atopobium fossor	0.00168759
Eubacterium uniforme	0.00440102
Blattabacterium sp. (Mastotermes darwiniensis)	0.00265315
Methylomicrobium agile	0.00349199
Legionella tucsonensis	0.00265315
Sneathia sanguinegens	0.00581806
Sphingomonas mali	0.00411134
Exiguobacterium acetylicum	0.00443164
Ruminococcus sp.	0.57397
Ureaplasma gallorale	0.0045255
Streptomyces diastatochromogenes	0.0021926
Halobacteroides halobius	0.002741
Brachybacterium faecium	0.01834
Corynebacterium amycolatum	0.00234044
Cyanothece sp. ATCC 51142	0.00130995
Caldicellulosiruptor saccharolyticus	0.00282215
Enterococcus cecorum	0.00499975
Paenibacillus alvei	0.0043902
Nitrosomonas cryotolerans	0.00896352
Legionella shakespearei	0.00202601
Leucothrix mucor	0.00202601
Desulfohalobium retbaense	0.00177248
Salinicoccus roseus	0.0024692
Paenibacillus apiarius	0.00490918
Agrococcus jenensis	0.00349199
Mobiluncus sp.	0.00699
Deinococcus sp.	0.00958
Brachybacterium conglomeratum	0.00262
Brachybacterium nesterenkovii	0.335359
Micromonospora carbonacea	0.00262
Pseudomonas luteola	0.00203658
Marinobacterium georgiense	0.00166011
Novosphingobium stygium	0.00168759
Marinobacterium stanieri	0.004895
Desulfitobacterium hafniense	0.00682128
Desulfofustis glycolicus	0.00265315
Pediococcus damnosus	0.00437369
Lactobacillus gallinarum	0.000726581
Acetobacterium carbinolicum	0.00130995
Acetobacterium wieringae	0.00320965
Aeromicrobium fastidiosum	0.0013297
Actinomyces slackii	0.00116488
Anaerofilum agile	0.00384808
Desulfobulbus elongatus	0.00573132
Enterococcus durans	0.04009
Treponema socranskii	0.00265315
Nocardiopsis alba	0.0013297
Eubacterium callanderi	0.0043902
Brevibacillus parabrevis	0.00168759
Deinococcus proteolyticus	0.00220985
Flavobacterium branchiophilum	0.00368908
Pantoea cypripedii	0.00331356
Xanthomonas vesicatoria	0.0039891
Psychrobacter glacincola	13.1077
Burkholderia thailandensis	0.00116488
Actinomadura viridilutea	0.00769645
Actinotignum schaalii	0.0141955
Sphingomonas echinoides	0.00320965
Paenibacillus illinoisensis	0.00234044
Shewanella amazonensis	0.0017452
Desulfobacca acetoxidans	0.00130995
Sanguibacter suarezii	0.0026594
Shewanella woodyi	0.000831152
Virgibacillus salexigens	0.01834
Enterobacter asburiae	0.02388
Shewanella baltica	0.00109662
Acinetobacter sp. ADP1	0.017323
Thiomicrospira chilensis	0.00484191
Corynebacterium ulcerans	0.00298784
Streptomyces roseoverticillatus	0.00346897
Streptomyces albofaciens	0.00525403
Streptomyces atroolivaceus	0.000831152
Streptomyces catenulae	0.69599
Streptomyces lavendofoliae	0.0017452
Streptomyces lavenduligriseus	0.0520809
Streptomyces termitum	0.00130995
Streptomyces clavifer	0.00130995
Streptomyces iakyrus	0.00346897
Treponema vincentii	0.0212252
Shewanella oneidensis	0.00298784
Herpetosiphon geysericola	0.0043902
Vibrio halioticoli	0.00624893
Thermaerobacter marianensis	0.00599377
Brevundimonas intermedia	0.00212522
Hyphomonas polymorpha	0.00298784
Halomonas campisalis	0.00298784
Campylobacter lanienae	0.00530631
Mannheimia haemolytica	0.0397973
Amycolatopsis alba	0.00306476
Mycetocola saprophilus	0.00577434
Sphingomonas roseiflava	0.0197334
Bifidobacterium subtile	0.00116687
Asticcacaulis excentricus	0.00466505
Paenibacillus chitinolyticus	0.00265315
Chitinophaga pinensis	0.00109662
Haliangium ochraceum	0.00172735
Acidovorax citrulli	0.00265315
Acidovorax temperans	0.00304284
Hyphomonas hirschiana	0.00331356
Pseudanabaena sp. PCC 7367	0.0310436
Desemzia incerta	0.0343079
Gordonia rhizosphera	0.00486713
Parachlamydia acanthamoebae	0.00269368
Chlamydia psittaci	0.00269368
Luteimonas mephitis	0.0013297
Propionivibrio dicarboxylicus	0.0540222
Syntrophococcus sucromutans	0.00530631
Hippea maritima	0.00443164
Arenibacter latericius	0.00206543
Malikia spinosa	0.00348821
Mogibacterium vescum	0.00530631
Mycoplasma dispar	0.000726581
Salimicrobium halophilum	0.00554939
Pectinatus cerevisiiphilus	0.00568279
Propionispira paucivorans	0.00116488
Eremococcus coleocola	0.0104085
Lactobacillus manihotivorans	0.00234044
Agromyces rhizospherae	0.00346897
Natronincola histidinovorans	0.00172735
Oligella ureolytica	0.000726581
Oligella urethralis	0.00172735
Halomonas sp. MBIC2031	0.00270907
Pandoraea pnomenusa	0.00177248
Pandoraea sputorum	0.00177248
Thermicanus aegyptius	0.00590737
Dyadobacter fermentans	0.00177248
Ochrobactrum grignonense	0.0106376
Clostridium gasigenes	0.00130995
Legionella drozanskii	0.00223804
Flavobacterium psychrophilum	0.00384808
Lactobacillus hamsteri	0.00404253
Brevundimonas sp. LMG 9567t1	0.00212522
Alkalibacterium olivapovliticus	0.00354887
Leptospira alexanderi	0.00172735
Clostridium peptidivorans	0.00509113
Desulfovibrio inopinatus	0.00256148
Geitlerinema sp. PCC 7105	0.00682128
Lactobacillus jensenii	0.358436
Erythrobacter sp. MBIC4117	0.004895
Jeotgalicoccus pinnipedialis	0.161332
Porphyromonas gulae	0.00232975
Thiothrix fructosivorans	0.0069735
Streptococcus orisratti	0.00808505
Streptomyces yogyakartensis	0.0013297
Geobacter thiogenes	0.00262
Lactobacillus psittaci	0.00354887
Oscillatoria acuminata	0.0069735
Arthrospira platensis	0.00360244
Aerococcus sanguinicola	0.0104085
Syntrophobacter fumaroxidans	0.004895
Peptostreptococcus sp. CCUG 42997	0.0159189
Paenibacillus glycanilyticus	0.100414
Thermotoga sp. RQ2	0.00172735
Actinomyces radingae	0.003832
Sphingobium amiense	0.0382539
Bacillus endophyticus	0.00211314
Granulicatella balaenopterae	0.0021926
Vibrio albensis	0.00156223
Lachnobacterium bovis	0.00466505
Nocardiopsis kunsanensis	0.0026594
Selenihalanaerobacter shriftii	0.00424286
Sulfuricurvum kujiense	0.00384808
Brevundimonas sp. LMG 19834	0.00212522
Burkholderia ambifaria	0.000831152
Sporocytophaga myxococcoides	0.00443164
Psychrobacter submarinus	0.017323
Weissella soli	0.00265315
Salinicoccus hispanicus	0.0024692
Helicobacter winghamensis	0.00357615
[Mannheimia] succiniciproducens	0.00795946
Anaerobacillus macyae	0.00211314
Spirochaeta americana	0.00769645
Comamonas koreensis	0.00503221
Thermodesulfobacterium hydrogeniphilum	0.00357615
Corynebacterium lipophiloflavum	0.00520427
Microbacterium hominis	0.00384808
Pseudomonas lini	0.00769645
Nocardiopsis umidischolae	0.0039891
Virgibacillus necropolis	0.17816
Sporanaerobacter acetigenes	0.00320965
Allofustis seminis	0.0190803
Psychromonas arctica	0.017313
Laribacter hongkongensis	0.00503221
Paenibacillus anaericanus	0.0405981
Vibrio xuii	0.0906094
Vibrio chagasii	0.00156223
Paenibacillus agaridevorans	0.0065304
Bacillus sp. LMG 20243	0.00354887
Nocardioides sp. LMG 20237	0.00530631
Brachybacterium rhamnosum	0.00202601
Brachybacterium paraconglomeratum	0.0576399
Brachybacterium fresconis	0.00523999
Brachybacterium sacelli	0.00785999
Brevibacillus invocatus	0.0624958
Lactobacillus malefermentans	0.00430979
Anaerophaga thermohalophila	0.00503221
Shuttleworthia satelles	0.0360244
Acetobacter cerevisiae	0.000831152
Actinobacillus scotiae	0.00234044
Cosenzaea myxofaciens	0.00573132
Crocinitomix catalasitica	0.00202601
Desulfovibrio magneticus	0.00299159
Paenibacillus graminis	0.0148152
Sedimenticola selenatireducens	0.00284139
Chryseobacterium daecheongense	0.0110673
Rhodoferax ferrireducens	0.00130995
Methylobacterium sp. PC30.44	0.00168759
Cardiobacterium valvarum	0.00238515
Ectothiorhodospira mobilis	0.00349199
Synechococcus sp. PCC 7336	0.00212522
Psychroflexus tropicus	0.00384808
Virgibacillus kekensis	0.00698397
Acinetobacter tandoii	0.00262
Derxia gummosa	0.00368908
Alicyclobacillus pomorum	0.00443164
Roseomonas cervicalis	0.162223
Roseomonas genomospecies 4	0.0013297
Flavobacterium gelidilacus	0.0496296
Actinomyces oricola	0.00130995
Alkaliphilus metalliredigens	0.00468088
Carnobacterium sp. 17-4	0.00404253
Bacillus senegalensis	0.00443164
Varibaculum sp. 45456	0.003832
Thiorhodococcus drewsii	0.00116488
Thermomonas hydrothermalis	0.00245942
Treponema caldarium	0.00769645
Lactobacillus spicheri	0.00852418
Spiroplasma montanense	0.002741
Spiroplasma turonicum	0.00109662
Clostridium carboxidivorans	0.00320965
Achromobacter insolitus	0.00682128
Brachybacterium muris	0.565919
Aeromicrobium marinum	0.0226049
Methylobacterium populi	0.000831152
Geobacter bemidjiensis	0.00156223
Fictibacillus gelatini	0.00130995
Algoriphagus halophilus	0.00443164
Lactobacillus antri	0.00314189
Bacillus patagoniensis	0.00473462
Maribacter ulvicola	0.00282215
Proteus sp.	0.00017
Flavobacterium frigoris	0.0147563
Dyella japonica	0.000831152
Fastidiosipila sanguinis	0.0219387
Lactobacillus vini	0.00440801
Thermosipho atlanticus	0.00109662
Nocardiopsis valliformis	0.0444568
Rummeliibacillus stabekisii	0.00561545
Crinalium epipsammum	0.00424286
Klebsiella variicola	0.03851
Nocardiopsis salina	0.0013297
Vibrio crassostreae	0.00781116
marine gamma proteobacterium HTCC2080	0.00473462
Lentisphaera araneosa	0.00116687
Streptococcus pseudopneumoniae	0.0009
Lactobacillus satsumensis	0.0137566
Limnobacter sp. HTCC376	0.00368908
Thermosinus carboxydivorans	0.00440102
Kangiella koreensis	0.00349199
Bacillus muralis	0.0243122
Phenylobacterium koreense	0.00177248
Stenotrophomonas koreensis	0.00354497
Neisseria bacilliformis	0.00554939
Lactobacillus acidifarinae	0.00365979
Aneurinibacillus danicus	0.00238515
Paenibacillus wynnii	0.00320965
Nitratiruptor tergarcus	0.00284139
Nitratifractor salsuginis	0.00368908
Sporolactobacillus nakayamae	0.00484191
Methylobacterium hispanicum	0.00168759
Pseudomonas xanthomarina	0.24348
Arthrobacter castelli	0.00346897
Nesterenkonia sandarakina	0.00693794
Novosphingobium naphthalenivorans	0.00368908
Brevibacillus levickii	0.00211314
Aquibacillus koreensis	0.00211314
Agromyces italicus	0.00440102
Jiangella gansuensis	0.00346897
Streptomyces fulvorobeus	0.00130995
Bacillus salarius	0.0069735
Carboxydocella sporoproducens	0.00130995
Acetobacter nitrogenifigens	0.000831152
Alkaliflexus imshenetskii	0.00590737
Acetivibrio ethanolgignens	0.00484191
Dactylococcopsis salina	0.00156223
Marinococcus halotolerans	0.00769645
Corynebacterium tuscaniense	0.0104085
Endozoicomonas elysicola	0.00109662
Chryseobacterium vrystaatense	0.00561545
Tepidimonas taiwanensis	0.00599377
Algoriphagus boritolerans	0.00384808
Geobacter lovleyi	0.00299159
Spiroplasma eriocheiris	0.00172735
Synechococcus sp. RCC307	0.00446389
Photobacterium kishitanii	0.00265315
Dietzia kunjamensis	0.00206543
Pontibacter actiniarum	0.00303177
Bacillus idriensis	0.00422627
Neisseria zoodegmatis	0.00265315
Sphingomonas azotifigens	0.00486713
Kocuria aegyptia	0.0138759
Sporosarcina koreensis	0.00234044
Thiomonas bhubaneswarensis	0.00282215
Kopriimonas byunsanensis	0.00542035
Clostridium cavendishii	0.00676636
Shinella zoogloeoides	0.00212522
Micromonospora chokoriensis	0.00262
Lactobacillus parabrevis	0.00298784
Nocardia harenae	0.00116687
Paenibacillus sepulcri	0.00177248
Schlesneria paludicola	0.0686159
Amphibacillus sediminis	0.00785999
Flavobacterium reichenbachii	0.00737817
Azohydromonas australica	0.00443164
Ferrimonas futtsuensis	0.00349199
Chryseobacterium caeni	0.00354824
Ruania albidiflava	0.0017452
Flavobacterium defluvii	0.0110673
Chryseobacterium gambrini	0.00212522
Rivularia sp. PCC 7116	0.00256148
Paracoccus halophilus	0.00337519
Lactobacillus amylotrophicus	0.000726581
Variovorax soli	0.00212522
Lactobacillus namurensis	0.00238515
Lactobacillus camelliae	0.00346897
Ornithinimicrobium pekingense	0.00404253
Cycloclasticus sp. P1	0.00109662
gamma proteobacterium HTCC5015	0.00368908
Lactobacillus aquaticus	0.00468088
Terriglobus roseus	0.00354824
Brevundimonas sp. KACC 10191	0.00708994
Acinetobacter brisouii	0.0710194
Salinicoccus kunmingensis	0.0024692
Marinomonas sp. MWYL1	0.00368908
Rahnella sp. BIHB 783	0.00484191
Streptomyces hainanensis	0.0017452
Syntrophomonas palmitatica	0.0013297
Streptomyces radiopugnans	0.002741
Prevotella pleuritidis	0.0733872
Dyadobacter koreensis	0.00256148
Paenibacillus humicus	0.0209519
Cronobacter muytjensii	0.00349199
Actinopolyspora sp. YIM 90485	0.00303177
Flavobacterium terrae	0.00265315
Marinobacterium rhizophilum	0.00411134
Clostridium tepidiprofundi	0.00346897
Chryseobacterium oranimense	0.0332018
Elusimicrobium minutum	0.00411134
Ochrobactrum sp. CCBAU 10752	0.0345722
Sediminibacterium salmoneum	0.00223804
Alkalibacterium putridalgicola	0.00405203
Humibacter albus	0.00561545
Desulfurivibrio alkaliphilus	0.00348821
Mycobacterium setense	0.00116687
Streptococcus henryi	0.00404253
Promicromonospora kroppenstedtii	0.000831152
Maribacter stanieri	0.00109662
Corynebacterium massiliense	0.00256148
Geobacter sp. M18	0.00354824
Streptomyces sp. HBUM 87473	0.00304284
Anaeromyxobacter sp. K	0.00303177
Pseudoclavibacter soli	0.00443164
Gracilimonas tropica	0.0043902
Micrococcus endophyticus	0.00468088
Bacteroides sp. 4_3_47FAA	53.8699
Ilumatobacter coccineus	0.00346897
Bacteroides sp. 3_1_40A	4.33611
Devosia yakushimensis	0.0407671
Halomonas sediminis	0.000831152
Virgibacillus sp. YIM C510	0.0131
Virgibacillus sp. YIM C831	0.0021926
Bifidobacterium bombi	0.00116687
Pedobacter borealis	0.00256148
Actinoallomurus caesius	0.00346897
Chloroflexus sp. Y-400-fl	0.00320965
Lactobacillus odoratitofui	0.00354824
Lactobacillus fabifermentans	0.0563525
Paenibacillus glacialis	0.00303177
Slackia equolifaciens	0.00781116
Deinococcus gobiensis	0.0099995
Salisaeta longa	0.00130995
Cellulophaga tyrosinoxydans	0.00109662
Chryseobacterium solincola	0.00109662
Nesterenkonia alba	0.00693794
Stenotrophomonas chelatiphaga	0.00368908
Lactobacillus sucicola	0.00687829
Bacillus trypoxylicola	0.115236
Lactobacillus sp. KLDS 1.0718	0.00234044
Bacillus sp. CCBAU 10711	0.00404253
Salinibacterium sp. JC2486	0.00116488
Azospirillum thiophilum	0.00568537
Sphingomonas changbaiensis	0.0021926
Arcobacter thereius	0.00769645
Mycobacterium vulneris	0.00346897
Flavobacterium glycines	0.00737817
Lachnospiraceae bacterium 4_1_37FAA	0.00021
Flavobacterium chungangense	0.0221345
Roseomonas aestuarii	0.0159564
Psychrobacter sp. G	0.0866151
Slackia isoflavoniconvertens	0.00225973
Pasteurellaceae bacterium CCUG 36050	0.00404253
Pasteurellaceae bacterium NCTC 11878	0.00234044
Thermoanaerobacter sp. X513	0.00284139
Ochrobactrum sp. CCBAU 61222	0.0026594
Wandonia haliotis	0.0043902
Corynebacterium maris	0.00116687
Polynucleobacter necessarius	0.00769645
Lysinibacillus xylanilyticus	0.00404253
Oceanobacillus sojae	0.0280853
Terribacillus aidingensis	0.00265315
Chryseobacterium sp. KOPRI 25179	0.00177248
Sanguibacter sp. YIM 100119	0.000726581
Ruminococcus faecis	0.00580349
Aeromonas piscicola	0.0016623
Olsenella umbonata	0.00234044
Succinatimonas hippei	0.02015
Burkholderia sp. CCGE1003	0.00472813
Arenicella xantha	0.0026594
Fretibacterium fastidiosum	0.00165
Halanaerobium hydrogeniformans	0.00343914
Paraburkholderia acidipaludis	0.00156223
Pantoea gaviniae	0.00709648
Rhodanobacter denitrificans	0.000831152
Selenomonas artemidis	0.00440801
Comamonas terrae	0.00368908
Altererythrobacter dongtanensis	0.0021926
Jiangella muralis	0.00306476
Meniscus glaucopis	0.00448089
Pseudonocardia rhizophila	0.00109662
Nocardia sp. YIM 65630	0.00473462
Bacillus endoradicis	0.00211314
Bradyrhizobium lablabi	0.00109662
Sphingobacterium sp. 21	0.00116488
Escherichia sp. TW11588	4.34293
Methylophaga frappieri	0.00299159
Bacillus sp. NCIMB 11647	0.00349199
alpha proteobacterium HIMB5	0.00446389
Bacillus sp. IHB B 4043	0.00211314
Arthrobacter sp. KOPRI 25486	0.00109662
Citricoccus sp. KMM 3890	0.00577434
Caldanaerobacter subterraneus	0.00357615
Sandaracinus amylolyticus	0.00471309
Lactobacillus senioris	0.00130995
Marinomonas posidonica	0.0017452
Arcobacter sp. L	0.00116488
Acidicapsa borealis	0.00116488
Flavobacterium chilense	0.0110673
Mucilaginibacter sp. KOPRI 25884	0.00351865
Arcanobacterium canis	0.00843796
Saprospiraceae bacterium KMM 9006	0.00233375
Pusillimonas sp. T7-7	0.0013297
Alistipes timonensis JC136	0.72077
Bosea sp. LMG 26380	0.00212522
Pedobacter kyungheensis	0.00346897
Aeromicrobium sp. CCBAU 10887	0.0013297
Leucobacter chromiiresistens	0.00709774
Gluconobacter sp. NBRC 3259	0.0110673
Ochrobactrum sp. NBRC 12953	0.0026594
Lactobacillus sp. NBRC 14512	0.0056427
Bacillus sp. NBRC 15377	0.00443164
Sphingomonas sp. NBRC 15914	0.00177248
Sporosarcina sp. NBRC 100704	0.108896
Sporosarcina sp. NBRC 100707	0.00473462
Bacillus sp. NBRC 101221	0.00473462
Bacillus sp. NBRC 101223	0.00702132
Bacillus sp. NBRC 101224	0.00212522
Hymenobacter sp. NBRC 101362	0.0306964
Brochothrix sp. NBRC 101651	0.00109662
Paracoccus sp. NBRC 101723	0.0013297
Alcanivorax sp. NBRC 102024	0.00270907
Virgibacillus sp. NBRC 102404	0.02882
Weissella sp. NBRC 107217	0.0179813
Andreprevotia lacus	0.00312446
Marinococcus luteus	0.00769645
[Spirillum] lunatum	0.00368908
Endozoicomonas numazuensis	0.00473462
Lactobacillus curieae	0.00446389
Acinetobacter sp. CIP 101934	0.00407315
Acinetobacter sp. CIP 101966	0.0404204
Acinetobacter sp. CIP 102136	0.00577434
Kangiella sediminilitoris	0.00256148
Paenibacillus sp. YIM 110206	0.000726581
Enteractinococcus sp. YIM 100602	0.000726581
Tangfeifania diversioriginum	0.00443164
Vulcaniibacterium thermophilum	0.00737817
Microcoleus sp. PCC 7113	0.00460278
Agrobacterium fabrum	0.0013297
Mesotoga prima	0.00303177
Flavobacterium akiainvivens	0.0496296
Jatrophihabitans endophyticus	0.00468088
Nonlabens sp. KMM 6497	0.00499975
Candidatus Nitrosopumilus sp. AR2	0.0131556
Amphritea sp. KMM 6733	0.00270907
Liberibacter crescens	0.00298784
Methylogaea oryzae	0.00354824
Mariniluteicoccus flavus	0.0013297
Anoxybacillus sp. YIM 342	0.00349199
Chishuiella changwenlii	0.0024692
Bacillus sp. JCM 19046	0.00946925
Streptomyces sp. NRRL B-3229	0.032889
Anoxybacillus geothermalis	0.0139679
Lactobacillus bombicola	0.00223804
Nocardiopsis sp. NRRL B-16309	0.111695
Mesocricetibacter intestinalis	0.00795946
Flavobacterium sp. DSM 9626	1.53466
Skermanella sp. YIM 93097	0.00381199
Planktothrix paucivesiculata	0.00172735
Chryseobacterium sp. IHB B 17019	0.00354824
Kocuria sp. YIM 13062	0.00262702
Chitinibacter sp. STM-7	0.190592
Brachybacterium sp. HBUM179121	0.00785999
Brevibacterium sp. HBUM179624	0.00262
Microbacterium sp. HBUM179443	0.00223804
Anaerostipes sp. MC_31	0.0204638
Caviibacter abscessus	0.00795946
Acidovorax sp. JCM 10072	0.00234044
Bacillus nakamurai	0.00577434
Achromobacter sp. ATCC31444	0.00177248
Mobilicoccus sp. YIM 101593	0.000726581
Paenibacillus sp. BIHB4019	0.00232975
Paenibacillus sp. IHBB 9852	0.0111902
