Bacteroides uniformis	4.01528430101266
Bacteroides vulgatus	5.74473818822785
Bacteroides ovatus	1.99194102263291
Blautia obeum	0.708689215177215
Blautia luti	1.09607419556962
Intestinibacter bartlettii	0.593172157848101
Alistipes shahii	1.07066043265823
Bacteroides dorei	3.07132030681013
Bacteroides luti	3.03503796962025
Bacteroides fragilis	2.29876754
Bacteroides thetaiotaomicron	1.29536810382051
Faecalibacterium prausnitzii	1.61450647679487
Alistipes putredinis	0.986972593961538
[Eubacterium] dolichum	0.201102083192308
[Ruminococcus] gnavus	0.541644025051282
[Eubacterium] rectale	0.968069382628205
Veillonella dispar	1.74988532294872
Bacteroides stercoris	1.95522897229487
Streptococcus salivarius	0.239004407792208
Bacteroides eggerthii	0.390624161831169
Veillonella parvula	1.92818089233766
Peptoniphilus lacrimalis	0.528935124545455
[Clostridium] leptum	0.297705422236842
[Eubacterium] hallii	0.302950836447368
Bacteroides caccae	1.23648917235526
Hespellia stercorisuis	0.659544699736842
Bacteroides xylanisolvens	1.26307276171053
Streptococcus oralis	0.043164986
Blautia coccoides	0.108840760066667
Clostridium tertium	0.16300819084
Streptococcus mitis	0.0892640673066667
Bacteroides massiliensis	0.686646573586667
[Eubacterium] siraeum	0.287345521324324
[Clostridium] indolis	0.249286447351351
[Clostridium] bolteae	0.0617208944594595
Alistipes onderdonkii	1.17143518606757
Escherichia coli	2.85130137094521
Parabacteroides distasonis	0.525975765232877
Ruminiclostridium thermocellum	0.119245643
Eubacterium desmolans	0.474171754684932
[Eubacterium] eligens	0.351822299493151
Veillonella atypica	1.31049505328767
Ruminococcus bromii	2.2205698849863
Parabacteroides merdae	1.45056953575342
[Clostridium] saccharolyticum	0.254352354520548
Akkermansia muciniphila	0.859091806821918
Bacteroides coprocola	0.601907153561644
Blautia glucerasea	0.132142855547945
[Clostridium] spiroforme	0.961033008236111
Prevotella copri	3.85068177458333
Alistipes finegoldii	0.576903785458333
Dialister invisus	0.811084490722222
Alistipes timonensis	0.41281856475
Streptococcus thermophilus	0.113710891647887
Mitsuokella multacida	0.0408339355211268
Roseburia intestinalis	0.0623374411549296
Blautia hansenii	0.273050934857143
Erysipelatoclostridium ramosum	0.066280568
Clostridium paraputrificum	0.186106482042857
Clostridium saccharoperbutylacetonicum	0.1098689764
Dorea formicigenerans	0.1736178674
Dorea longicatena	0.257285645528571
Coprococcus comes	0.113617689314286
Gemmiger formicilis	0.165467047142857
Ruminococcus albus	0.558309413
[Clostridium] viride	0.0903040485072464
Bacteroides acidifaciens	0.0282894022608696
Bacteroides cellulosilyticus	0.461310925797101
Bacteroides nordii	0.106141288101449
Barnesiella viscericola	0.447449690971015
[Clostridium] methylpentosum	0.234166558382353
Roseburia faecis	0.306565634823529
Haemophilus parainfluenzae	0.101340071313433
[Clostridium] symbiosum	0.083029138358209
Odoribacter splanchnicus	0.171546517358209
Clavibacter michiganensis	0.431561837149254
[Ruminococcus] torques	0.0658838731641791
Parasutterella excrementihominis	0.524932775492537
Cellulosilyticum lentocellum	0.0221311567878788
Bacteroides intestinalis	0.24363178030303
Clostridium beijerinckii	0.107524513938462
Clostridium tarantellae	0.0393990456307692
Ruminococcus callidus	0.239684468107692
Sporobacter termitidis	0.246903225030769
Bacteroides sp. CIP103040	0.0750859820307692
Roseburia inulinivorans	0.0423557489692308
Blautia hydrogenotrophica	0.01579898609375
Acholeplasma brassicae	0.069477126578125
Roseburia hominis	0.056902309109375
Oscillibacter valericigenes	0.46591951128125
[Clostridium] aldenense	0.0444807579206349
Holdemanella biformis	0.223033935806452
Acidaminococcus intestini	1.00176906337097
Bacteroides faecichinchillae	0.0125228659193548
Prevotella ruminicola	0.027696567704918
Terrisporobacter mayombei	0.283962612
Collinsella aerofaciens	0.138550727377049
Eggerthella lenta	0.0233884882622951
Anaerotruncus colihominis	0.0801609868360656
Bacteroides sartorii	0.0127805118032787
Clostridium septicum	0.0442826520166667
Anaerostipes butyraticus	0.0572920616166667
Bacteroides stercorirosoris	0.03131426075
Eubacterium ventriosum	0.171556812779661
Eubacterium xylanophilum	0.123508152677966
Paraprevotella clara	0.155341897169492
Bacteroides graminisolvens	0.0125011828983051
Megasphaera elsdenii	0.712742539396552
Actinomyces odontolyticus	0.0123025585862069
Ruminococcus lactaris	0.107063659448276
Proteiniphilum acetatigenes	0.00741655127586207
[Clostridium] saccharogumia	0.0726279214827586
Bifidobacterium pseudocatenulatum	0.0588246206491228
Coprococcus eutactus	0.173031090192982
Ruminococcus champanellensis	0.620265468263158
Clostridium ventriculi	0.0140376735535714
Granulicatella adiacens	0.0375564510357143
Bacillus nealsonii	0.0100411775535714
Bifidobacterium longum	0.0564829835892857
Bifidobacterium merycicum	0.0922289096727273
[Clostridium] clariflavum	0.0673538923636364
Bacteroides salyersiae	0.0509290931636364
Christensenella minuta	0.0899879159636364
Streptococcus suis	0.0144045965740741
Streptococcus vestibularis	0.0106718367222222
Romboutsia lituseburensis	0.0269936713148148
Bifidobacterium catenulatum	0.0614321124444444
Papillibacter cinnamivorans	0.0385720352962963
[Clostridium] neopropionicum	0.0592438650566038
Blautia schinkii	0.0187677418867925
Dialister propionicifaciens	0.288296071156863
Ruminococcus sp. DSM 100440	0.0664073593921569
Clostridium perfringens	0.14673348226
Prevotella oris	0.00533915178
Butyrivibrio crossotus	0.07978756162
[Clostridium] citroniae	0.0398428767
Clostridium butyricum	0.0227925900612245
Clostridioides difficile	0.312343612285714
[Clostridium] propionicum	0.0297931871020408
Sutterella stercoricanis	0.753784673959184
Parabacteroides goldsteinii	0.026785915
Shigella flexneri	0.0626302287291667
Clostridium chauvoei	0.0710146126808511
Prevotella bivia	0.0144004051086957
[Clostridium] scindens	0.0175974677391304
Eubacterium ramulus	0.0296439705434783
Anaerostipes caccae	0.0508573330217391
Sutterella parvirubra	0.389308345608696
Gordonibacter pamelaeae	0.0137901117608696
Paenibacillus sp. VKM B-2647	0.0726960876086957
Enterococcus faecium	0.514871735955556
Ethanoligenens harbinense	0.181232466422222
Fusobacterium mortiferum	0.01343545925
Paludibacter propionicigenes	0.0119895346590909
Nisaea denitrificans	0.0412549994318182
Bacteroides rodentium	0.00522661354545454
Eubacterium limosum	0.00638465841860465
Bilophila wadsworthia	0.0146316122325581
Salmonella enterica	0.0217976136190476
Caminicella sporogenes	0.0216051780714286
Subdoligranulum variabile	0.0219883114285714
Ruminococcus flavefaciens	0.0369675351707317
Streptococcus pneumoniae	0.0049696743902439
Tannerella forsythia	0.0254152837073171
[Eubacterium] sulci	0.0868673827317073
Megasphaera micronuciformis	0.190581969512195
Jejuia pallidilutea	0.0659151851707317
Lactobacillus hominis	0.00593405541463415
Clostridium baratii	0.01339037675
Streptococcus pasteurianus	0.003645733225
Clostridium sp. ATCC 29733	0.0165349855384615
Solobacterium moorei	0.00437427017948718
Actinomyces lingnae	0.00481018392307692
Prevotella salivae	0.0325210781025641
Holdemania filiformis	0.0280836599473684
Coprobacillus cateniformis	0.0271610929736842
Hungatella hathewayi	0.0151018425
[Clostridium] colinum	0.00817924467567568
Bifidobacterium scardovii	0.0110848397837838
Bacteroides barnesiae	0.119207096027027
Desulfovibrio desulfuricans	0.0276907710277778
[Clostridium] sphenoides	0.00349795975
[Clostridium] xylanolyticum	0.00254570280555556
Veillonella ratti	0.572387841861111
Bifidobacterium biavatii	0.0192677579166667
Finegoldia magna	0.0142146868857143
Gemella haemolysans	0.00562634714285714
Acholeplasma palmae	0.0551147768857143
Anaerofilum pentosovorans	0.00344154942857143
[Eubacterium] fissicatena	0.0031830102
Alistipes sp. RMA 9912	0.0454120051142857
Yersinia pestis	0.0115780925294118
Clostridium cadaveris	0.0283909122647059
Hirschia baltica	0.148255732970588
Bacteroides heparinolyticus	0.00261288285294118
Clostridium puniceum	0.0421995942941176
Lachnoclostridium phytofermentans	0.00270270005882353
Dickeya dadantii	0.0801386870588235
Alkaliphilus oremlandii	0.00535228547058824
Geofilum rubicundum	0.125630651941176
Staphylococcus epidermidis	0.00429317263636364
Pseudobacteroides cellulosolvens	0.00547009024242424
Porphyromonas catoniae	0.00180072448484848
Prevotella albensis	0.00263398206060606
Butyricimonas virosa	0.134624518454545
Pseudomonas aeruginosa	0.01430911959375
Prevotella loescheii	0.001630333625
Fusobacterium nucleatum	0.16422561278125
Clostridium pasteurianum	0.0038362905
Bacteroides gallinarum	0.003472589875
Clostridium amylolyticum	0.01302429853125
Enterococcus hirae	0.0115602993870968
Corynebacterium imitans	0.00243376203225806
Megamonas hypermegale	0.070038994483871
Anaerofustis stercorihominis	0.008460772
Enhydrobacter aerosaccus	0.00306119716129032
Prevotella timonensis	0.00418209112903226
Bacillus gaemokensis	0.013167102483871
Haemophilus sputorum	0.0229202157096774
Clostridium acetobutylicum	0.00387050693333333
Lactobacillus amylovorus	0.0227446627
Bacteroides zoogleoformans	0.00153456493333333
Rothia mucilaginosa	0.0321138235666667
Eubacterium plexicaudatum	0.00169289216666667
Peptostreptococcus stomatis	0.0437918921666667
Capnocytophaga ochracea	0.0114782890357143
Heliobacterium modesticaldum	0.0156119483928571
Granulicatella elegans	0.0058104145
Bacteroides helcogenes	0.00442465592857143
Streptococcus equinus	0.0047239192962963
Propionibacterium acnes	0.0353894106296296
[Eubacterium] brachy	0.0316555238518519
Megasphaera cerevisiae	0.407824542925926
Dialister pneumosintes	0.216647598037037
Caldilinea aerophila	0.0014248532962963
Flavobacterium fontis	0.0439524877407407
Lactococcus lactis	0.00682835688461539
Lactobacillus reuteri	0.0531928180384615
Acholeplasma axanthum	0.312939655538462
Parvimonas micra	0.00212078792307692
Enterococcus gilvus	0.0388329026923077
Algoriphagus marincola	0.127057427269231
Bacteroides coprophilus	0.00490782123076923
Bifidobacterium callitrichos	0.00434860830769231
Bacteroides reticulotermitis	0.00689591884615385
Klebsiella pneumoniae	0.06958065916
Flavobacterium columnare	0.00551348516
Lactobacillus sakei	0.0038152786
[Desulfotomaculum] guttoideum	0.00168403576
Streptococcus orisratti	0.00285143616
Lactobacillus versmoldensis	0.01985079152
Candidatus Peptoniphilus massiliensis	0.00886531672
Prevotella sp. oral taxon 299	0.00191043116
Streptococcus intermedius	0.00618501891666667
Atopobium parvulum	0.003868989875
Bifidobacterium indicum	0.00653003645833333
Desulfovibrio fairfieldensis	0.00648822920833333
Peptoniphilus harei	0.007827868875
Collinsella intestinalis	0.0117172213333333
Eggerthella sp. YY7918	0.0556571130833333
Prevotella saccharolytica	0.011877936375
Parabacteroides chinchillae	0.0027340495
Hirschia maritima	0.009911591625
Staphylococcus aureus	0.00580100160869565
Paraclostridium bifermentans	0.00684692586956522
[Clostridium] stercorarium	0.0477482529130435
Clostridium carnis	0.0217560847826087
Clostridium magnum	0.00365062152173913
Enterococcus casseliflavus	0.0139594759130435
Prevotella bryantii	0.006819422
Clostridium colicanis	0.0849036701304348
Prevotella paludivivens	0.0294271223913043
Lentisphaera araneosa	0.0177225370869565
Bacteroides paurosaccharolyticus	0.00296461295652174
Arsenophonus nasoniae	0.0296080664090909
Fusobacterium varium	0.926892965090909
Peptoniphilus asaccharolyticus	0.00321501336363636
Bifidobacterium bifidum	0.00912102531818182
Spiroplasma taiwanense	0.0312878697727273
Prevotella buccae	0.00196749922727273
Prevotella buccalis	0.00400170931818182
Prevotella melaninogenica	0.00374949795454545
Desulfosporosinus meridiei	0.00142583827272727
Clostridium gasigenes	0.00575615568181818
Serratia sp. ATCC 39006	0.188000923636364
Mogibacterium diversum	0.0210041918636364
Anaerolinea thermophila	0.00106527377272727
Natranaerobius thermophilus	0.0260368451818182
Ruminococcus faecis	0.0107616441818182
Clostridium botulinum	0.00999033104761905
Bifidobacterium angulatum	0.00251222414285714
Clostridium maximum	0.00505604147619048
Campylobacter hominis	0.031973349047619
Pseudoflavonifractor capillosus	0.00757392128571429
Peptoniphilus tyrrelliae	0.00572917242857143
Veillonella tobetsuensis	0.00590976676190476
Bacillus simplex	0.0134351325
Desulfotomaculum ruminis	0.00140261475
Actinomyces naeslundii	0.0046712376
Prevotella corporis	0.05563717775
Prevotella oulorum	0.0402778354
Flavobacterium pectinovorum	0.08441424665
[Eubacterium] nodatum	0.0036469536
Butyrivibrio proteoclasticus	0.0020739892
Abiotrophia defectiva	0.014374499
Pseudobutyrivibrio ruminis	0.0017930814
Actinomyces graevenitzii	0.00523459355
Prevotella shahii	0.00606690105
Prevotella amnii	0.00466468105
Prevotella fusca	0.2026636888
Thermincola potens	0.00242999115
Bacillus thuringiensis	0.00471992678947368
Lactobacillus buchneri	0.00583607105263158
Lactobacillus plantarum	0.0110762417894737
Kandleria vitulina	0.113611033473684
Eubacterium oxidoreducens	0.00300656615789474
Clostridium thermobutyricum	0.00714580073684211
[Eubacterium] tortuosum	0.00222866031578947
Robinsoniella peoriensis	0.0242105343684211
Spiroplasma velocicrescens	0.0841641614210526
Parabacteroides johnsonii	0.0142684108421053
Cellulosilyticum ruminicola	0.00363543957894737
Fibrobacter succinogenes	0.00164653077777778
[Clostridium] sporosphaeroides	0.00576302055555556
Pseudomonas thivervalensis	0.00419773466666667
Dialister micraerophilus	0.3587766555
Roseiflexus sp. RS-1	0.00426419672222222
[Bacteroides] pectinophilus	0.0009493035
Asaccharobacter celatus	0.00820073755555556
Streptococcus sp. I-P16	0.00640020711111111
Shigella boydii	0.00622704823529412
Streptococcus gordonii	0.00600522064705882
Enterococcus columbae	0.00106302705882353
Clostridioides mangenotii	0.00217927888235294
Lactobacillus casei	0.00789928747058823
Bifidobacterium dentium	0.00375877005882353
Porphyromonas levii	0.00826764458823529
Succinivibrio dextrinosolvens	0.00153120529411765
Desulfotomaculum gibsoniae	0.00243394123529412
Anaerorhabdus furcosa	0.001744119
Marvinbryantia formatexigens	0.00171541441176471
Alteromonas mediterranea	0.00326543923529412
Lactonifactor longoviformis	0.00494761329411765
Bacteroides salanitronis	0.00167108105882353
Lactobacillus aquaticus	0.009786158
Vagococcus teuberi	0.0135985145882353
Clostridium sp. BNL1100	0.0145953944117647
Proteus mirabilis	0.415818766625
Bergeyella zoohelcum	0.022155987875
Lactobacillus acidophilus	0.012269237625
Corynebacterium glutamicum	0.0027761785
Porphyromonas asaccharolytica	0.0023365056875
Actinomyces sp.	0.0033794476875
[Clostridium] polysaccharolyticum	0.0058471049375
Desulfonispora thiosulfatigenes	0.006449039375
Dysgonomonas gadei	0.005269806375
Meganema perideroedes	0.0028799354375
Adlercreutzia equolifaciens	0.0022520985
Mageeibacillus indolicus	0.001751200125
Streptococcus sp. MR-1949	0.0051085933125
Shimwellia blattae	0.0206991714
Paenibacillus polymyxa	0.00240073753333333
Clostridium formicaceticum	0.00101752966666667
Clostridium aurantibutyricum	0.00246521793333333
Bifidobacterium adolescentis	0.00559281466666667
Anaerococcus vaginalis	0.010080525
Mogibacterium timidum	0.0990751281333333
Enterococcus dispar	0.0042031368
Varibaculum cambriense	0.00384649046666667
Cloacibacterium normanense	0.00406130906666667
Porphyromonas uenonis	0.0066419204
Parasutterella secunda	0.00245198813333333
Clostridium sp. ATCC 25772	0.0047316932
Fusobacterium periodonticum	0.0521321117142857
Enterococcus sulfureus	0.00628999485714286
Sporosarcina psychrophila	0.187519195285714
Lactobacillus animalis	0.0151766949285714
Alteromonas macleodii	0.00292627657142857
Terrisporobacter glycolicus	0.00531479314285714
Dysgonomonas capnocytophagoides	0.00139702985714286
Anaeroglobus geminatus	0.0786276092142857
Owenweeksia hongkongensis	0.00119843885714286
Marinifilum fragile	0.00130079907142857
Campylobacter ureolyticus	0.0146339233846154
Oxalobacter formigenes	0.0507854146153846
Hathewaya histolytica	0.00264177946153846
Actinomyces viscosus	0.00200896138461538
Gardnerella vaginalis	0.00314904307692308
Porphyromonas endodontalis	0.00156134538461538
Prevotella denticola	0.0137982523846154
Clostridium argentinense	0.00171416284615385
Coriobacterium glomerans	0.00116416084615385
Lactobacillus johnsonii	0.0165740679230769
Oxobacter pfennigii	0.00303534284615385
Lactobacillus crispatus	0.0167076300769231
Desulfotomaculum acetoxidans	0.00183368907692308
Collimonas fungivorans	0.004525563
Streptococcus gallolyticus	0.00160739576923077
Microbacter margulisiae	0.00137487269230769
Fusobacterium ulcerans	0.544744873666667
[Clostridium] purinilyticum	0.00142073866666667
Porphyromonas circumdentaria	0.00716151916666667
Anaerococcus prevotii	0.00421922291666667
Clostridium quinii	0.00213632425
Streptomyces cinnamoneus	0.0059052265
Rhizobium undicola	0.00536298658333333
Actinomyces urogenitalis	0.00221391741666667
Enterococcus moraviensis	0.00206748541666667
Leptotrichia wadei	0.00144365458333333
Alkaliphilus metalliredigens	0.00234657033333333
Clostridium estertheticum	0.00337595616666667
Thermosediminibacter oceani	0.00223618116666667
Coraliomargarita akajimensis	0.0529323984166667
Rhodoplanes piscinae	0.002855208
Prevotella scopos	0.00278918216666667
Prevotella dentasini	0.00125486741666667
Altererythrobacter dongtanensis	0.00343837858333333
Arcobacter sp. L	0.00122167708333333
Ponticaulis koreensis	0.002951483
Garciella sp. YIM G1-1	0.0095580075
Pantoea ananatis	0.00907499554545455
Aggregatibacter segnis	0.00408031527272727
[Clostridium] sticklandii	0.00124976636363636
[Clostridium] oroticum	0.00169106172727273
Lactobacillus delbrueckii	0.00196112727272727
Bifidobacterium breve	0.012451267
Prevotella disiens	0.0162890440909091
Prevotella veroralis	0.00382533854545455
Clostridium intestinale	0.00160135890909091
Clostridium moniliforme	0.0516790959090909
[Eubacterium] yurii	0.00320236545454545
Capnocytophaga granulosa	0.00184557663636364
Clostridium pascui	0.00196427454545455
[Eubacterium] saphenum	0.00353759145454545
Sulfurospirillum arcachonense	0.000849496727272727
Paenibacillus mucilaginosus	0.001568755
Selenomonas sputigena	0.00140985418181818
Pseudomonas monteilii	0.00218503718181818
Clostridium autoethanogenum	0.00111778545454545
Asaia bogorensis	0.00450815718181818
Gemmatimonas aurantiaca	0.00374662945454545
Prevotella oryzae	0.00652939327272727
Bacteroides sp. DSM 12148	0.00949744090909091
Fastidiosipila sanguinis	0.00361265145454545
Bacteroides plebeius	0.00324634027272727
Paraprevotella xylaniphila	0.00156355290909091
Prevotella histicola	0.0271616532727273
Cronobacter universalis	0.0152809705454545
Lactobacillus floricola	0.00429259736363636
Desulfosporosinus acidiphilus	0.00935529654545455
Prevotella sp. JCM 6348	0.0177300702727273
Neisseria cinerea	0.0027275865
Citrobacter freundii	0.0054044118
Enterobacter cloacae	0.0023029136
Morganella morganii	0.0051824631
Haemophilus haemolyticus	0.0047998756
Peptostreptococcus anaerobius	0.0062380995
Clostridium cellulovorans	0.0011052622
Clostridium malenominatum	0.0015530799
Clostridium scatologenes	0.0019969986
Rothia dentocariosa	0.0043901563
Cardiobacterium hominis	0.0034048353
[Clostridium] termitidis	0.0047184238
Sphingomonas mali	0.0019859819
Prevotella dentalis	0.0007274474
Pantoea cypripedii	0.0064372677
Halothece sp. PCC 7418	0.0008197788
Arthrobacter woluwensis	0.0135720839
Rothia aeria	0.0036585758
Thermodesulfobium narugense	0.0011651001
Spiroplasma montanense	0.0843776188
Marinobacter excellens	0.0011969631
Sutterella sanguinus	0.0020471823
Alkaliflexus imshenetskii	0.0025186229
Deinococcus misasensis	0.0042447411
Lachnoanaerobaculum saburreum	0.0041957881
Lactobacillus sp. KLDS 1.0718	0.0279946708
Actinomyces oris	0.0019397442
Dehalogenimonas lykanthroporepellens	0.0010956402
Clostridium sp. SY8519	0.0028849451
Eubacterium sp. JCM 9976	0.0075334261
Neisseria macacae	0.00238327722222222
Aeromonas hydrophila	0.00362818777777778
Coxiella burnetii	0.00416000666666667
Campylobacter gracilis	0.005731888
Acidaminococcus fermentans	0.00270265
Bacillus cereus	0.00460758733333333
Clostridium novyi	0.00241176888888889
Desulfosporosinus orientis	0.00157702788888889
Lactobacillus gasseri	0.0845584057777778
Burkholderia gladioli	0.00180380211111111
Prevotella oralis	0.00111709811111111
Rikenella microfusus	0.000611684333333333
[Clostridium] papyrosolvens	0.00226326977777778
Bifidobacterium thermophilum	0.00146256477777778
Corynebacterium minutissimum	0.000830413111111111
Faecalitalea cylindroides	0.00390845444444444
Corynebacterium matruchotii	0.000927131444444444
Anaerococcus octavius	0.00292333444444444
Streptococcus constellatus	0.00136492144444444
Tissierella creatinophila	0.000694451
Anaerosinus glycerini	0.0212480241111111
Thermacetogenium phaeum	0.00186268311111111
Nonomuraea terrinata	0.00212551166666667
Sporanaerobacter acetigenes	0.00166336211111111
Butyrivibrio hungatei	0.00206100777777778
Nautilia profundicola	0.000913015888888889
Nitrospira defluvii	0.000625371333333333
Flavobacterium suncheonense	0.00157086366666667
Sphingosinicella vermicomposti	0.00124768411111111
Clostridium sp. ATCC BAA-442	0.008192839
Caldicoprobacter faecalis	0.00226197855555556
Massilia oculi	0.00302705055555556
Dehalobacter sp. CF	0.00425112744444444
Vibrio alginolyticus	0.00179698025
Actinobacillus ureae	0.003366160875
Haemophilus influenzae	0.010981700125
[Clostridium] cellulolyticum	0.002056146125
Clostridium ljungdahlii	0.00721480925
Sphaerobacter thermophilus	0.001524874125
Prevotella nigrescens	0.001616081375
Anaerococcus tetradius	0.005326553
Clostridium celatum	0.003058854875
Dietzia maris	0.002565320375
Corynebacterium jeikeium	0.00126610675
Corynebacterium tuberculostearicum	0.003864893875
Lactobacillus rhamnosus	0.000725903875
Actinomyces meyeri	0.002972722
Streptococcus macedonicus	0.002086683875
Slackia exigua	0.001439474125
Mogibacterium vescum	0.032019725
Lactobacillus algidus	0.028875061875
Pseudomonas kilonensis	0.00555302025
Olsenella uli	0.02507796475
Dysgonomonas mossii	0.012476669625
Bifidobacterium thermacidophilum	0.001079456
Mahella australiensis	0.001294529125
Slackia faecicanis	0.00249976925
Carboxydocella sporoproducens	0.00240090125
Rhodobacterales bacterium HTCC2255	0.0007670405
Paenibacillus beijingensis	0.001721539
Klebsiella michiganensis	0.00539602175
Campylobacter concisus	0.00487804142857143
Aggregatibacter aphrophilus	0.00646717014285714
Haemophilus parahaemolyticus	0.00515344914285714
Fusobacterium perfoetens	0.229285910428571
Clostridium tetanomorphum	0.000949481428571429
[Eubacterium] tenue	0.00411268557142857
Anaerobiospirillum succiniciproducens	0.00119719885714286
Gemella morbillorum	0.00555025842857143
Methylobacterium radiotolerans	0.00129163171428571
Anaerococcus hydrogenalis	0.00123064142857143
Gloeobacter violaceus	0.0123930618571429
Anoxybacillus flavithermus	0.00193230042857143
Desulfitobacterium dehalogenans	0.00343402285714286
Caldanaerobius polysaccharolyticus	0.0103857048571429
Succinispira mobilis	0.00385354985714286
Clostridium putrefaciens	0.00276303971428571
Mogibacterium neglectum	0.079336098
Paenibacillus glycanilyticus	0.00817054428571429
Selenomonas infelix	0.000927181428571429
Cellvibrio japonicus	0.00466443542857143
Leptotrichia goodfellowii	0.0314650245714286
Enterobacter hormaechei	0.00421716142857143
Thermobaculum terrenum	0.000467958428571429
Aurantimonas coralicida	0.00059725
Moorella mulderi	0.00154596657142857
Mesoplasma corruscae	0.00577939928571429
Aquibacillus koreensis	0.00425891314285714
Thermovirga lienii	0.000583147
Pelosinus fermentans	0.000609488285714286
Steroidobacter denitrificans	0.00120867085714286
Calditerrivibrio nitroreducens	0.000567874428571429
Olsenella umbonata	0.0185194498571429
Bifidobacterium actinocoloniiforme	0.00189461942857143
Sulfuritalea hydrogenivorans	0.000916719142857143
Gemmata obscuriglobus	0.0015206785
Brevundimonas diminuta	0.00371963783333333
Pseudomonas fluorescens	0.00913556333333333
Pseudomonas putida	0.0104166783333333
Pseudomonas stutzeri	0.00655916266666667
Butyrivibrio fibrisolvens	0.0019956105
Desulfovibrio vulgaris	0.000889251833333333
Leuconostoc mesenteroides	0.0016141125
Streptococcus agalactiae	0.00207860416666667
Bacillus smithii	0.00268542116666667
Clostridium tetani	0.00394688216666667
Clostridium subterminale	0.0194543986666667
Erysipelothrix rhusiopathiae	0.00141542783333333
Bifidobacterium asteroides	0.001925548
Bifidobacterium pseudolongum	0.001774855
Eubacterium acidaminophilum	0.00548975966666667
Propionibacterium propionicum	0.00144330916666667
Asteroleplasma anaerobium	0.00193232683333333
Sporomusa ovata	0.000924919833333333
Saccharopolyspora rectivirgula	0.00375415566666667
Thermodesulfovibrio yellowstonii	0.0008202985
Sphingobacterium faecium	0.000583676666666667
Porphyromonas cangingivalis	0.00230828583333333
Corynebacterium genitalium	0.000656185
Corynebacterium propinquum	0.00110785533333333
Desulfitobacterium hafniense	0.00116004616666667
Desulfobulbus elongatus	0.00605356533333333
Desulfotomaculum aeronauticum	0.000886719333333333
Brevibacillus choshinensis	0.000829242833333333
Sodalis glossinidius	0.0014801885
Desulfobacterium indolicum	0.00200249816666667
Halobacteriovorax marinus	0.00100898883333333
Streptococcus infantarius	0.000942880166666667
Lactobacillus jensenii	0.0171042066666667
Lactobacillus intestinalis	0.003087086
Lactobacillus fuchuensis	0.00178405333333333
Ruminococcus sp. CCUG 37327 A	0.0326811698333333
Thioalkalivibrio nitratireducens	0.002709142
Corynebacterium glaucum	0.00141362183333333
Spiroplasma lampyridicola	0.00651486966666667
Lactobacillus kalixensis	0.00138947916666667
Staphylococcus pseudintermedius	0.0029717565
Prolixibacter bellariivorans	0.001073136
Sphingomonas rhizogenes	0.00250058233333333
Candidatus Solibacter usitatus	0.00305341383333333
Desulfosporosinus youngiae	0.00134611816666667
Solirubrobacter soli	0.002378187
Acanthopleuribacter pedis	0.000495011666666667
Ilumatobacter coccineus	0.000870995833333333
Lactobacillus odoratitofui	0.212028172833333
Lactobacillus fabifermentans	0.00727298566666667
Collinsella tanakaei	0.0503847466666667
Candidatus Babela massiliensis	0.00171834983333333
Peptoniphilus coxii	0.00203508183333333
Pseudoalteromonas arabiensis	0.00152363833333333
Lactobacillus brantae	0.00615201
Candidatus Moranella endobia	0.0013224945
Fischerella sp. PCC 9339	0.0012176635
Varibaculum sp. CCUG 31793	0.003364338
Corynebacterium humireducens	0.00139349933333333
Helicobacter pylori	0.002223673
Photobacterium phosphoreum	0.0011396926
Plesiomonas shigelloides	0.002973018
Bdellovibrio bacteriovorus	0.0006861662
Cytophaga hutchinsonii	0.002684708
Synechocystis sp. PCC 6803	0.0018031932
Bacillus megaterium	0.003228382
Bacillus cellulosilyticus	0.0010833258
Moorella thermoacetica	0.0016040214
Desulfotomaculum nigrificans	0.0038990394
Actinomyces israelii	0.000644995
Mycobacterium neoaurum	0.0014435864
Rhodococcus erythropolis	0.004792086
Marinobacter hydrocarbonoclasticus	0.0010960724
Cronobacter sakazakii	0.00193976
Hathewaya proteolytica	0.0005629402
Dolosigranulum pigrum	0.001446507
Lawsonia intracellularis	0.0019407986
Anaerococcus lactolyticus	0.0088840248
Exiguobacterium aurantiacum	0.0008852116
Moraxella osloensis	0.005327078
Corynebacterium accolens	0.0027320332
Corynebacterium afermentans	0.0019796624
Acinetobacter johnsonii	0.0029983528
Ureaplasma gallorale	0.0078779336
Corynebacterium segmentosum	0.003647234
Catonella morbi	0.0015278614
Capnocytophaga sp.	0.0030441228
Legionella lansingensis	0.001097771
Legionella worsleiensis	0.001845058
Sporomusa sphaeroides	0.0025409914
Schwartzia succinivorans	0.0016927288
Desulfovibrio senezii	0.0007331796
Chitinophaga pinensis	0.0006519472
Syntrophococcus sucromutans	0.0009190934
Geitlerinema sp. PCC 7105	0.0006374878
Actinomyces radicidentis	0.0010605386
Actinomyces suimastitidis	0.01445058
Cryptosporangium aurantiacum	0.0016057512
Vibrio coralliilyticus	0.0009943746
Conexibacter woesei	0.0023874172
Spiroplasma leptinotarsae	0.0049749768
Prevotella bergensis	0.0102605842
Anaerosporobacter mobilis	0.000868666
Bacillus muralis	0.0011172744
Prevotella baroniae	0.0037429074
Synechococcus sp. CC9902	0.0009204902
Dethiosulfatibacter aminovorans	0.001504006
Geobacter uraniireducens	0.0007580948
Bacteroides propionicifaciens	0.0008963132
Sphingomonas astaxanthinifaciens	0.0013685764
Glaciecola sp. HTCC2999	0.0028549618
Iamia majanohamensis	0.0021684248
Cloacibacillus evryensis	0.0022991556
Actinomyces johnsonii	0.003375059
Photorhabdus temperata	0.009962956
Dysgonomonas hofstadii	0.0014455552
Fodinicurvata fenggangensis	0.00627146
Synechococcus sp. PCC 7502	0.002887111
Pelobacter carbinolicus	0.0019031165
Azospirillum lipoferum	0.00177293575
Campylobacter fetus	0.00169493375
Paracoccus denitrificans	0.0022368875
Neisseria meningitidis	0.00979883975
Neisseria mucosa	0.00132636825
Chromobacterium violaceum	0.002856945
Eikenella corrodens	0.00301601
[Haemophilus] ducreyi	0.0005736915
Haemophilus paraphrohaemolyticus	0.011685069
[Haemophilus] parasuis	0.01326660625
Porphyromonas gingivalis	0.00102551975
Fusobacterium necrophorum	0.0033059275
Acidithiobacillus ferrooxidans	0.0020481215
Rhodospirillum rubrum	0.0018252785
Micrococcus luteus	0.04508001
Streptococcus equi	0.0025996455
Lactococcus garvieae	0.00179574675
Bacillus licheniformis	0.00098526275
Bacillus subtilis	0.002041445
[Clostridium] josui	0.0007758065
Gottschalkia acidurici	0.00113619225
Lactobacillus helveticus	0.00663859025
Lactobacillus pentosus	0.0063396465
Arthrobacter citreus	0.00066348925
Syntrophomonas bryantii	0.001130645
Anaeroplasma bactoclasticum	0.00232981925
Acholeplasma laidlawii	0.0100174395
Verrucomicrobium spinosum	0.00196961
Bifidobacterium animalis	0.002751886
Acidothermus cellulolyticus	0.000637922
Neisseria weaveri	0.0021975255
Paraburkholderia andropogonis	0.00105111675
Capnocytophaga cynodegmi	0.00430579575
Clostridium collagenovorans	0.003768255
Clostridium sardiniense	0.0043920125
Staphylococcus saprophyticus	0.0016089035
Syntrophobacter wolinii	0.001238776
Propionibacterium granulosum	0.004516711
Leuconostoc citreum	0.0048348825
Caryophanon tenue	0.00224576825
Pelobacter acidigallici	0.0012685015
Stenotrophomonas maltophilia	0.012205766
Corynebacterium urealyticum	0.00353844
Enterococcus cecorum	0.04437625175
Paenibacillus validus	0.0060194475
Microbulbifer hydrolyticus	0.0013975945
[Clostridium] hungatei	0.00467765175
Candidatus Arthromitus sp. SFB-mouse	0.0015022755
Actinobacillus delphinicola	0.001537314
Rhizobium hainanense	0.0005298955
Corynebacterium coyleae	0.0024845235
Desulfovibrio simplex	0.0047782375
Dehalobacter restrictus	0.0079980755
Tindallia magadiensis	0.00310544
Legionella taurinensis	0.00163434225
[Bacillus] clarkii	0.002229913
Anaerovibrio lipolyticus	0.00071086775
Succinimonas amylolytica	0.0009915025
Thermodesulfovibrio aggregans	0.0013123605
Ignavigranum ruoffiae	0.000777157
Dyadobacter fermentans	0.00243751
Lachnobacterium bovis	0.0005895065
Acidihalobacter prosperus	0.00040709425
Sphingomonas wittichii	0.00369658
Corynebacterium kroppenstedtii	0.02218177325
Paenibacillus naphthalenovorans	0.00054824975
Paenibacillus sp. DSM 6358	0.0145209225
Paenibacillus graminis	0.0089068875
Fluviicola taffensis	0.00073521375
Synechococcus sp. PCC 7336	0.00107573875
Aeromonas dhakensis	0.003671475
Rhodoplanes cryptolactis	0.001214972
Sulfurimonas autotrophica	0.0006897685
Herminiimonas arsenicoxydans	0.0027063825
Bacillus vietnamensis	0.001107786
Helcococcus sueciensis	0.000778201
Porphyromonas gingivicanis	0.00058162225
Jannaschia sp. CCS1	0.00177358175
Clostridium lundense	0.00104952
Synechococcus sp. JA-3-3Ab	0.00201743325
Nonlabens spongiae	0.003505223
Ktedonobacter racemifer	0.00107703175
Thermobacillus composti	0.00096356675
Elusimicrobium minutum	0.05068798325
Lactobacillus taiwanensis	0.0012048365
Slackia isoflavoniconvertens	0.1322205235
Candidatus Koribacter versatilis	0.00125879075
Pseudomonas composti	0.003217513
Selenomonas artemidis	0.0034675025
Collimonas sp. NBRC 3740	0.00100936275
Marinobacter sp. NBRC 101712	0.000705902
Microbulbifer sp. NBRC 101764	0.0014458135
Bacillus abyssalis	0.0086602385
Idiomarina woesei	0.000538406
Pseudomonas sp. NBRC 111140	0.001190314
Helicobacter cinaedi	0.001878191
Flavobacterium aquatile	0.00110788633333333
Francisella tularensis	0.00131235
Methylobacterium extorquens	0.00435879333333333
Legionella pneumophila	0.001043205
Acinetobacter baumannii	0.0195749733333333
Moraxella nonliquefaciens	0.00171937766666667
Kingella oralis	0.00231448666666667
Ochrobactrum anthropi	0.002016256
Proteus vulgaris	0.029867171
Providencia rettgeri	0.0147887966666667
Providencia stuartii	0.0168615576666667
Aeromonas veronii	0.00276363333333333
Vibrio cholerae	0.000986451
Aggregatibacter actinomycetemcomitans	0.001269022
Ruminobacter amylophilus	0.00125239166666667
Starkeya novella	0.00133520433333333
Herbaspirillum seropedicae	0.000841602333333333
Selenomonas ruminantium	0.000886901
Cellulophaga lytica	0.000668287666666667
Pedobacter heparinus	0.00187866766666667
Cytophaga xylanolytica	0.00113340166666667
Solitalea canadensis	0.00288786
Capnocytophaga sputigena	0.000909057666666667
Marivirga sericea	0.0186600333333333
Rhodobacter sphaeroides	0.00193441533333333
Synechocystis sp. PCC 6714	0.000271724333333333
Trichodesmium erythraeum	0.00133398466666667
Nitrosospira multiformis	0.00189262
Leuconostoc gelidum	0.001126668
Staphylococcus carnosus	0.01354661
Staphylococcus warneri	0.00724216
Streptococcus mutans	0.00365477666666667
Faecalicoccus pleomorphus	0.189790052333333
Streptococcus macacae	0.00313435
Aerococcus urinae	0.00467022
Atopobium rimae	0.000944541666666667
Bacillus coagulans	0.00121279766666667
Paenibacillus lautus	0.00233721266666667
Bacillus pumilus	0.002040667
Amphibacillus xylanus	0.00173804666666667
Clostridium tyrobutyricum	0.000848906333333333
Anaerocolumna aminovalerica	0.000626442333333333
Eubacterium barkeri	0.000912026666666667
Clostridium kluyveri	0.000896058666666667
Halobacillus halophilus	0.00146769566666667
Leifsonia xyli	0.00781171666666667
Lactobacillus paracasei	0.00184438666666667
Lactobacillus fermentum	0.0160485733333333
Lactobacillus murinus	0.00070959
Lactobacillus salivarius	0.00265710733333333
Corynebacterium diphtheriae	0.0165026733333333
Propionibacterium freudenreichii	0.002118259
Propionibacterium acidipropionici	0.0142030243333333
Microbacterium testaceum	0.00675567333333333
Mobiluncus curtisii	0.004152093
Mobiluncus mulieris	0.000719272
Methanosphaera stadtmanae	0.00240344
Halanaerobium praevalens	0.00147542333333333
Xylella fastidiosa	0.00129019433333333
Carnobacterium maltaromaticum	0.00209998766666667
Staphylococcus lugdunensis	0.00909820666666667
Arcobacter nitrofigilis	0.001039445
Psychrobacter phenylpyruvicus	0.002287228
Pseudomonas savastanoi	0.00859511433333333
Pelobacter propionicus	0.000785142666666667
Propionibacterium avidum	0.0108760576666667
Propionimicrobium lymphophilum	0.00174020333333333
Gluconacetobacter diazotrophicus	0.00880821333333333
Moraxella atlantae	0.00125026766666667
Geobacter sulfurreducens	0.002100869
Sporichthya polymorpha	0.001117497
Rhodovulum adriaticum	0.00169722
Rhodovulum euryhalinum	0.00627858766666667
Clostridium homopropionicum	0.00171927833333333
Shewanella algae	0.000484789
Erysipelothrix tonsillarum	0.00111476966666667
[Eubacterium] angustum	0.000447815666666667
Cryobacterium psychrophilum	0.000488695666666667
Rubrobacter radiotolerans	0.000560180666666667
Tissierella creatinini	0.000717639666666667
Brachybacterium faecium	0.0174989233333333
Rhodococcus equi	0.000990999
Sphingobium chlorophenolicum	0.00254358433333333
Lautropia mirabilis	0.00198145566666667
Prosthecobacter vanneervenii	0.00183730766666667
Tetragenococcus halophilus	0.001146401
Pseudomonas resinovorans	0.000664002666666667
Salmonella bongori	0.003874371
Brenneria salicis	0.000757754666666667
Enterococcus asini	0.00287596666666667
Desulfotomaculum reducens	0.000933529666666667
Prevotella pallens	0.00114549966666667
Desulfobacca acetoxidans	0.000454664666666667
Acinetobacter sp. ADP1	0.00682071433333333
Sulfurospirillum deleyianum	0.00117747233333333
Macrococcus caseolyticus	0.01422719
Pseudomonas plecoglossicida	0.000859565
Kocuria rhizophila	0.00232178433333333
Brevundimonas subvibrioides	0.00339792433333333
Prevotella enoeca	0.000514452333333333
Solibacillus silvestris	0.002063861
Bacillus halmapalus	0.000592843
Bacillus pseudofirmus	0.00149856433333333
Aminobacterium mobile	0.000384991333333333
Trichococcus flocculiformis	0.00264862933333333
Budvicia aquatica	0.00316903333333333
Bacillus niacini	0.000796506333333333
Lactobacillus manihotivorans	0.0166964866666667
Sphingomonas aquatilis	0.00183413766666667
Oerskovia sp. CIP101491	0.000874432
Bordetella petrii	0.00206957666666667
Arthrobacter luteolus	0.00187537333333333
marine bacillus NRRLB-14906	0.01207297
Proteus penneri	0.01301408
Opitutus terrae	0.00747102333333333
Syntrophobacter fumaroxidans	0.00197018666666667
Roseiflexus castenholzii	0.001313448
Rhodococcus jostii	0.00697953433333333
Selenomonas noxia	0.00393915533333333
Olsenella profusa	0.003022614
Filifactor alocis	0.00264878
Thermosynechococcus elongatus	0.000990999
Collinsella stercoris	0.0251882333333333
Leptotrichia hofstadii	0.002777612
Leptotrichia shahii	0.00164481766666667
Novosphingobium resinovorum	0.00325429666666667
Corynebacterium sundsvallense	0.00130060466666667
Microbacterium hominis	0.000610506
Cupriavidus taiwanensis	0.000923542666666667
Ilyobacter polytropus	0.00373422666666667
Corynebacterium aurimucosum	0.0268323533333333
Brachybacterium sacelli	0.00171937766666667
Kribbella flavida	0.00289134766666667
Nocardioides sp. JS614	0.00768576
Pseudomonas poae	0.001878191
Clostridium tunisiense	0.00221515333333333
Geobacter bemidjiensis	0.000575828666666667
Candidatus Midichloria mitochondrii	0.000749836
marine gamma proteobacterium HTCC2080	0.000839784333333333
Corynebacterium resistens	0.00302800666666667
Dechloromonas aromatica	0.001878191
Microbulbifer variabilis	0.000806232
Lactobacillus kefiranofaciens	0.0036934
Tepidimicrobium ferriphilum	0.000760248333333333
Flavonifractor plautii	0.003301582
Corynebacterium tuscaniense	0.000531628
Prevotella multisaccharivorax	0.001475961
Geobacter lovleyi	0.00190192666666667
Paenibacillus sp. JDR-2	0.000987116666666667
Bacillus infantis	0.001407296
Micavibrio aeruginosavorus	0.000761645666666667
Granulibacter bethesdensis	0.00567640666666667
Caulobacter sp. K31	0.00129678766666667
Cycloclasticus sp. P1	0.000722608
Actinobacillus sp. CCUG 26442	0.001180807
Rapidithrix thailandica	0.000873457666666667
Aureimonas frigidaquae	0.000804184333333333
Sediminibacterium salmoneum	0.00480250666666667
Prevotella maculosa	0.00111101033333333
Simiduia agarivorans	0.000990999
Actinomyces massiliensis	0.001535532
Halomonas sp. YIM C246	0.000635036333333333
Modestobacter marinus	0.00121279766666667
Methylacidiphilum infernorum	0.001194802
Flavobacterium glycines	0.000391147666666667
Micrococcus yunnanensis	0.00194203366666667
Corynebacterium maris	0.00424080666666667
Planococcus salinarum	0.00194117433333333
Chitinophaga eiseniae	0.00161066633333333
Sulfuricella denitrificans	0.00102890566666667
Bacillus sp. 1NLA3E	0.00222595433333333
Flavobacterium haoranii	0.000740320333333333
Pseudomonas flexibilis	0.000663259333333333
Sphingomonas sp. MM-1	0.00282836433333333
Peptoniphilus methioninivorax	0.000744265
Caldanaerobacter subterraneus	0.000740129
Bifidobacterium sp. JCM 7042	0.000361492666666667
Candidatus Pelagibacter sp. IMCC9063	0.000868754666666667
Thioalkalivibrio sulfidiphilus	0.00108627266666667
Corynebacterium epidermidicanis	0.000774585333333333
Arthrobacter sp. CCBAU 10838	0.0373224
Paenibacillus sp. NBRC 13637	0.00263715
Alcanivorax sp. NBRC 101092	0.00339444
Komagataeibacter medellinensis	0.01439701
secondary endosymbiont of Ctenarytaina eucalypti	0.00315736466666667
Dysgonomonas macrotermitis	0.002325094
Exiguobacterium sp. MH3	0.00173743133333333
Gloeobacter kilaueensis	0.000945876
Streptomyces sp. NRRL B-3253	0.00377505333333333
Clostridium sp. 40cc-B-5824-ARE	0.00341466166666667
Buchnera aphidicola	0.00120866
Planctopirus limnophila	0.0013920265
Aquaspirillum serpens	0.0035190335
Azospirillum brasilense	0.001018457
Campylobacter jejuni	0.0020574215
Campylobacter mucosalis	0.0029956835
Campylobacter showae	0.002135405
Helicobacter mustelae	0.001120572
Pseudomonas mendocina	0.027042915
Xanthomonas campestris	0.00242335
Azotobacter vinelandii	0.005750315
Bradyrhizobium japonicum	0.0013920265
Methylococcus capsulatus	0.0007266335
Methylomonas methanica	0.0014850905
Acetobacter aceti	0.004692495
Komagataeibacter hansenii	0.0020574215
Acetobacter pasteurianus	0.06501955
Gluconobacter oxydans	0.0485025
Legionella longbeachae	0.00209065
Acinetobacter calcoaceticus	0.0007266335
Moraxella lacunata	0.002141082
Moraxella catarrhalis	0.018770685
Neisseria elongata	0.0007129655
Thermomicrobium roseum	0.001619029
Kingella denitrificans	0.001180811
Acidiphilium cryptum	0.003029015
Beijerinckia indica	0.003067475
Zymomonas mobilis	0.002612297
Pantoea agglomerans	0.000440586
Pectobacterium carotovorum	0.00308874
Aeromonas salmonicida	0.001757955
Aliivibrio fischeri	0.002756045
Vibrio harveyi	0.000543267
Vibrio parahaemolyticus	0.000543267
Vibrio vulnificus	0.0013920265
Vibrio mimicus	0.016543945
Actinobacillus pleuropneumoniae	0.0007266335
Actinobacillus suis	0.001143668
Histophilus somni	0.001757955
Gallibacterium anatis	0.000543267
Sebaldella termitidis	0.00154774
Wolinella succinogenes	0.0013920265
Syntrophomonas wolfei	0.036465685
Desulfovibrio africanus	0.001757955
Desulfomicrobium baculatum	0.0004017595
Desulfovibrio piger	0.045547245
Flavobacterium johnsoniae	0.003943085
Marinilabilia salmonicolor	0.0010178565
Chitinophaga sancti	0.0008274975
Halorhodospira halophila	0.0007266335
Rhodobacter capsulatus	0.0013920265
Rhodopila globiformis	0.0021799
Microcystis aeruginosa	0.0012877075
Oenococcus oeni	0.001120572
Leuconostoc fallax	0.000922002
Pediococcus acidilactici	0.0021811565
Pediococcus pentosaceus	0.001120572
Staphylococcus sciuri	0.0021799
Streptococcus sanguinis	0.003631695
Streptococcus pyogenes	0.0048140425
Streptococcus parasanguinis	0.002756045
Streptococcus dysgalactiae	0.00242335
Streptococcus parauberis	0.0017247215
Lactococcus plantarum	0.0087086865
Lactococcus raffinolactis	0.0005990285
Bacillus mycoides	0.003095465
Geobacillus kaustophilus	0.001099835
Paenibacillus larvae	0.0013920265
Bacillus lentus	0.000743051
Paenibacillus pabuli	0.001510276
Virgibacillus pantothenticus	0.0015543625
Clostridium sp.	0.0005112055
Weissella confusa	0.0007129655
Weissella kandleri	0.00418131
Lactobacillus ruminis	0.095648895
Lactobacillus oris	0.00142526
Listeria monocytogenes	0.0047189965
Bifidobacterium minimum	0.0004016765
Brevibacterium epidermidis	0.0006010515
Corynebacterium pseudotuberculosis	0.00527387
Corynebacterium callunae	0.007840985
Corynebacterium variabile	0.003542405
Mycobacterium avium	0.0006829825
Mycobacterium gilvum	0.001757955
Geodermatophilus obscurus	0.00242335
Streptosporangium roseum	0.00245136
Tsukamurella paurometabola	0.004608475
Spiroplasma apis	0.025929995
Spiroplasma clarkii	0.00672034
Mesoplasma entomophilum	0.00039307
Acholeplasma modicum	0.0029585135
Mesoplasma florum	0.0011239085
Desulfomonile tiedjei	0.003351425
Acetonema longum	0.0005553095
Teredinibacter turnerae	0.000905443
Symbiobacterium thermophilum	0.003027415
Sphingomonas paucimobilis	0.0013556615
Rubrivivax gelatinosus	0.0027228115
Acinetobacter lwoffii	0.004752225
Fibrobacter intestinalis	0.0004385945
Arcobacter skirrowii	0.0005211725
Sphingomonas adhaesiva	0.0003557575
Arcanobacterium haemolyticum	0.001757955
[Clostridium] paradoxum	0.001549612
Microlunatus phosphovorus	0.00418131
Bradyrhizobium elkanii	0.0017247215
Yersinia ruckeri	0.00129186
Chitinophaga arvensicola	0.0006468335
Pelobacter acetylenicus	0.0040755
Taylorella equigenitalis	0.000816724
Janthinobacterium lividum	0.0012743415
Halothermothrix orenii	0.0007722545
Helicobacter hepaticus	0.0017247215
Phascolarctobacterium faecium	0.001502759
Acetobacterium woodii	0.002573835
Paracoccus aminophilus	0.001757955
Rhodospirillum centenum	0.002967775
Helicobacter pullorum	0.000604116
Holophaga foetida	0.0007266335
Bacillus thermoamylovorans	0.0010201175
Thermus scotoductus	0.0007266335
Sinomonas atrocyanea	0.000677827
Rhodococcus coprophilus	0.001228158
Xenorhabdus bovienii	0.0021235175
Desulfotomaculum sp.	0.000563175
Corynebacterium argentoratense	0.005025195
Tissierella praeacuta	0.0011198835
Jonesia denitrificans	0.00245136
Cyanothece sp. ATCC 51142	0.0016714585
Johnsonella ignava	0.0007768535
Paenibacillus macerans	0.000501789
Streptococcus cristatus	0.00285052
Nonomuraea rubra	0.00062944
Geobacter sp.	0.0006260145
Devosia riboflavina	0.0006942065
Massilia timonae	0.0017583
Lactobacillus panis	0.000365444
Acinetobacter pittii	0.00441953
Novosphingobium aromaticivorans	0.00285052
Rubrobacter xylanophilus	0.000551783
Syntrophobotulus glycolicus	0.001363935
Wigglesworthia glossinidia	0.000543267
Kluyvera ascorbata	0.001172295
Hallella seregens	0.001053085
Actinomyces gerencseriae	0.00168835
Intrasporangium calvum	0.004752225
Hyphomicrobium aestuarii	0.0009345815
Thermobrachium celere	0.00103985
Nakamurella multipartita	0.0017247215
Raoultella ornithinolytica	0.001120572
Paenibacillus sp.	0.0009863025
Paenibacillus illinoisensis	0.000978951
Shewanella violacea	0.001097153
Dehalococcoides mccartyi	0.0010593315
Corynebacterium ulcerans	0.0050516915
Microbacterium trichothecenolyticum	0.002337265
Methylarcula marina	0.0010593315
Thermaerobacter marianensis	0.0002952855
Maricaulis maris	0.0021560375
Streptomyces thermogriseus	0.002696317
Clostridium acetireducens	0.0005990285
Bifidobacterium boum	0.0002413255
Bifidobacterium ruminantium	0.0004869615
Erwinia pyrifoliae	0.00384861
Insolitispirillum peregrinum	0.00941672
Hyphomonas neptunium	0.00499298
Geobacillus caldoxylosilyticus	0.003343345
Eubacterium aggregans	0.001697285
Entomoplasma melaleucae	0.000535768
Pseudanabaena sp. PCC 7367	0.002152117
Lactobacillus paralimentarius	0.0007266335
Parachlamydia acanthamoebae	0.001757955
Slackia heliotrinireducens	0.0011544715
Coriobacterium sp. CCUG 33917	0.0005380585
[Bacillus] selenitireducens	0.0013920265
Mogibacterium pumilum	0.001215347
Aerococcus christensenii	0.06397175
Burkholderia multivorans	0.0007266335
Caulobacter segnis	0.002104397
[Desulfobacterium] catecholicum	0.0004105575
Mycoplasma anseris	0.00277585
Fischerella muscicola	0.000835375
Sphingomonas koreensis	0.001111213
Pandoraea pnomenusa	0.001514507
Shewanella sp. ANA-3	0.001092562
Flavobacterium psychrophilum	0.001785965
Corynebacterium auriscanis	0.0004385945
Acetobacter orleanensis	0.002512595
Acetobacter tropicalis	0.002696317
Cupriavidus necator	0.0013920265
Acinetobacter bereziniae	0.00617749
Thermanaerovibrio velox	0.000609717
Acinetobacter ursingii	0.001312416
Mycobacterium vanbaalenii	0.002612297
Sporomusa malonica	0.0017326215
Bradyrhizobium sp. ORS 278	0.0007266335
Methylobacterium nodulans	0.00142526
Sphingopyxis alaskensis	0.0010593315
Arthrospira platensis	0.000839972
Thiothrix flexilis	0.0006291795
Kineococcus radiotolerans	0.001757955
Exiguobacterium antarcticum	0.0007266335
Paraburkholderia caledonica	0.001092562
Nocardia cyriacigeorgica	0.0053843865
Idiomarina loihiensis	0.00242335
Thermocrinis albus	0.006083015
Isoptericola variabilis	0.001092562
Streptococcus lutetiensis	0.0002413255
Bacteroides coprosuis	0.0005407775
Pseudoalteromonas issachenkonii	0.0008414985
Caulobacter vibrioides	0.0007266335
Jeotgalicoccus psychrophilus	0.00911351
Fructobacillus ficulneus	0.001504242
Chromohalobacter salexigens	0.002612297
Roseibacterium elongatum	0.00211866
Paenibacillus borealis	0.00339743
Dietzia natronolimnaea	0.00142526
Corynebacterium appendicis	0.001632952
Weissella koreensis	0.001852432
Laribacter hongkongensis	0.0020574215
Clostridium saccharobutylicum	0.001092562
Vibrio xuii	0.001243892
Brevibacillus invocatus	0.0011750585
Shuttleworthia satelles	0.0050932935
Acetobacter cerevisiae	0.00508643
Acetobacter malorum	0.002696317
Oceanobacillus iheyensis	0.002784055
Proteus hauseri	0.00208949
Sphingomonas aerolata	0.0019136715
Xylanimonas cellulosilytica	0.000628476
Shewanella denitrificans	0.001092562
Rhodoferax ferrireducens	0.000895411
Candidatus Pelagibacter ubique	0.00169663
Derxia gummosa	0.000694597
Carnobacterium sp. 17-4	0.0010593315
Dinoroseobacter shibae	0.00242335
Spiroplasma syrphidicola	0.001092562
Clostridium carboxidivorans	0.000818904
Bacillus drentensis	0.00145327
Geopsychrobacter electrodiphilus	0.000356148
Corynebacterium halotolerans	0.00541762
Lactobacillus antri	0.002910645
Saccharibacter floricola	0.00224114
Acidovorax sp. JS42	0.0005428765
Desulfitobacterium dichloroeliminans	0.0014906425
Lactobacillus tucceti	0.004024445
Pseudonocardia dioxanivorans	0.00218513
Uruburuella suis	0.001364432
Pseudomonas pachastrellae	0.0004119095
Desulfitibacter alkalitolerans	0.0006649565
Rhodopirellula baltica	0.001192957
Methylovorus glucosotrophus	0.00145327
Nitratifractor salsuginis	0.0005258465
Phenylobacterium zucineum	0.0010593315
Bacillus salarius	0.000686323
Xenorhabdus szentirmaii	0.0004207495
Frankia sp. EAN1pec	0.00142526
Catenulispora acidiphila	0.00134322
Deinococcus deserti	0.000476819
Emticicia oligotrophica	0.001120572
Pseudomonas entomophila	0.003754135
Polaribacter sp. MED152	0.0010593315
Psychromonas sp. CNPT3	0.00274471
Syntrophus aciditrophicus	0.00049212
Nostoc sp. PCC 7107	0.001092562
Formosa agariphila	0.0013815745
Sharpea azabuensis	0.006272236
Neisseria zoodegmatis	0.000628149
Hymenobacter rigui	0.003090252
Gordonia sp. KTR9	0.005512095
Erwinia tasmaniensis	0.001757955
Psychrobacter sp. PRwf-1	0.002784055
Psychromonas ingrahamii	0.001476363
Exiguobacterium sp. AT1b	0.001092562
Pseudarthrobacter phenanthrenivorans	0.0010593315
Bacillus panaciterrae	0.0006162385
Azohydromonas australica	0.002051055
Rivularia sp. PCC 7116	0.007084595
Sulfurovum sp. NBC37-1	0.0007037325
Echinicola vietnamensis	0.0010593315
Actinocatenispora sera	0.000835715
Geoalkalibacter ferrihydriticus	0.000501789
Perlucidibaca piscinae	0.002682748
Microbacterium ginsengisoli	0.0017247215
Geminicoccus roseus	0.0008097715
Treponema pedis	0.0011538015
Pseudoxanthomonas spadix	0.0040536015
Lactobacillus equigenerosi	0.000855822
Rhizobium sp. IRBG74	0.00209065
Jonquetella anthropi	0.0024727785
[Brevibacterium] frigoritolerans	0.0005428765
Chthonomonas calidirosea	0.0005621105
Singulisphaera acidiphila	0.0017247215
Pantoea vagans	0.0020574215
Limnobacter litoralis	0.001271036
Oscillatoria nigro-viridis	0.001092562
Candidatus Azobacteroides pseudotrichonymphae	0.000501789
Providencia burhodogranariea	0.003636575
Lactobacillus sp. KLDS 1.0716	0.030431965
Pelagibacterium halotolerans	0.0010456635
Flavobacteriaceae bacterium 3519-10	0.006793605
Arcobacter thereius	0.000388178
Pseudomonas chlororaphis	0.00228928
Nocardia sp. CPCC202701	0.00221556
Marmoricola scoriae	0.00142526
Fibrella aestuarina	0.0007266335
Prosthecomicrobium sp. ATCC 27835	0.002043903
Pantoea calida	0.00352026
Bacillus luteolus	0.002706262
Ohtaekwangia koreensis	0.0012630695
Enterobacteriaceae bacterium strain FGI 57	0.0040536015
Kofleria flava	0.0013920265
Bradyrhizobium lablabi	0.0021799
Rahnella sp. Y9602	0.00142526
alpha proteobacterium HIMB59	0.0010593315
Candidatus Puniceispirillum marinum	0.0021799
alpha proteobacterium CCBAU 45397	0.0010593315
Paenibacillus sp. IHB B 3415	0.001623887
Mycobacterium sinense	0.0027228115
Sandaracinus amylolyticus	0.001514507
Lactobacillus saniviri	0.000842564
Candidatus Kinetoplastibacterium desouzaii	0.00285052
Endozoicomonas montiporae	0.0023000595
Marinobacter adhaerens	0.0030555115
Acetobacter okinawensis	0.003755645
Acetobacter persici	0.01944365
Hymenobacter sp. NBRC 101362	0.002234427
Rubellimicrobium mesophilum	0.000476819
Magnetococcus marinus	0.00230761
Bacillus sp. JCM 10530	0.000345998
Endozoicomonas numazuensis	0.002253645
Paenibacillus sp. YIM 110206	0.003932078
Peptostreptococcus canis	0.000609717
Streptobacillus hongkongensis	0.003861185
Draconibacterium orientale	0.01354611
Microcoleus sp. PCC 7113	0.00207803
Flavobacterium akiainvivens	0.0005839355
Jatrophihabitans endophyticus	0.00142526
Paenibacillus sp. JCM 10914	0.022061495
Edwardsiella piscicida	0.00142526
Bacillus sp. KMM 6752	0.001024527
Peptoniphilus stercorisuis	0.000689748
Streptomyces sp. NRRL F-2305	0.0009016965
Streptomyces sp. NRRL S-1824	0.001684852
Streptomyces sp. NRRL S-455	0.000989881
Anoxybacillus geothermalis	0.000579446
Lactococcus laudensis	0.00124437
Sphingomonas taxi	0.0002897
Microbulbifer rhizosphaerae	0.00150518
Pseudomonas weihenstephanensis	0.00518397
Skermanella sp. YIM 93097	0.001313073
Brevibacillus sediminis	0.00197125
Acidovorax sp. JCM 10072	0.001049494
Corynebacterium sp. YIM 101587	0.00265204
Azorhizobium caulinodans	0.000787873
Cellulomonas gilvus	0.00133079
Shewanella putrefaciens	0.00042114
Sorangium cellulosum	0.000665394
Vitreoscilla stercoraria	0.000283663
Flectobacillus major	0.000917027
Cyclobacterium marinum	0.000665394
Runella slithyformis	0.000787873
Rubinisphaera brasiliensis	0.00133079
Spirochaeta litoralis	0.000291156
Treponema denticola	0.000665394
Treponema succinifaciens	0.000665394
Novispirillum itersonii	0.000211795
Campylobacter curvus	0.00332697
Campylobacter lari	0.000319715
Campylobacter rectus	0.000787873
Helicobacter fennelliae	0.000665394
Brucella ovis	0.00133079
Psychroflexus gondwanensis	0.000502477
Thermus aquaticus	0.000787873
Xanthobacter autotrophicus	0.000665394
Comamonas testosteroni	0.00399236
Burkholderia cepacia	0.000665394
Pelomonas saccharophila	0.00194024
Ralstonia solanacearum	0.00133079
Pseudomonas syringae	0.00199618
Ralstonia pickettii	0.000665394
Xanthomonas oryzae	0.000665394
Sinorhizobium meliloti	0.00133079
Rhizobium leguminosarum	0.000665394
Methylobacter luteus	0.000420359
Acidomonas methanolica	0.00133079
Legionella hackeliae	0.00104625
Legionella feeleii	0.00042114
Neisseria gonorrhoeae	0.00332697
Neisseria lactamica	0.00465775
Bordetella parapertussis	0.0146387
Bordetella pertussis	0.00133079
Bordetella avium	0.00399236
[Enterobacter] aerogenes	0.000665394
Serratia liquefaciens	0.000665394
Serratia marcescens	0.00133079
Shigella sonnei	0.000787873
Yersinia enterocolitica	0.00133079
Edwardsiella tarda	0.00332697
Vibrio proteolyticus	0.000582313
Vibrio gazogenes	0.000665394
Pasteurella testudinis	0.00176081
Bartonella quintana	0.000787873
Chlamydia trachomatis	0.000665394
Fusobacterium simiae	0.00375784
Fusobacterium necrogenes	0.0571152
Dichelobacter nodosus	0.00199618
Desulfovibrio fructosivorans	0.00042359
Desulfovibrio gigas	0.00104625
Desulfuromonas acetoxidans	0.000702696
Desulfobulbus propionicus	0.00157575
Nitrobacter hamburgensis	0.000665394
Nitrobacter winogradskyi	0.000665394
Nitrosomonas europaea	0.000665394
Halothiobacillus neapolitanus	0.00266157
Acidithiobacillus thiooxidans	0.000211795
Thiobacillus thioparus	0.000211795
Ehrlichia canis	0.000665394
Anaplasma phagocytophilum	0.000665394
Neorickettsia risticii	0.000665394
Oceanospirillum linum	0.00042114
Marivirga tractuosa	0.00236362
Weeksella virosa	0.00266157
Microscilla marina	0.00151973
Allochromatium vinosum	0.000787873
Ectothiorhodospira shaposhnikovii	0.000665394
Rhodopseudomonas palustris	0.00399236
Pararhodospirillum photometricum	0.000760537
Porphyrobacter neustonensis	0.00249576
Anabaena cylindrica	0.00151973
Leptolyngbya boryana	0.000665394
Streptococcus sobrinus	0.000211795
Streptococcus downei	0.00151973
Streptococcus anginosus	0.00532315
Streptococcus hyointestinalis	0.000438172
Streptococcus uberis	0.000812568
Enterococcus faecalis	0.00332697
Lactococcus piscium	0.00332591
Atopobium minutum	0.00209251
[Bacillus] caldotenax	0.000211795
Lysinibacillus sphaericus	0.000502477
Bacillus badius	0.000842279
Bacillus fastidiosus	0.00108129
Bacillus methanolicus	0.000820708
Thermoanaerobacterium thermosaccharolyticum	0.00133079
Lactobacillus brevis	0.000787873
Lactobacillus mali	0.00151973
Lactobacillus sanfranciscensis	0.00266157
Lactobacillus vaginalis	0.000270856
Renibacterium salmoninarum	0.000665394
Corynebacterium stationis	0.00598854
Cellulomonas fimi	0.00465775
Cellulomonas flavigena	0.00133079
Propionibacterium jensenii	0.000420359
Mycobacterium intracellulare	0.000665394
Mycobacterium smegmatis	0.000665394
Mycobacterium tuberculosis	0.00133079
Mycobacterium marinum	0.000665394
Mycobacterium chubuense	0.000665394
Mycobacterium obuense	0.000211795
Nocardioides jensenii	0.000787873
Nocardioides luteus	0.000787873
Saccharomonospora viridis	0.00199618
Frankia alni	0.00133079
Actinoplanes missouriensis	0.00332697
Streptomyces coelicolor	0.000787873
Streptomyces griseus	0.000665394
Streptomyces scabiei	0.000665394
Streptomyces purpureus	0.00133079
Thermobispora bispora	0.000665394
Curtobacterium flaccumfaciens	0.00303947
Pimelobacter simplex	0.0017717
Gordonia bronchialis	0.00266157
Mycoplasma gallisepticum	0.000665394
Mycoplasma genitalium	0.00133079
Mycoplasma hominis	0.000665394
Mycoplasma pneumoniae	0.000665394
Mycoplasma agalactiae	0.000529484
Mycoplasma bovigenitalium	0.000665394
Mycoplasma fermentans	0.00042114
Mycoplasma putrefaciens	0.00062392
Ureaplasma urealyticum	0.000665394
Spiroplasma diabroticae	0.0608921
Methanobrevibacter smithii	0.000850989
Methanocaldococcus jannaschii	0.000665394
Desulfobacter hydrogenophilus	0.00141439
Desulfobacterium autotrophicum	0.000665394
Haliscomenobacter hydrossis	0.000787873
Carnobacterium divergens	0.00252806
Brochothrix thermosphacta	0.000532663
Globicatella sanguinis	0.00133079
Sphingobium yanoikuyae	0.00151973
Corynebacterium flavescens	0.000665394
Campylobacter upsaliensis	0.000665394
Phyllobacterium myrsinacearum	0.000665394
Prevotella intermedia	0.00532315
Vibrio nigripulchritudo	0.000665394
Acetohalobium arabaticum	0.00399236
Arcobacter butzleri	0.000338184
Sphingomonas parapaucimobilis	0.000665394
Sphingomonas sp.	0.000787873
Colwellia psychrerythraea	0.000665394
Ornithobacterium rhinotracheale	0.00399236
Komagataeibacter xylinus	0.000787873
Burkholderia pseudomallei	0.00133079
Sphingobacterium multivorum	0.000840718
Nocardioides plantarum	0.000665394
Streptomyces cattleya	0.000665394
Thermoanaerobacterium xylanolyticum	0.000665394
Filifactor villosus	0.00139708
Desulfotomaculum thermobenzoicum	0.000283663
Streptococcus alactolyticus	0.000665394
Helicobacter canis	0.000665394
Methylobacterium rhodinum	0.000665394
Xanthomonas albilineans	0.000665394
Brucella melitensis	0.000787873
Photorhabdus luminescens	0.000291156
Vibrio furnissii	0.00133079
Turneriella parva	0.00133079
Flavobacterium saccharophilum	0.00507434
Flavobacterium succinicans	0.00133079
Thermoleophilum album	0.00260159
Amycolatopsis orientalis	0.00266157
Synechococcus elongatus	0.00199618
Calothrix parietina	0.000665394
Calothrix sp. PCC 7103	0.000665394
Actinomyces neuii	0.000781262
Sporolactobacillus laevolacticus	0.000319715
Sporolactobacillus dextrus	0.000665394
Peptoniphilus indolicus	0.000288244
Blautia producta	0.00136012
Candidatus Kinetoplastibacterium crithidii	0.00133079
Pseudomonas viridiflava	0.000665394
Acidobacterium capsulatum	0.000665394
Microbacterium arborescens	0.000665394
Microbacterium lacticum	0.000917027
Amycolatopsis mediterranei	0.00199618
Aeribacillus pallidus	0.000288244
Geobacillus thermodenitrificans	0.00133079
Leuconostoc pseudomesenteroides	0.000288244
Melissococcus plutonius	0.00332697
Rickettsia bellii	0.000665394
Paracoccus kocurii	0.000665394
Leptothrix cholodnii	0.00133079
Variovorax paradoxus	0.00598854
Riemerella anatipestifer	0.0099809
Streptobacillus moniliformis	0.000665394
Acholeplasma oculi	0.000291156
Heliophilum fasciatum	0.000665394
Corynebacterium pilosum	0.000665394
Bifidobacterium choerinum	0.000665394
Lactobacillus pontis	0.000270856
Rickettsia japonica	0.000211795
Rickettsia sibirica	0.000665394
Ehrlichia muris	0.000665394
Hydrogenobacter hydrogenophilus	0.00399236
Dermabacter hominis	0.00133079
Mycoplasma simbae	0.00216516
Microbacterium aurum	0.000665394
Mycobacterium rhodesiae	0.000665394
Clostridium felsineum	0.000665394
Thiobacillus denitrificans	0.000665394
Nocardia brasiliensis	0.00399236
Nocardia carnea	0.000876344
Nocardia farcinica	0.00199618
Helicobacter bilis	0.000787873
Corynebacterium pseudodiphtheriticum	0.000665394
Candidatus Phytoplasma mali	0.000787873
Rhodococcus opacus	0.00399236
Thermocrispum agreste	0.000283663
Glutamicibacter nicotianae	0.000319715
Glutamicibacter protophormiae	0.00199618
Corynebacterium pseudogenitalium	0.000665394
Skermania piniformis	0.000787873
Atopobium fossor	0.000438172
Microlunatus sp.	0.00399236
Thiomicrospira crunogena	0.00133079
Sulfurimonas denitrificans	0.00361677
Methylomicrobium agile	0.00042114
Helcococcus kunzii	0.00042114
Oligotropha carboxidovorans	0.00133079
Acinetobacter junii	0.00731933
Acinetobacter radioresistens	0.00199618
Aliivibrio salmonicida	0.00151973
Leptotrichia buccalis	0.0106463
Sneathia sanguinegens	0.000968054
Sphingomonas asaccharolytica	0.000787873
Sphingomonas pruni	0.000665394
Brevundimonas vesicularis	0.00151973
Desulfotomaculum thermocisternum	0.000420359
Ammonifex degensii	0.000665394
Rickettsia felis	0.000787873
Pseudomonas alcaligenes	0.00199618
Tolumonas auensis	0.00133079
Paenibacillus alvei	0.000460032
Paenibacillus durus	0.000787873
Geothrix fermentans	0.00199618
Leucothrix mucor	0.00176081
Methylophaga marina	0.00042114
[Clostridium] ultunense	0.00228566
Salinicoccus roseus	0.000288244
Streptosporangium vulgare	0.00151973
Thermoflavimicrobium dichotomicum	0.0167945
Anabaena sp. 90	0.00133079
Paenibacillus apiarius	0.000211795
Thermoanaerobacter wiegelii	0.000665394
Deinococcus sp.	0.00133079
Rickettsia peacockii	0.000787873
Bibersteinia trehalosi	0.000665394
Micromonospora aurantiaca	0.00133079
Pseudomonas amygdali	0.000665394
Pseudomonas oryzihabitans	0.000665394
Marinobacterium georgiense	0.00258238
Prosthecobacter debontii	0.000787873
Novosphingobium subterraneum	0.000665394
Kineosporia aurantiaca	0.00290416
Marinobacterium stanieri	0.00216516
Meiothermus silvanus	0.00151973
Acetobacterium malicum	0.00270431
Acetobacterium paludosum	0.00140539
Caldicellulosiruptor lactoaceticus	0.000665394
Actinomyces denticolens	0.000532663
Actinomyces hordeovulneris	0.00209251
Anaerofilum agile	0.000319715
Enterococcus mundtii	0.00133079
Friedmanniella antarctica	0.00151973
Nocardiopsis alba	0.000665394
Eubacterium callanderi	0.000532663
Janibacter limosus	0.00199618
Mycobacterium mageritense	0.00133079
Paracoccus solventivorans	0.000665394
Acidimicrobium ferrooxidans	0.00199618
Rhodococcus corynebacterioides	0.000665394
Brenneria nigrifluens	0.00042114
Janthinobacterium agaricidamnosum	0.00279392
Magnetospirillum gryphiswaldense	0.00133079
Vibrio anguillarum	0.00042114
Shewanella frigidimarina	0.000665394
Helicobacter bizzozeronii	0.00133079
Psychroflexus torquis	0.000665394
Citrobacter braakii	0.00042114
Actinocorallia herbida	0.000576488
Rahnella inusitata	0.00133079
Actinotignum schaalii	0.0259592
Cellulophaga algicola	0.000665394
Candidatus Phytoplasma australiense	0.000319715
Alcanivorax borkumensis	0.000665394
Paenibacillus glucanolyticus	0.000283663
Shewanella amazonensis	0.00151973
Shewanella sp. MR-4	0.00133079
Sanguibacter keddieii	0.00133079
Shewanella woodyi	0.00266157
Lamprocystis purpurea	0.00168456
Acidiphilium multivorum	0.00236362
Shewanella baltica	0.000582313
Azoarcus sp. BH72	0.00151973
Aquifex aeolicus	0.000665394
Tetragenococcus muriaticus	0.00108129
Wolbachia sp. wRi	0.000968054
Streptomyces roseoverticillatus	0.000787873
Sulfurospirillum multivorans	0.000529484
Methanobrevibacter oralis	0.000283663
Edwardsiella ictaluri	0.00266157
Streptomyces iakyrus	0.000787873
Streptomyces violaceusniger	0.000665394
Caulobacter henricii	0.020571
Petrotoga mobilis	0.000665394
Treponema vincentii	0.00133079
Shewanella pealeana	0.00151973
Lewinella cohaerens	0.000635385
Vibrio halioticoli	0.000532663
Helcococcus ovis	0.000787873
Kluyvera georgiana	0.00042114
Methylocaldum gracile	0.000460032
Hyphomonas polymorpha	0.00133079
Pseudonocardia alaniniphila	0.00199618
Micropruina glycogenica	0.00103837
Mannheimia haemolytica	0.00598854
Amycolatopsis coloradensis	0.000787873
Alloprevotella tannerae	0.000787873
Sphingomonas roseiflava	0.00157575
Wolbachia endosymbiont of Drosophila simulans	0.00105897
Bifidobacterium saeculare	0.00465775
Scardovia inopinata	0.00136012
Mycobacterium canettii	0.00399236
Bifidobacterium gallinarum	0.000665394
Asticcacaulis excentricus	0.000787873
Denitrobacterium detoxificans	0.00139708
Bacillus clausii	0.00133079
Bacillus horikoshii	0.00133079
Thioflavicoccus mobilis	0.000787873
Herbaspirillum rubrisubalbicans	0.00110864
Delftia acidovorans	0.000787873
Acidovorax avenae	0.000665394
Acidovorax temperans	0.00216516
Treponema brennaborense	0.00176081
Aminomonas paucivorans	0.000702696
Thermanaerovibrio acidaminovorans	0.00133079
Aminobacterium colombiense	0.000211795
Frateuria aurantia	0.000665394
Atopobium vaginae	0.000288244
Centipeda periodontii	0.000820708
Lactobacillus nagelii	0.000532663
Pragia fontium	0.00507434
Serratia plymuthica	0.00199618
Chlamydia psittaci	0.000665394
Propionivibrio dicarboxylicus	0.000283663
Clostridium aceticum	0.000283663
Cryptobacterium curtum	0.000787873
Gordonia polyisoprenivorans	0.0106463
Beutenbergia cavernae	0.000665394
Desulfotalea psychrophila	0.000665394
Pseudarthrobacter chlorophenolicus	0.00151973
Rothia sp. CCUG 25688	0.000283663
Thauera sp. MZ1T	0.000787873
Achromobacter xylosoxidans	0.0099809
Idiomarina zobellii	0.00108129
Microbulbifer elongatus	0.00042114
[Pseudomonas] geniculata	0.000665394
Saccharophagus degradans	0.000665394
Jeotgalibacillus marinus	0.00062392
Propionispira raffinosivorans	0.00232925
Facklamia tabacinasalis	0.00133079
Facklamia sourekii	0.074467
Treponema primitia	0.000665394
Promicromonospora sukumoe	0.000787873
Lactobacillus acidipiscis	0.00151973
Corynebacterium terpenotabidum	0.00731933
Ruegeria pomeroyi	0.00133079
Natronincola histidinovorans	0.000665394
Hymenobacter roseosalivarius	0.000787873
Moraxella lincolnii	0.000665394
Desulfatiglans anilini	0.00083167
Halomonas sp. MBIC2031	0.000665394
Ketogulonicigenium vulgare	0.00133079
Fervidobacterium pennivorans	0.000702696
Ramlibacter tataouinensis	0.000787873
Anaerobaculum mobile	0.000917027
Brevundimonas sp. LMG 9567t1	0.000665394
Anaerocolumna xylanovorans	0.000338184
Onion yellows phytoplasma	0.000319715
Pseudomonas sp. MBIC2027	0.000665394
Pseudomonas alcaliphila	0.00865012
Saccharothrix espanaensis	0.00332697
Janibacter terrae	0.00900374
Frankia sp. CcI3	0.000665394
Acinetobacter nosocomialis	0.000665394
Thermoanaerobacter italicus	0.000787873
Desulfacinum hydrothermale	0.00042114
Actinocorallia longicatena	0.000787873
Pseudoramibacter alactolyticus	0.00461191
Candidatus Carsonella ruddii	0.000665394
Streptomyces yogyakartensis	0.000665394
Mycoplasma maculosum	0.000665394
Sporosarcina aquimarina	0.000283663
Geobacter thiogenes	0.000283663
Oscillatoria acuminata	0.000665394
Bulleidia extructa	0.00516476
Cupriavidus metallidurans	0.000665394
Pseudothermotoga thermarum	0.00151973
Bacillus sonorensis	0.00148414
Pannonibacter phragmitetus	0.00126342
Heliorestis baculata	0.000665394
Pseudomonas psychrophila	0.00228566
Microbacterium sp. VKM Ac-2014	0.000665394
Helicobacter canadensis	0.00133079
Psychrobacillus psychrodurans	0.000283663
Carboxydothermus hydrogenoformans	0.000665394
Actinomyces radingae	0.137059
Nitrosococcus halophilus	0.000665394
Corynebacterium testudinoris	0.00399236
Lactobacillus equi	0.000338184
Thalassomonas viridans	0.000665394
Weissella cibaria	0.00108129
Blastococcus saxobsidens	0.00199618
Dietzia psychralcaliphila	0.000665394
Vibrio albensis	0.000291156
Aneurinibacillus thermoaerophilus	0.00111659
Dendrosporobacter quercicolus	0.000551596
Salinibacter ruber	0.000665394
Arthrospira sp. PCC 9108	0.00108129
Carnobacterium inhibens	0.000665394
Lactobacillus iners	0.00104625
Sulfuricurvum kujiense	0.000211795
Corynebacterium efficiens	0.000665394
Agrococcus baldri	0.00151973
Nitrosomonas sp. AL212	0.000665394
Georgenia muralis	0.00266157
Acaryochloris marina	0.000665394
Salinicoccus hispanicus	0.000787873
Pseudomonas parafulva	0.000665394
Bacillus shackletonii	0.00111659
Hahella chejuensis	0.000665394
Paenibacillus terrae	0.00133079
Microbacterium gubbeenense	0.000665394
Corynebacterium casei	0.0099809
Acidithiobacillus ferrivorans	0.00133079
Thermodesulfobacterium hydrogeniphilum	0.0608921
Corynebacterium camporealensis	0.00133079
Pseudomonas lini	0.00133079
Acidiferrobacter thiooxydans	0.00151973
Virgibacillus necropolis	0.00228566
Mycobacterium sp. JLS	0.00151973
Gelidibacter mesophilus	0.00111659
Saccharospirillum impatiens	0.000291156
Tistrella mobilis	0.00133079
Elizabethkingia miricola	0.00199618
Brachybacterium rhamnosum	0.000665394
Brachybacterium paraconglomeratum	0.00133079
Brachybacterium fresconis	0.000787873
Anaerobiospirillum thomasii	0.000529484
Herbaspirillum autotrophicum	0.000787873
Actinomyces cardiffensis	0.000920175
Desulfovibrio giganteus	0.000551596
Desulfococcus oleovorans	0.000702696
Cosenzaea myxofaciens	0.00258238
Sneathia amnii	0.000529484
Caldithrix abyssi	0.000968054
Paracoccus zeaxanthinifaciens	0.00199618
Pediococcus claussenii	0.00266157
Thalassolituus oleivorans	0.00199618
Bacillus marisflavi	0.00133079
Ralstonia insidiosa	0.00780153
Pseudomonas sp. VKM B-2265	0.000460032
Corynebacterium atypicum	0.000665394
Marinilactibacillus psychrotolerans	0.00108129
Methylobacterium sp. BF10	0.00133079
Synechococcus sp. PCC 6312	0.00361677
Gillisia limnaea	0.000820708
Actinoplanes friuliensis	0.000665394
Deferribacter desulfuricans	0.000665394
Methylocella silvestris	0.000665394
Rhodopseudomonas julia	0.00042114
Acinetobacter gerneri	0.000842279
Acinetobacter tjernbergiae	0.00731933
Tepidiphilus margaritifer	0.00156252
Candidatus Blochmannia floridanus	0.000665394
Dickeya zeae	0.000665394
Roseomonas genomospecies 4	0.000665394
Roseomonas genomospecies 5	0.00303947
Clostridium frigoris	0.00133079
Salinibacterium amurskyense	0.000665394
Flavobacterium gelidilacus	0.00192345
Actinomyces oricola	0.00279415
Sulfurovum lithotrophicum	0.000781262
Parvularcula bermudensis	0.00133079
Actinomyces nasicola	0.0272026
Candidatus Mycoplasma haemominutum	0.000665394
bacterium SG-3	0.000291156
Vibrio tasmaniensis	0.00332697
Mycobacterium sp. JS623	0.000665394
Treponema caldarium	0.000319715
Erwinia sp. Ejp617	0.000665394
Mesoplasma chauliocola	0.000567326
Lactobacillus spicheri	0.000702696
Polaromonas naphthalenivorans	0.000787873
Chryseobacterium molle	0.000665394
Spiroplasma diminutum	0.0355204
Stella vacuolata	0.00199618
Achromobacter insolitus	0.000665394
Bifidobacterium psychraerophilum	0.00270431
Garciella nitratireducens	0.00557802
Ottowia thiooxydans	0.000787873
Mesoplasma tabanidae	0.000283663
Bacillus soli	0.00266157
Fructobacillus pseudoficulneus	0.00145599
Methylobacterium populi	0.00332697
Anoxybacillus contaminans	0.000968054
Comamonas aquatica	0.000665394
Rickettsia heilongjiangensis	0.000665394
Lactobacillus saerimneri	0.0035434
Desulfobulbus japonicus	0.00110864
Belliella baltica	0.00236362
Effusibacillus pohliae	0.000338184
Kinetoplastibacterium blastocrithidii	0.00199618
Lactobacillus vini	0.000460032
Lactobacillus paracollinoides	0.00920065
Rummeliibacillus stabekisii	0.00111659
Pseudomonas lutea	0.00266157
Veillonella caviae	0.00151973
Candidatus Blochmannia chromaiodes	0.00332697
Soehngenia saccharolytica	0.00375784
Streptococcus halichoeri	0.00732378
Glutamicibacter arilaitensis	0.00731933
Desulfatibacillum alkenivorans	0.000420359
Thermosinus carboxydivorans	0.000288244
Kangiella koreensis	0.00133079
Castellaniella caeni	0.00042114
Chelativorans sp. BNC1	0.00199618
Rhodovarius lipocyclicus	0.00157575
Methylobacterium hispanicum	0.00133079
Methylomicrobium alcaliphilum	0.000502477
Sphaerochaeta coccoides	0.000665394
Exiguobacterium marinum	0.000270856
Microbacterium hydrocarbonoxydans	0.00199618
Aneurinibacillus terranovensis	0.00111659
Candidatus Amoebophilus asiaticus	0.000787873
Leucobacter aridicollis	0.00104625
Streptomyces sporoclivatus	0.000842687
Alcanivorax dieselolei	0.000665394
Acetobacter nitrogenifigens	0.00393937
Streptomyces geldanamycininus	0.000665394
Segniliparus rotundus	0.000665394
Kordiimonas gwangyangensis	0.000820708
Ruegeria sp. TM1040	0.00199618
Polaromonas sp. JS666	0.000665394
Frankia sp. EuI1c	0.000787873
Spiroplasma platyhelix	0.00216516
Lactobacillus harbinensis	0.00104625
Bacillus alkalitelluris	0.000665394
Endozoicomonas elysicola	0.00042114
Advenella kashmirensis	0.000665394
Zoogloea oryzae	0.000665394
Flavobacterium indicum	0.000665394
Croceibacter atlanticus	0.000591558
Pseudoxanthomonas suwonensis	0.00199618
Leadbetterella byssophila	0.000665394
Gluconobacter albidus	0.00332697
Nonlabens sediminis	0.00507434
Synechococcus sp. JA-2-3B'a(2-13)	0.000665394
Pseudorhodobacter incheonensis	0.000665394
Candidatus Accumulibacter phosphatis	0.00266157
Phyllobacterium sp. STM 391	0.000665394
Nonlabens dokdonensis	0.00133079
Psychrobacter cryohalolentis	0.0099809
Sphingobium japonicum	0.000787873
Truepera radiovictrix	0.00266157
Exiguobacterium sibiricum	0.00151973
Methylobacterium adhaesivum	0.00151973
Rhodococcus qingshengii	0.000665394
Psychrobacter arcticus	0.00199618
Bradyrhizobium sp. S23321	0.000665394
Agrococcus lahaulensis	0.000787873
Flavobacterium soli	0.000787873
Asticcacaulis benevestitus	0.000291156
Streptomyces davawensis	0.000665394
Pectinatus haikarae	0.00133079
Clostridium cavendishii	0.00199618
Alkalilimnicola ehrlichii	0.000665394
Rhizobium sp. CCBAU 45111-1	0.000787873
Methylotenera mobilis	0.00151973
Microbacterium sp. IFO 15709	0.000665394
Verminephrobacter eiseniae	0.000665394
Loktanella atrilutea	0.000665394
Haematobacter missouriensis	0.00110864
Xanthomonas fuscans	0.000665394
Blattabacterium sp. (Periplaneta americana)	0.000665394
Blattabacterium sp. (Blatta orientalis)	0.000665394
Rheinheimera perlucida	0.00108129
Ornithinimicrobium sp. YIM KMY41	0.000338184
Flavobacterium filum	0.000665394
Janthinobacterium sp. Marseille	0.00315149
Cyanobacterium aponinum	0.00199618
Sediminitomix flava	0.00172052
Pseudomonas protegens	0.0199618
Nitratiruptor sp. SB155-2	0.00320272
Sphingomonas jaspsi	0.000665394
Chryseobacterium lathyri	0.000665394
Thioalkalivibrio sp. K90mix	0.000665394
Fulvivirga kasyanovii	0.000787873
Zunongwangia profunda	0.000665394
Thermoanaerobacter sp. X514	0.00151973
Agrococcus jejuensis	0.00133079
Marinomonas sp. MWYL1	0.00332697
Rahnella sp. BIHB 783	0.00108129
Syntrophomonas palmitatica	0.000840718
Streptomyces radiopugnans	0.000665394
Shewanella piezotolerans	0.00151973
Alicyclobacillus acidocaldarius	0.00332697
Pelobacter seleniigenes	0.000873469
Prevotella pleuritidis	0.0300628
Paraburkholderia rhizoxinica	0.000665394
Cronobacter turicensis	0.000665394
Flavobacterium terrae	0.000665394
Sphingomonas molluscorum	0.000665394
Azonexus hydrophilus	0.000460032
Jiangella alkaliphila	0.000665394
Clostridium tepidiprofundi	0.00133079
Methylobacterium sp. 4-46	0.00266157
Desulfurivibrio alkaliphilus	0.000787873
Deinococcus peraridilitoris	0.00151973
Sulfurihydrogenibium sp. YO3AOP1	0.000211795
Granulosicoccus antarcticus	0.00042114
Corynebacterium timonense	0.00222811
Corynebacterium massiliense	0.00133079
Chroococcus sp. JJCM	0.000787873
Geobacter sp. M18	0.000842687
Pandoraea thiooxydans	0.000665394
Vibrio artabrorum	0.00139708
Catenulispora subtropica	0.00199618
Catenulispora yoronensis	0.000211795
Mucilaginibacter kameinonensis	0.000665394
Bdellovibrio exovorus	0.000319715
Massilia aerilata	0.000665394
Gracilimonas tropica	0.00172052
Micrococcus endophyticus	0.00199618
Saccharibacillus sacchari	0.00133079
Candidatus Cloacimonas acidaminovorans	0.000787873
Phenylobacterium composti	0.000665394
Chloracidobacterium thermophilum	0.000665394
Kribbella catacumbae	0.00199618
Lactobacillus nodensis	0.00139708
Cryptosporangium sp. HBUM 171259	0.0166139
Devosia yakushimensis	0.00135274
Moraxella pluranimalium	0.000787873
Streptomyces sp. YIM C513	0.000665394
Salinimicrobium terrae	0.00222811
Pantoea eucalypti	0.00042114
Geobacillus sp. WCH70	0.00199618
Nitrosococcus watsonii	0.000665394
Actinoallomurus fulvus	0.000665394
Actinoallomurus yoronensis	0.000665394
Brevibacterium ravenspurgense	0.000438172
Flavobacterium caeni	0.00133079
Marinobacter sp. BSs20148	0.00199618
Rubellimicrobium aerolatum	0.000288244
Hymenobacter daecheongensis	0.000787873
Arenimonas oryziterrae	0.000842279
Oceanimonas sp. GK1	0.00199618
Nesterenkonia alba	0.000502477
Bifidobacterium mongoliense	0.000665394
Deinococcus aquatilis	0.00133079
Cupriavidus sp. CCBAU 65808	0.000283663
Azospirillum thiophilum	0.000291156
Adhaeribacter terreus	0.00157575
Sphingomonas changbaiensis	0.000787873
beta proteobacterium CB	0.00133079
Alishewanella jeotgali	0.000665394
Alicyclobacillus aeris	0.000338184
Friedmanniella sagamiharensis	0.00151973
Aromatoleum aromaticum	0.00332697
Shewanella fodinae	0.00042114
Photobacterium leiognathi	0.00151973
Candidatus Liberibacter solanacearum	0.000665394
Cohnella xylanilytica	0.000319715
Pedobacter koreensis	0.000288244
Psychrobacter sp. G	0.000665394
Pedobacter luteus	0.000820708
Leeuwenhoekiella palythoae	0.000319715
Aidingimonas halophila	0.000665394
Bacillus cytotoxicus	0.00332697
Thermoanaerobacter mathranii	0.000665394
Flavobacterium sp. KOPRI 25160	0.000772445
Brevundimonas naejangsanensis	0.00100495
Ignavibacterium album	0.000438172
Mesorhizobium opportunistum	0.00199618
Naxibacter sp. BUZ1	0.000211795
Asaia prunellae	0.00199618
Neptunomonas antarctica	0.000211795
Blattabacterium sp. (Blattella germanica)	0.000502477
Rhodothermus profundi	0.000288244
marine bacterium SIMO-4483	0.00375784
Amycolicicoccus subflavus	0.00399236
Micromonospora sp. L5	0.00133079
Frankia symbiont of Datisca glomerata	0.000665394
Halanaerobium hydrogeniformans	0.000665394
Actinophytocola timorensis	0.000665394
Rhodanobacter denitrificans	0.00332697
Paenibacillus pinihumi	0.000787873
Candidatus Profftella armatura	0.000665394
Cryobacterium arcticum	0.000283663
Salinimicrobium marinum	0.000502477
Pedobacter ginsenosidimutans	0.00105992
Reichenbachiella faecimaris	0.000288244
Caldisericum exile	0.000211795
Thermasporomyces composti	0.000665394
Novosphingobium sp. PP1Y	0.00332697
Bifidobacterium sp. JCM 6439	0.000270856
Delftia sp. Cs1-4	0.000787873
Sphingobacterium sp. 21	0.000787873
Pseudogulbenkiania sp. NH8B	0.00199618
Burkholderia sp. RPE64	0.000665394
Bifidobacterium stellenboschense	0.000438172
Sphingobacterium alimentarium	0.000211795
Rhizobiales bacterium CCBAU 45351	0.00111659
Terriglobus saanensis	0.00151973
Desulfovibrio piezophilus	0.000665394
Plautia stali symbiont	0.000665394
Pseudovibrio sp. FO-BEG1	0.00133079
Pseudanabaena biceps	0.000288244
Bacillus halosaccharovorans	0.000787873
Pseudomonas brassicacearum	0.000665394
Gemmobacter aquatilis	0.000288244
Ilyobacter delafieldii	0.000283663
Oxalobacter vibrioformis	0.00879278
Streptomyces sp. YIMM10461	0.00083167
Marinomonas posidonica	0.00665394
Granulicella mallensis	0.00133079
Granulicella tundricola	0.000665394
Jeotgalicoccus sp. ATCC 8456	0.00157575
Leuconostoc sp. C2	0.000665394
Rhodoligotrophos appendicifer	0.000665394
Sphingomonas sp. KOPRI 25661	0.000787873
Polaribacter reichenbachii	0.00069265
Saprospiraceae bacterium KMM 9006	0.000291156
Nonomuraea soli	0.000968054
Candidatus Arthromitus sp. SFB-rat-Yit	0.00199618
Methylotenera versatilis	0.00151973
Pedobacter kyungheensis	0.00111659
Weissella fabalis	0.000665394
actinobacterium YIM 75000	0.000283663
Actinophytocola sp. YIM 75635	0.00379665
Aggregatibacter sp. CCUG 36139	0.000917027
Burkholderia sp. YI23	0.00393937
Bacillus sp. NBRC 3527	0.00139708
Paenibacillus sp. NBRC 13630	0.000665394
Psychrobacter sp. NBRC 15753	0.000665394
Photobacterium sp. NBRC 101037	0.00145599
Spirosoma sp. NBRC 101364	0.00133079
Alcanivorax sp. NBRC 102024	0.000665394
Lactobacillus sp. NBRC 107174	0.000665394
Weissella sp. NBRC 107217	0.00151973
Flavobacterium piscis	0.00199618
Pseudorhodobacter wandonensis	0.000532663
Fodinicurvata sediminis	0.00385015
Sphaerochaeta pleomorpha	0.00133079
Brevibacterium siliguriense	0.00133079
Acinetobacter sp. CIP 101934	0.000665394
Acinetobacter oleivorans	0.0133079
Saccharomonospora sp. YIM M11204177	0.000291156
Persephonella sp. IF05-L8	0.000288244
Gloeocapsa sp. PCC 7428	0.00133079
Wenyingzhuangia marina	0.000283663
Pseudomonas sp. UW4	0.000665394
Laceyella sp. CCTCC AB 2012157	0.00192345
Octadecabacter antarcticus	0.00151973
Candidatus Nitrosopumilus sp. AR2	0.000787873
Candidatus Endolissoclinum faulkneri	0.000665394
Moraxella porci	0.000291156
Chryseobacterium takakiae	0.00199618
Blattabacterium sp. (Nauphoeta cinerea)	0.00151973
Micrococcus aloeverae	0.00532315
Corynebacterium glyciniphilum	0.000787873
Hymenobacter luteus	0.00199618
Sphaerochaeta sp. DSM 26296	0.000338184
Pseudomonas sp. TKP	0.00133079
Hyphomicrobium nitrativorans	0.000787873
Candidatus Symbiobacter mobilis	0.00133079
Flavihumibacter cheonanensis	0.000920175
Clostridium oryzae	0.00139708
Sphingobacterium sp. YIM 101302	0.000288244
Streptomyces sp. NRRL F-5135	0.000665394
Streptomyces sp. NRRL S-920	0.000665394
Actinophytocola sediminis	0.00104625
Mariniphaga anaerophila	0.000920175
Corynebacterium sp. ATCC 6931	0.00332697
Brenneria sp. IHBB 6841	0.000842279
Kiloniella spongiae	0.00111659
Bacillus caseinilyticus	0.00133552
Lactobacillus bombicola	0.000787873
Pseudohongiella acticola	0.00276243
Paracoccus sanguinis	0.000665394
Paenibacillus sp. IHBB 10380	0.000665394
Flavobacterium sp. YIM 97465	0.00133079
Ammoniphilus sp. YIM 78166	0.00172052
Laceyella sp. YIM 79486	0.00385015
Rouxiella sp. 323	0.00042114
Pseudomonas sp. NBRC 111117	0.00266157
Pseudomonas sp. NBRC 111134	0.000665394
Microbacterium sp. HBUM179443	0.00150743
Akkermansia sp. MC_55	0.00172052
Sphingobacterium sp. LMG 28764	0.00209251
Paucibacter sp. KCTC 42545	0.000665394
Achromobacter sp. ATCC31444	0.000665394
Nocardioides intraradicalis	0.00133079
Paenibacillus sp. BIHB4019	0.00228566
Paenibacillus sp. IHBB 9852	0.00507434
