Bacteroides thetaiotaomicron	1.43022896898341
Bacteroides vulgatus	8.30717214666667
Bacteroides uniformis	3.5813226353717
Bacteroides ovatus	2.31795572099034
[Ruminococcus] gnavus	0.924793797761557
Streptococcus salivarius	1.71880034702439
Veillonella parvula	0.8701167414
[Ruminococcus] torques	0.393988802360494
Parabacteroides distasonis	1.53885271059701
Bacteroides xylanisolvens	0.711025052658228
Bacteroides fragilis	1.84467547035897
Bacteroides dorei	3.66931437623077
Bacteroides stercoris	2.91965438388175
Blautia obeum	0.880708317371134
[Eubacterium] eligens	1.85344289154047
Prevotella copri	5.92942716740741
Bacteroides caccae	1.59719757154667
Veillonella dispar	0.478039164849462
[Clostridium] bolteae	0.573068236290323
Parabacteroides merdae	1.18896049516758
Bacteroides plebeius	1.20394614793575
Dorea formicigenerans	0.0911664035337079
[Eubacterium] hallii	0.508322195098592
[Clostridium] symbiosum	0.384046168774929
Alistipes putredinis	1.55708409136752
[Eubacterium] rectale	1.59349403532764
Dorea longicatena	0.124243168424069
Roseburia intestinalis	1.24681154354467
Intestinibacter bartlettii	0.456847257107246
Bacteroides massiliensis	1.91437725804665
Bacteroides coprocola	1.38085080543284
Roseburia hominis	0.570264940122755
Bacteroides finegoldii	0.491111183145015
Bacteroides cellulosilyticus	0.535561876360856
Alistipes onderdonkii	0.629353720126154
Alistipes finegoldii	0.478232407065015
Odoribacter splanchnicus	0.608151180400621
Collinsella aerofaciens	0.580626513103448
Bacteroides nordii	0.0944039135015773
Coprococcus comes	0.0910209019873817
Alistipes shahii	0.414776980191083
Streptococcus mitis	0.116762927593548
Ruminococcus lactaris	0.25943381592233
Ruminococcus bromii	1.44634419549351
Bacteroides intestinalis	0.156227283084416
Bacteroides eggerthii	0.440691351986971
Clostridium perfringens	0.217811142307947
Eubacterium ramulus	0.0656171696357616
Dialister invisus	1.17595258810596
Haemophilus parainfluenzae	1.23808992016271
Erysipelatoclostridium ramosum	0.125548173003448
Streptococcus thermophilus	0.206091701535211
[Clostridium] citroniae	0.0116055882359155
Acidaminococcus intestini	0.908509052864286
Blautia producta	0.169686371334532
Ruminococcus callidus	0.262064735597122
Paraprevotella xylaniphila	0.0620653414028777
Eubacterium ventriosum	0.144998351119134
Anaerotruncus colihominis	0.100413900297101
Bilophila wadsworthia	0.134529041298182
Streptococcus anginosus	0.15089548979562
[Clostridium] leptum	0.149758948978102
Bacteroides coprophilus	0.353246632116788
Paraprevotella clara	0.372793512564103
Ruminococcus albus	0.407847398496296
Prevotella oris	0.302603172148148
Rothia mucilaginosa	0.101407320657993
[Clostridium] indolis	0.66728941858209
Faecalibacterium sp. MC_41	6.63059409552239
[Clostridium] saccharolyticum	0.260173073220974
Anaerostipes caccae	0.072394988075188
Oscillibacter valericigenes	0.901656297112782
Parabacteroides johnsonii	0.229981402218045
Barnesiella viscericola	1.42237632515038
Clostridium ventriculi	0.0998951779924528
Ruminiclostridium thermocellum	0.605064895358491
Eubacterium desmolans	0.273890534415094
Blautia hydrogenotrophica	0.0694965413560606
Blautia glucerasea	0.282138560681818
[Clostridium] celerecrescens	0.0506638696030534
[Clostridium] sphenoides	0.0573191754732824
Blautia coccoides	0.0871538595538461
[Clostridium] methylpentosum	0.228099533192308
Parasutterella excrementihominis	0.362740393457692
[Clostridium] saccharogumia	0.592797109996139
Prevotella paludivivens	0.0418866987364341
Anaerostipes butyraticus	0.0740262219767442
Prevotella ruminicola	0.199706884552529
Ruminococcus champanellensis	0.135976916474708
[Clostridium] neopropionicum	0.104145170003906
Lactobacillus salivarius	1.06715405020784
Sporobacter termitidis	0.168163221835294
Streptococcus oralis	0.288290189295276
Megasphaera cerevisiae	0.0791612502252964
[Eubacterium] siraeum	0.451629323557769
Eggerthella lenta	0.0343769597689243
Sutterella parvirubra	0.653150836023904
Streptococcus suis	0.187486529783133
Coprococcus eutactus	0.249362965951807
Parabacteroides goldsteinii	0.132012769843373
[Clostridium] propionicum	0.0628043859395161
Ruminococcus flavefaciens	0.112151682668016
[Clostridium] spiroforme	0.167000883230769
Clostridium sardiniense	0.145225570121457
Holdemania filiformis	0.0434756518821138
Clostridium sartagoforme	0.0756120923780488
Actinomyces odontolyticus	0.0249677175102041
[Clostridium] innocuum	0.0738906371452282
Prevotella buccalis	0.0352412185892116
Escherichia coli	1.99158699418908
Ruminococcus faecis	0.011917953814346
Prevotella oralis	0.0218728141949153
[Eubacterium] fissicatena	0.0419488634152542
Bacteroides sartorii	0.0345103672881356
Saccharofermentans acetigenes	0.0164186353234043
Alistipes sp. RMA 9912	0.473630274331915
Streptococcus intermedius	0.0356523089742489
Bacteroides graminisolvens	0.0230091490987124
Bacteroides rodentium	0.0207929129527897
Clostridium tertium	0.347651646172414
Bacteroides fluxus	0.0242283697715517
Bifidobacterium pseudocatenulatum	0.267947793528139
Prevotella enoeca	0.0127088484458874
Alistipes indistinctus	0.093644977943723
Prevotella albensis	0.0276738939130435
[Eubacterium] sulci	0.0152651616184211
Granulicatella adiacens	0.0305831748370044
Prevotella dentalis	0.00514020562389381
Bacteroides gallinarum	0.0588343970309734
Robinsoniella peoriensis	0.0153919977688889
Prevotella loescheii	0.233564599745536
Prevotella denticola	0.227823392263393
Alistipes timonensis	0.386209629834821
Streptococcus pasteurianus	0.027412517632287
Christensenella minuta	0.0998500829282511
Bacteroides stercorirosoris	0.0217316821659193
Dialister pneumosintes	0.0760103859324324
Desulfovibrio fairfieldensis	0.0296884841261261
Megasphaera elsdenii	0.206628798624434
Bacteroides helcogenes	0.0139572067647059
Ruminococcus sp. DSM 100440	0.034133598638009
Prevotella oryzae	0.0954189647590909
Prevotella melaninogenica	0.053428560347032
Parvimonas micra	0.00718817735159817
Bacteroides faecichinchillae	0.0044599995437788
[Clostridium] oroticum	0.0127284712824074
Bacteroides sp. MC_16	0.378627551023148
Lachnospira multipara	0.00938107531627907
[Clostridium] colinum	0.0861867366186047
Streptococcus pneumoniae	0.042284469271028
Prevotella bivia	0.061975719635514
Paludibacter propionicigenes	0.0125558130747664
Bacteroides pyogenes	0.0152140130327103
Prevotella dentasini	0.0244738729292453
[Eubacterium] brachy	0.0469967024449761
Actinomyces meyeri	0.0174282598067633
Dialister micraerophilus	0.0996401710193237
[Clostridium] scindens	0.0084625314223301
Bacteroides luti	0.00674588815048544
Klebsiella pneumoniae	1.28509781199024
Lactobacillus fermentum	0.189613050926829
Clostridium chartatabidum	0.00724447593170732
Acidaminococcus fermentans	0.0907402610490196
Gemella haemolysans	0.0141135403921569
[Clostridium] aldenense	0.0351008055392157
Bacteroides reticulotermitis	0.0227142626732673
Prevotella multisaccharivorax	0.0132067594626866
Clostridium sp. ATCC 29733	0.00558342347738693
Fusobacterium nucleatum	0.107491979944162
Bacteroides salanitronis	0.0235877309846939
Collinsella tanakaei	0.0140529332602041
Bacteroides paurosaccharolyticus	0.00329936706666667
Bacteroides sp. MC_12	0.00487758784102564
Clostridium maximum	0.253835406324742
Bacillus nealsonii	0.0149909064639175
Prevotella histicola	0.0309756941752577
Atopobium parvulum	0.00972381219689119
Lactobacillus gasseri	0.231602973502591
Porphyromonas catoniae	0.0236980891917098
Prevotella bryantii	0.0126377215736842
Bacteroides coprosuis	0.00728099817368421
Enterococcus faecium	0.534485211502645
Papillibacter cinnamivorans	0.00572871126455026
Selenomonas ruminantium	0.00590628453723404
Coprobacillus cateniformis	0.0422916148723404
Prevotella shahii	0.373907485319149
Akkermansia muciniphila	0.655876093790323
Prevotella saccharolytica	0.0632604833387097
Bifidobacterium longum	0.369829165281081
Veillonella atypica	0.600363948434783
Bulleidia extructa	0.0131012596684783
Finegoldia magna	0.00533087932044199
Streptococcus mutans	0.0311708748156425
Pseudobutyrivibrio ruminis	0.0033579108547486
Blautia schinkii	0.0156363384301676
Lachnoclostridium phytofermentans	0.00317758173595506
Butyrivibrio fibrisolvens	0.00236293003448276
Eubacterium limosum	0.00770623637209302
Terrisporobacter mayombei	0.0287105373157895
[Clostridium] xylanolyticum	0.0591823440295858
Olsenella uli	0.065682088112426
Eubacterium xylanophilum	0.102518806191617
[Clostridium] viride	0.00935885833536585
Bacteroides salyersiae	0.403365114067073
Holdemanella biformis	1.00147037574847
Cellulosilyticum lentocellum	0.00382536074074074
Prevotella oulorum	0.0266554586815287
Lactobacillus mucosae	0.397117083324841
Faecalibacterium prausnitzii	5.25517352941176
Lactobacillus delbrueckii	0.186701552803922
Desulfosporosinus youngiae	0.00334667950326797
Actinomyces viscosus	0.007594785125
Eubacterium oxidoreducens	0.00410913268421053
Olsenella profusa	0.0321590150855263
Bacillus gaemokensis	0.122715870947368
Clostridium celatum	0.0495484191125828
[Clostridium] clariflavum	0.0319848298609272
Gordonibacter pamelaeae	0.00683245165771812
Prevotella marshii	0.090165080472973
Clostridium sp. SY8519	0.00259891115540541
Lactobacillus johnsonii	0.219616662869863
Lactococcus lactis	0.0828984139862069
Mogibacterium timidum	0.00304180908275862
[Clostridium] thermosuccinogenes	0.0826348497103448
Clostridium gasigenes	0.0140191592847222
Proteiniphilum acetatigenes	0.00332713826388889
Rothia dentocariosa	0.0120535995422535
Veillonella criceti	0.0219920596737589
Shigella flexneri	0.135389339087591
Adlercreutzia equolifaciens	0.00690880078832117
Collinsella intestinalis	0.0249894229852941
Paenibacillus sp. IHBB 10380	0.00280791056617647
Clostridium butyricum	0.029387943962406
[Clostridium] stercorarium	0.0172014739924812
Streptococcus infantarius	0.325670653030075
Prevotella baroniae	0.00297307565413534
Butyrivibrio crossotus	0.180555445305344
Acetonema longum	0.225021251125
[Eubacterium] dolichum	0.00936087411023622
Selenomonas infelix	0.00406339407874016
Anaerofustis stercorihominis	0.002690744888
Symbiobacterium thermophilum	0.00191748041935484
Desulfotomaculum acetoxidans	0.00183595293548387
Streptococcus agalactiae	0.0232294884065041
Marvinbryantia formatexigens	0.00504471328455285
Streptococcus parasanguinis	0.971400901639344
Desulfitobacterium hafniense	0.00201848870491803
Clostridium baratii	0.00752629388333333
Arthrobacter citreus	0.0154193151166667
Acaryochloris marina	0.002459586175
Bifidobacterium adolescentis	0.840239854546219
Clostridium saccharoperbutylacetonicum	0.0413715710168067
Clostridium tarantellae	0.00840752869747899
Veillonella ratti	0.00609793043220339
Actinomyces naeslundii	0.00490622035897436
Desulfitobacterium dehalogenans	0.00396223038461538
Prevotella salivae	0.0394970183760684
Catabacter hongkongensis	0.0128187718034188
Parabacteroides gordonii	0.0276968015470085
Thermincola potens	0.00546842199145299
Desulfotomaculum nigrificans	0.0279173341043478
Actinomyces radicidentis	0.00714100095614035
Bacillus shackletonii	0.00302441157017544
Roseburia inulinivorans	2.8353510619469
Desulfovibrio desulfuricans	0.123826147590909
Lactobacillus vaginalis	0.0954873672272727
Selenomonas artemidis	0.0031291796
Campylobacter concisus	0.030558201146789
Prevotella scopos	0.00868845829357798
Lactobacillus casei	0.00936663173148148
[Clostridium] cellobioparum	0.0370235109065421
Porphyromonas cangingivalis	0.0103207421495327
Enterococcus moraviensis	0.0281331147102804
Lactobacillus reuteri	0.474237636438095
Porphyromonas endodontalis	0.00358559854285714
Prevotella nigrescens	0.00510725033333333
Faecalitalea cylindroides	0.0285251950285714
Clostridium septicum	0.00307676790384615
Caldilinea aerophila	0.00213845696153846
Lactobacillus parafarraginis	0.00243319505769231
Bacteroides oleiciplenus	0.0475647346346154
[Eubacterium] contortum	0.0175219449223301
Eggerthella sp. YY7918	0.0322679950392157
Bifidobacterium dentium	0.149560812336634
Corynebacterium diphtheriae	0.00210512522772277
Lactobacillus crispatus	0.0645468607227723
Clostridioides difficile	0.21240830161
Sutterella sanguinus	0.09912847266
Actinomyces urogenitalis	0.0118904333030303
Pseudoflavonifractor capillosus	0.00604926651515152
Prevotella sp. oral taxon 299	0.00209920355555556
Desulfonispora thiosulfatigenes	0.00901695608247423
Slackia heliotrinireducens	0.0156984318865979
Prevotella buccae	0.612076388760417
Clostridium paraputrificum	0.211898481760417
Fusobacterium mortiferum	2.10947034711579
Clostridium tetani	0.00218191721052632
Slackia exigua	0.0384702175789474
Prevotella timonensis	0.0128924012842105
Marinifilum fragile	0.00393021513684211
Kandleria vitulina	0.372015799
Bacteroides zoogleoformans	0.00345326186170213
Tyzzerella nexilis	0.924210212765957
Lactobacillus rhamnosus	0.0175349190106383
Alloprevotella tannerae	0.0212405978510638
Hungatella hathewayi	0.732237340425532
Streptococcus vestibularis	0.343912887989247
Glutamicibacter arilaitensis	0.00253215310752688
Pectinatus haikarae	0.911125944774194
Anaerofilum pentosovorans	0.00685207007692308
Prevotella veroralis	0.0527427453777778
[Eubacterium] angustum	0.00222868521111111
Campylobacter gracilis	0.0126069384269663
Streptococcus alactolyticus	0.0460642760674157
Actinomyces lingnae	0.00348936512359551
Pseudobacteroides cellulosolvens	0.00400791172727273
[Clostridium] cocleatum	0.00393327717045455
Bacillus alkalitelluris	0.00145713029545455
Corynebacterium afermentans	0.00173993282352941
Clostridium amylolyticum	0.0122404839529412
Clostridium botulinum	0.00318789504761905
Ethanoligenens harbinense	0.00734267016666667
Chromobacterium amazonense	0.00536736598809524
Heliobacterium modesticaldum	0.00171696521686747
Selenomonas sputigena	0.00391675620481928
Lachnobacterium bovis	0.00190862556626506
Lactobacillus amylovorus	0.329592043426829
Rikenella microfusus	0.018828995195122
Lachnospiraceae bacterium 2_1_58FAA	0.588720365853659
[Eubacterium] yurii	0.00163886724691358
Prevotella multiformis	0.00887844982716049
Slackia faecicanis	0.027556286375
Flavonifractor plautii	0.0605344337875
Lachnospiraceae bacterium 5_1_63FAA	0.115434
Clostridium sp. BNL1100	0.05083618785
Halolactibacillus miurensis	0.00164837826582278
Bacteroides propionicifaciens	0.00251211483544304
[Clostridium] purinilyticum	0.00189713206410256
Clostridium beijerinckii	0.00829841293589744
Thiomicrospira crunogena	0.002867282
Salmonella enterica	0.00914088325974026
Peptoniphilus asaccharolyticus	0.00244384046052632
Staphylococcus aureus	0.0122331335921053
Salinicoccus roseus	0.00198360321052632
Granulicatella elegans	0.00992483922368421
Clostridium formicaceticum	0.00187245569333333
Clostridium sp.	0.0126301833466667
Bifidobacterium bifidum	0.0812416900266667
Sulfurimonas denitrificans	0.00205850752
Abiotrophia defectiva	0.00663408701333333
Peptostreptococcus stomatis	0.0516212997466667
Mageeibacillus indolicus	0.00199324848
Streptococcus sanguinis	0.0190008385810811
Listeria monocytogenes	0.00201878337837838
[Clostridium] termitidis	0.00168804793243243
Lactococcus garvieae	0.0282949926849315
Lactobacillus oris	0.0269884238630137
Megasphaera micronuciformis	0.384125205479452
[Bacteroides] pectinophilus	0.0134133800958904
Clostridium quinii	0.0192648193472222
Enterococcus casseliflavus	0.0196499178888889
Chloroflexus sp. Y-400-fl	0.00167681305555556
Dehalobacter sp. CF	0.00544495666666667
Prevotella intermedia	0.0483008038028169
Paenibacillus mucilaginosus	0.00466245752112676
Lactonifactor longoviformis	0.00356370692957746
Leeia oryzae	0.00279369436619718
Desulfosporosinus orientis	0.00191403151428571
Brevibacillus thermoruber	0.00157227101428571
Clostridium aminobutyricum	0.00574205367142857
Eubacterium ruminantium	0.0331844230428571
Butyrivibrio proteoclasticus	0.00176169937142857
Clostridioides mangenotii	0.00201849441176471
Lactobacillus sakei	0.04443031425
Solibacillus silvestris	0.0256638368676471
Weissella cibaria	0.0438667084705882
Gemmatimonas aurantiaca	0.00181945820588235
Aggregatibacter segnis	0.128248017522388
Oxalobacter formigenes	0.0340242462238806
Fusobacterium periodonticum	0.0749611973283582
Peptococcus niger	0.0271812204925373
Paenibacillus sepulcri	0.00186743429850746
Prevotella pleuritidis	0.00169673768656716
Desulfovibrio piger	0.162921242318182
Bacillus megaterium	0.00255593575757576
Erysipelothrix rhusiopathiae	0.0015727921969697
Eubacterium acidaminophilum	0.00155622159090909
[Clostridium] polysaccharolyticum	0.00216338037878788
Syntrophomonas bryantii	0.00172015178461538
Brevibacillus choshinensis	0.00159027233846154
Lactobacillus ruminis	0.21352722440625
Selenomonas lacticifex	0.0027083929375
[Clostridium] hylemonae	0.0099241176875
Desulfosporosinus acidiphilus	0.00287949190625
Streptococcus sobrinus	0.0512916010634921
Corynebacterium mycetoides	0.00183898644444444
Clostridiales bacterium 1_7_47FAA	0.074198253968254
Ruminobacter amylophilus	0.00279053583870968
Streptococcus gordonii	0.0465085483870968
Atopobium rimae	0.00969940762903226
Lachnospiraceae bacterium 1_1_57FAA	0.356598870967742
Paenibacillus sp. BIHB4019	0.00268446137096774
Paenibacillus polymyxa	0.00663034049180328
Bacillus benzoevorans	0.00202437552459016
Clostridium kluyveri	0.00149180367213115
Eubacterium uniforme	0.00155887645901639
Succinispira mobilis	0.00239934726229508
Anaerorhabdus furcosa	0.00355179204918033
Dysgonomonas hofstadii	0.00160427780327869
Prevotella disiens	0.0087896838
Eubacterium plexicaudatum	0.0109503697833333
Kopriimonas byunsanensis	0.0489561893
Corynebacterium glutamicum	0.00213908877966102
[Clostridium] hiranonis	0.0182125939491525
Porphyromonas gingivalis	0.00519533148275862
Desulfovibrio vulgaris	0.012101031862069
Clostridium putrefaciens	0.00148845703448276
Anaerostipes hadrus	0.0862613793103448
Peptoniphilus sp. JCM 8143	0.00749801529310345
Fusobacterium ulcerans	0.387333738105263
Enterococcus hirae	0.0102058198596491
Bifidobacterium catenulatum	0.0177806218596491
Mitsuokella multacida	0.289398309736842
Actinomyces gerencseriae	0.00225941428070175
Burkholderiales bacterium 1_1_47	0.161101403508772
Parasutterella secunda	0.048722463
Haemophilus sputorum	0.0738660463859649
Haemophilus haemolyticus	0.0277403962142857
Coxiella burnetii	0.00184888128571429
Lactobacillus plantarum	0.0269472489642857
Propionibacterium freudenreichii	0.0126132729107143
Actinomyces sp.	0.00500086433928571
Geofilum rubicundum	0.00164757941818182
Ignavibacterium album	0.00284292709090909
Fusobacterium varium	0.130852572277778
Lactobacillus acidophilus	0.229716879111111
Clostridium puniceum	0.035638531037037
Desulfosporosinus meridiei	0.00175565431481481
Lactobacillus amylolyticus	0.00717493305555556
Mogibacterium diversum	0.00298468353703704
Mogibacterium neglectum	0.0132948791296296
Alkaliphilus metalliredigens	0.00220733122222222
Bacteroides faecis	0.175171111111111
Enterobacter cloacae	0.837619085169811
Lactobacillus agilis	0.0131162078113208
Microbacterium hydrocarbonoxydans	0.00135363401886792
Rhodothermus profundi	0.00167397928301887
Zymomonas mobilis	0.00472491086538462
Rhodospirillum rubrum	0.00339188069230769
Nodosilinea nodulosa	0.00149987959615385
Pseudomonas aeruginosa	0.259225268862745
Paraclostridium bifermentans	0.00476531256862745
Selenomonas noxia	0.00348915037254902
Methylophilales bacterium HTCC2181	0.00504905937254902
Slackia equolifaciens	0.00582843919607843
Alistipes sp. MC_19	0.00493896352941176
Tannerella forsythia	0.00806699844
Anaeroglobus geminatus	0.03041142882
Prevotella maculosa	0.0081973147
Alkaliphilus oremlandii	0.0014198825
Bacillus licheniformis	0.00251348771428571
[Eubacterium] nodatum	0.00138425804081633
Dysgonomonas capnocytophagoides	0.153359520020408
Lactobacillus graminis	0.0191962633265306
Insolitispirillum peregrinum	0.0195461899591837
Geitlerinema sp. PCC 7105	0.00170239326530612
Collinsella stercoris	0.0191658722857143
Lactobacillus iners	0.00538451624489796
Lachnospiraceae bacterium 7_1_58FAA	0.022779387755102
Streptococcus acidominimus	0.00192286645833333
Acholeplasma palmae	0.0243029012083333
Streptococcus infantis	0.0433629166666667
Prevotella amnii	0.0226721952708333
Clostridium malenominatum	0.00279242476595745
Anaerolinea thermophila	0.00434455944680851
Prolixibacter bellariivorans	0.00122369408510638
Burkholderia pseudomallei	0.00217248519565217
Clostridium halophilum	0.00177354708695652
Bacillus panaciterrae	0.00181331289130435
Fodinicurvata fenggangensis	0.192791487652174
Lactococcus raffinolactis	0.0200572504222222
Lactobacillus brevis	0.0193221671111111
Prevotella corporis	0.0737709202
Streptomyces cinnamoneus	0.00669650153333333
Prevotella nanceiensis	0.00212588384444444
Weissella paramesenteroides	0.00442677395454545
[Eubacterium] tortuosum	0.00170927181818182
Lachnospiraceae bacterium 8_1_57FAA	0.134785681818182
Peptoniphilus ivorii	0.00388618846511628
Lactobacillus frumenti	0.00598396446511628
Streptococcus australis	0.0507341860465116
Coprococcus catus	0.0676479069767442
Heliobacterium gestii	0.0013910150952381
[Eubacterium] cellulosolvens	0.00155741830952381
Acholeplasma axanthum	0.00264428497619048
Anaerococcus hydrogenalis	0.00974886230952381
Bacillus horikoshii	0.00163125357142857
[Clostridium] asparagiforme	0.0420004761904762
Bacteroides barnesiae	0.306638397142857
Moorella thermoacetica	0.00164854858536585
Propionibacterium acnes	0.00137266841463415
Desulfonatronum lacustre	0.00362182292682927
Megamonas hypermegale	1.29248463414634
Fluviicola taffensis	0.00137865802439024
Bacillus soli	0.00222821414634146
Lactobacillus ghanensis	0.0024184482195122
Pyramidobacter piscolens	0.0653929881219512
Streptococcus pyogenes	0.002093954075
Faecalicoccus pleomorphus	0.0197735682
[Eubacterium] saphenum	0.00159293175
Lactobacillus jensenii	0.004780563525
Prevotella stercorea	5.85871525
Peptoniphilus lacrimalis	0.00537009961538462
Lautropia mirabilis	0.00650235953846154
Dehalococcoides mccartyi	0.00134010087179487
Thiomicrospira kuenenii	0.00145634971794872
Terasakiella pusilla	0.00729482848717949
Microbacterium hominis	0.00126394858974359
Candidatus Babela massiliensis	0.001704031
Syntrophomonas wolfei	0.00133894494736842
Lactobacillus murinus	0.00292616752631579
Sporomusa ovata	0.00135251023684211
[Clostridium] fimetarium	0.00163258076315789
Lactobacillus vini	0.00212058318421053
Carboxydocella sporoproducens	0.00139710457894737
Lachnoanaerobaculum saburreum	0.00874364184210526
Barnesiella intestinihominis	1.14539736842105
Megamonas rupellensis	0.193813421052632
Prevotella fusca	0.0319809726578947
Ralstonia solanacearum	0.00150827310810811
Chlorobium limicola	0.00133431002702703
Lactococcus plantarum	0.00458028518918919
Clostridium fallax	0.00286465737837838
[Clostridium] paradoxum	0.00281764362162162
Actinomyces suimastitidis	0.00222145683783784
Leptotrichia wadei	0.0519281680810811
Paenibacillus sp. IHBB 9852	0.00259176616216216
[Clostridium] clostridioforme	0.443802299388889
Lactobacillus paracasei	0.003210487
Spiroplasma clarkii	0.00128853563888889
Streptococcus cristatus	0.0533561111111111
Wolbachia sp. wRi	0.00276689427777778
Tissierella creatinophila	0.00138257163888889
Fischerella muscicola	0.00130550719444444
Wolbachia endosymbiont of Onchocerca ochengi	0.00315226827777778
Porphyromonas uenonis	0.03088333825
Comamonas terrae	0.00210629458333333
Lactobacillus sanfranciscensis	0.0273698656857143
Acholeplasma brassicae	0.00151454251428571
Lactobacillus intestinalis	0.0372933017714286
Cellulosilyticum ruminicola	0.0994391334571429
Modestobacter marinus	0.00136575037142857
Cloacibacillus evryensis	0.00266112488571429
Aeromonas veronii	0.136472026647059
Haemophilus paraphrohaemolyticus	0.0506545961764706
Brevibacillus laterosporus	0.00150648105882353
Halothece sp. PCC 7418	0.00123012544117647
Legionella pneumophila	0.00145091584848485
Bacillus cellulosilyticus	0.00222192427272727
Clostridium pasteurianum	0.00982705981818182
Bifidobacterium animalis	0.0141408033333333
Anaerococcus prevotii	0.00377904878787879
Thermobrachium celere	0.0173675879090909
Desulfotomaculum reducens	0.00133966336363636
Tindallia magadiensis	0.0012093016969697
Clostridium tunisiense	0.00152156460606061
Lachnospiraceae bacterium 3_1_46FAA	0.162518484848485
Geobacter sp. DSM 9736	0.00150039357575758
Haemophilus parahaemolyticus	0.151759098125
Fibrobacter succinogenes	0.0014710896875
Streptomyces roseoverticillatus	0.0014069853125
Filifactor alocis	0.00123532
Sharpea azabuensis	0.02576006109375
Sneathiella glossodoripedis	0.00250111171875
Pseudomonas bauzanensis	0.00136230171875
Lachnospiraceae bacterium 1_4_56FAA	0.239165
Caldicoprobacter faecalis	0.002800217375
Bacillus abyssalis	0.0020316586875
Mariniphaga anaerophila	0.0014720635625
Eikenella corrodens	0.00841584916129032
Lactobacillus aviarius	0.0025293165483871
Bifidobacterium pseudolongum	0.0319639632258065
Alteromonas macleodii	0.00191026887096774
Telluria mixta	0.00193553729032258
Sporomusa sphaeroides	0.00149418748387097
Tetragenococcus halophilus	0.00218348748387097
Prevotella pallens	0.026123584483871
Syntrophococcus sucromutans	0.00143832429032258
Halobacteriovorax marinus	0.0014635665483871
Bifidobacterium scardovii	0.013272864516129
Prevotella bergensis	0.00436093667741936
Mahella australiensis	0.00343414774193548
Solirubrobacter soli	0.0015509755483871
Erysipelotrichaceae bacterium 2_2_44A	0.0263003225806452
Clostridiaceae bacterium JC118	0.165823548387097
Lactobacillus animalis	0.011560495
Bisgaard Taxon 7	0.0202962143333333
Porphyromonas circumdentaria	0.0075180716
Clostridium chauvoei	0.0131466264666667
Desulfotomaculum gibsoniae	0.00144738683333333
Collimonas fungivorans	0.00159683506666667
Porphyromonas gingivicanis	0.0012399238
Lactobacillus pobuzihii	0.0020862665
Odoribacter laneus	0.272713770733333
Laceyella sp. YIM 79486	0.0020960984
Victivallis sp. MC_44	0.0056573226
Corynebacterium variabile	0.0150126914137931
Bifidobacterium choerinum	0.0248303486206897
Hallella seregens	0.00163928310344828
Bifidobacterium ruminantium	0.0516725751724138
Bacillus marisflavi	0.00173350351724138
Thermovirga lienii	0.00138951262068966
Lactobacillus taiwanensis	0.00684528127586207
Bifidobacterium saguini	0.00881247310344828
Streptococcus tigurinus	0.0317024137931034
Citrobacter freundii	0.226670998928571
Capnocytophaga ochracea	0.00156945457142857
Leuconostoc mesenteroides	0.00341126610714286
Lactobacillus panis	0.00258176625
Bifidobacterium gallicum	0.0128380257142857
Paenibacillus chitinolyticus	0.00131090592857143
Lactobacillus sp. KLDS 1.0716	0.0909269202857143
Halothiobacillus neapolitanus	0.00212241785185185
Staphylococcus epidermidis	0.00283730107407407
Staphylococcus intermedius	0.00132945392592593
Lactobacillus helveticus	0.0111172353333333
Campylobacter hominis	0.0138203798518519
Atopobium vaginae	0.00494811181481481
Propionispira paucivorans	0.0140532077037037
Lactobacillus kefiranofaciens	0.0104740724444444
Dehalogenimonas lykanthroporepellens	0.00116329022222222
Alistipes senegalensis	0.0274211111111111
Weissella minor	0.016990309
Actinomyces israelii	0.00275551011538462
Schwartzia succinivorans	0.00204179292307692
Streptococcus macedonicus	0.04822349
Lactobacillus nagelii	0.00301838865384615
Bacillus halodurans	0.00180829753846154
Derxia gummosa	0.00180019046153846
Comamonas aquatica	0.0130997463846154
Corynebacterium resistens	0.00125460407692308
Megamonas funiformis	0.815795769230769
Anaerocolumna aminovalerica	0.00174130868
Desulfotomaculum ruminis	0.00178105708
Corynebacterium stationis	0.00179387384
Brochothrix thermosphacta	0.00136229812
Streptomyces cattleya	0.00706280884
Staphylococcus saprophyticus	0.0069591268
Sutterella wadsworthensis	0.9003924
Tissierella praeacuta	0.00416334528
Bifidobacterium boum	0.00577284932
Dethiosulfatibacter aminovorans	0.00115762456
Erysipelotrichaceae bacterium 6_1_45	0.1305532
Porphyromonas macacae	0.00160937333333333
Porphyromonas asaccharolytica	0.0225360110833333
Acetobacterium bakii	0.00194555566666667
Clostridium aceticum	0.00134119158333333
Pseudomonas psychrophila	0.0095925255
Dysgonomonas gadei	0.00610813275
Saccharomonospora paurometabolica	0.00147291479166667
Spiroplasma velocicrescens	0.01069587625
Lactobacillus concavus	0.00147955404166667
Asaccharobacter celatus	0.00216115229166667
Syntrophomonas palmitatica	0.00610333445833333
Lachnospiraceae bacterium 9_1_43BFAA	0.108261666666667
Campylobacter showae	0.0366423447826087
Chlorobium phaeobacteroides	0.00137564756521739
Clostridium cellulovorans	0.00185783782608696
[Clostridium] litorale	0.00140170982608696
Corynebacterium ammoniagenes	0.00150582052173913
Propionibacterium propionicum	0.00312666308695652
Pelobacter acetylenicus	0.00136660517391304
Oxobacter pfennigii	0.00222543095652174
Johnsonella ignava	0.00108321082608696
Geothrix fermentans	0.00193708960869565
Streptomyces abikoensis	0.00113535304347826
Sulfurimonas autotrophica	0.00171794330434783
Sulfurovum lithotrophicum	0.00122416556521739
Spiroplasma sabaudiense	0.0015027547826087
Lactobacillus gastricus	0.00260089239130435
Nautilia profundicola	0.0010888332173913
Bifidobacterium thermacidophilum	0.0086358147826087
Alistipes obesi	0.180673913043478
Microcoleus sp. PCC 7113	0.0012092222173913
Haemophilus influenzae	0.0450726195454545
Microcystis aeruginosa	0.00131558463636364
Streptomyces scabiei	0.00194251631818182
[Clostridium] papyrosolvens	0.00230169040909091
Anaerococcus lactolyticus	0.00307319690909091
Coriobacterium glomerans	0.00121850259090909
Actinomyces georgiae	0.00175508872727273
Clostridium acetireducens	0.0148833448636364
Corynebacterium camporealensis	0.00127596922727273
Dysgonomonas mossii	0.0226103725454545
Ureibacillus composti	0.00479487954545455
Clostridium tepidiprofundi	0.00180452318181818
Methylovorus sp. MP688	0.00215685840909091
Corynebacterium epidermidicanis	0.00386079695454545
Neisseria cinerea	0.00425881542857143
Campylobacter ureolyticus	0.00244349276190476
Saccharicrinis fermentans	0.00131780204761905
Streptococcus macacae	0.00159163480952381
Hathewaya limosa	0.00135242842857143
Desulfovibrio senezii	0.00325064895238095
Paenibacillus odorifer	0.00119378571428571
Lactobacillus apodemi	0.150873969190476
Paenibacillus sp. JDR-2	0.001315402
Ruminococcus sp. 5_1_39BFAA	0.636156666666667
Fischerella sp. PCC 9605	0.00185875842857143
Clostridium sp. ATCC 25772	0.00246969138095238
Pseudomonas fluorescens	0.0059870525
Cytophaga hutchinsonii	0.0058399624
Streptococcus uberis	0.00304892805
Weissella confusa	0.0778145
Lactobacillus amylophilus	0.00214879965
Kurthia zopfii	0.00211567985
Bifidobacterium indicum	0.0041116765
Carnobacterium maltaromaticum	0.00297695615
Gloeobacter violaceus	0.0018659746
Streptococcus constellatus	0.004579413
Paraburkholderia tropica	0.00099113405
Arthrobacter luteolus	0.0016534002
Solobacterium moorei	0.015784
Enterococcus gilvus	0.0067404016
Nocardia cummidelens	0.00134265855
Lactobacillus pantheris	0.0023143078
Desulfitobacterium dichloroeliminans	0.00113032295
Thiomonas delicata	0.0013133556
Lactobacillus thailandensis	0.00153737495
Alicyclobacillus macrosporangiidus	0.00144013565
Paenibacillus glacialis	0.00129802635
Bifidobacterium biavatii	0.0059927965
Bacillus halosaccharovorans	0.0016787339
Melioribacter roseus	0.00199840295
Garciella sp. YIM G1-1	0.0015997334
Neisseria meningitidis	0.00217365515789474
Morganella morganii	0.128982620684211
Leuconostoc gelidum	0.00356603405263158
Streptococcus equi	0.00262166473684211
Bacillus thuringiensis	0.00193243326315789
Bacillus smithii	0.00146554336842105
[Clostridium] sticklandii	0.00193659705263158
Methanobrevibacter smithii	0.21800494
Amycolatopsis orientalis	0.00517374305263158
Clostridium homopropionicum	0.001719215
Corynebacterium genitalium	0.00115678815789474
Atopobium fossor	0.00123031921052632
Acinetobacter johnsonii	0.0484003581578947
Leptotrichia buccalis	0.00309547089473684
Clostridium pascui	0.00155482526315789
Corynebacterium ulcerans	0.00143928873684211
Gemella sanguinis	0.0264036842105263
Leptotrichia goodfellowii	0.00979518526315789
Actinomyces cardiffensis	0.00215042794736842
Sandarakinorhabdus limnophila	0.00124685778947368
Lactobacillus kitasatonis	0.03317563
Psychrilyobacter atlanticus	0.00197124415789474
Tepidimonas arfidensis	0.00109152121052632
Alteromonas mediterranea	0.00337986236842105
Rivularia sp. PCC 7116	0.0279723984210526
Alloscardovia omnicolens	0.0768149122631579
Pseudoclavibacter soli	0.00132994805263158
Iamia majanohamensis	0.00119966210526316
Bifidobacterium bombi	0.0101428473684211
Rudaea cellulosilytica	0.00132458705263158
Ruminococcaceae bacterium D16	0.186997894736842
Erysipelotrichaceae bacterium 21_3	0.02611
Enteractinococcus sp. YIM 100602	0.00117358652631579
Lysinibacillus contaminans	0.00250830789473684
Pediococcus acidilactici	0.00851941716666667
Clostridium ljungdahlii	0.00200405616666667
Gottschalkia acidurici	0.00143170116666667
Thermoactinomyces vulgaris	0.00145703694444444
Acetitomaculum ruminis	0.00112637027777778
Bacillus oleronius	0.00400588911111111
Candidatus Arthromitus sp. SFB-mouse	0.0202543433888889
Aminobacterium mobile	0.00111804194444444
Lysobacter antibioticus	0.00200214166666667
Rothia sp. CCUG 25688	0.00378373544444444
Lactobacillus algidus	0.00155861222222222
Bacillus endophyticus	0.00158564205555556
Corynebacterium casei	0.00645716061111111
Lactobacillus antri	0.00590183561111111
Lactobacillus ultunensis	0.0344500597777778
Owenweeksia hongkongensis	0.00118448094444444
Sulfurovum sp. NBC37-1	0.00172923
Bacteroides clarus	1.01065722222222
Lachnospiraceae bacterium 3_1_57FAA_CT1	0.113533888888889
Paenibacillus pinihumi	0.00320397283333333
Coprobacter fastidiosus	0.106183888888889
Neisseria flavescens	0.108102941176471
Klebsiella oxytoca	0.243215294117647
Leuconostoc lactis	0.0887946250588235
Enterococcus sulfureus	0.008151156
Lysinibacillus sphaericus	0.0231412874117647
Lactobacillus acetotolerans	0.00237750311764706
Legionella brunensis	0.00180299929411765
Tissierella creatinini	0.00388686052941176
[Eubacterium] minutum	0.00153144682352941
Corynebacterium terpenotabidum	0.00126618423529412
Caminicella sporogenes	0.00854032529411765
Paenibacillus agarexedens	0.00126965511764706
Paenibacillus graminis	0.00160527335294118
Parvularcula bermudensis	0.00133941235294118
Lactobacillus parabrevis	0.00226227358823529
Corynebacterium timonense	0.00129524788235294
Youngiibacter multivorans	0.001882367
Candidatus Arthromitus sp. SFB-rat-Yit	0.00398982552941177
Microbacter margulisiae	0.00152925247058824
Peptoniphilus sp. JCM 8141	0.0129557792352941
Campylobacter fetus	0.0022477285625
Proteus mirabilis	0.032265850875
Enterococcus faecalis	0.06914
Clostridium cylindrosporum	0.0029524996875
Bifidobacterium breve	0.028979195625
Eggerthia catenaformis	0.0023139113125
Kurthia gibsonii	0.0033146185
Corynebacterium matruchotii	0.006971516625
Lactobacillus gallinarum	0.0026736823125
Actinomyces graevenitzii	0.0064975
Bacillus halmapalus	0.0019555365625
Trichococcus palustris	0.00516746775
Shuttleworthia satelles	0.010019038125
Anaerobiospirillum thomasii	0.0142037216875
Microbacterium paraoxydans	0.001481455875
Fischerella thermalis	0.001401623375
Propionibacterium acidifaciens	0.0019126420625
Lactobacillus sp. JCM 8672	0.00652868125
Vibrio harveyi	0.0018093978
Herbaspirillum seropedicae	0.00241541473333333
Blautia hansenii	0.005670321
Weissella viridescens	0.0070693162
Mobiluncus mulieris	0.0028318006
Mycoplasma penetrans	0.00131719913333333
Bifidobacterium thermophilum	0.004590824
Clostridium magnum	0.0144373444
Exiguobacterium aurantiacum	0.0014933952
Lactobacillus pontis	0.0024944206
Rubrobacter radiotolerans	0.00121549033333333
[Bacillus] clarkii	0.00208033793333333
Cryptobacterium curtum	0.0029642118
Gemella cuniculi	0.00147299453333333
Lactobacillus fuchuensis	0.00214870233333333
Weissella koreensis	0.00198380073333333
Allobaculum stercoricanis	0.00327386133333333
Thalassolituus oleivorans	0.0032664218
Moorella mulderi	0.00125028786666667
Kurthia sibirica	0.00166553766666667
Lactobacillus satsumensis	0.00731573
Martelella mediterranea	0.00222570366666667
Candidatus Solibacter usitatus	0.00588553133333333
Saccharomonospora saliphila	0.00143543626666667
Sulfuricella denitrificans	0.0013390742
Magnetococcus marinus	0.0014946708
Saccharomonospora sp. YIM M11204177	0.00138366746666667
Ralstonia pickettii	0.00118464214285714
Legionella feeleii	0.00172549114285714
Bacillus coagulans	0.00188219642857143
Bacillus mycoides	0.00146556364285714
Thermobifida fusca	0.201392285142857
Clostridium thermobutyricum	0.00142113378571429
Corynebacterium pseudodiphtheriticum	0.002308243
Stenotrophomonas maltophilia	0.00651928414285714
Saccharomonospora azurea	0.00161715664285714
Catonella morbi	0.00116166557142857
Paenibacillus alvei	0.00228738378571429
Lactobacillus dextrinicus	0.00183054171428571
Mogibacterium pumilum	0.00129105878571429
Anaerocolumna xylanovorans	0.00156515907142857
Selenomonas flueggei	0.006839825
Lactobacillus ingluviei	0.00159133185714286
Streptococcus lutetiensis	0.249213012857143
Synechococcus sp. PCC 6312	0.00119505714285714
Stenotrophomonas rhizophila	0.00198842242857143
Bacillus bogoriensis	0.118803278357143
Thioalkalivibrio sp. K90mix	0.001955923
Clostridium sp. ATCC BAA-442	0.00238939457142857
Bacillus daqingensis	0.00160662171428571
Gloeobacter kilaueensis	0.0026909485
Clostridium oryzae	0.00129622692857143
Aggregatibacter aphrophilus	0.0443733630769231
Fusobacterium gonidiaformans	0.0137540423076923
Bifidobacterium asteroides	0.00773617923076923
Asteroleplasma anaerobium	0.04050694
Cardiobacterium hominis	0.00266658715384615
Anoxybacillus flavithermus	0.00148307830769231
Lactobacillus hamsteri	0.009121045
Acinetobacter bereziniae	0.00452508376923077
Sporomusa malonica	0.00177590430769231
Turicibacter sanguinis	0.0165646153846154
Microvirga flocculans	0.001510928
Dechloromonas aromatica	0.00164056
Acetivibrio ethanolgignens	0.00112542838461538
Rhodococcus qingshengii	0.00223332
Lactobacillus secaliphilus	0.00383561923076923
Actinopolyspora erythraea	0.00122614169230769
Nitriliruptor alkaliphilus	0.00122799115384615
Paenibacillus macquariensis	0.00260783092307692
Acinetobacter sp. CIP 101934	0.421896783230769
Geitlerinema sp. PCC 7407	0.00103499423076923
Spirochaeta isovalerica	0.00173839316666667
Brachyspira hyodysenteriae	0.102847633583333
Comamonas testosteroni	0.004730486
Thiobacillus thioparus	0.00139948716666667
Enterococcus columbae	0.00340493125
Alicyclobacillus acidoterrestris	0.00133299116666667
Paenibacillus pabuli	0.00115818591666667
Brevibacterium epidermidis	0.00130034558333333
Rhodococcus erythropolis	0.0032446175
Verrucomicrobium spinosum	0.00452358858333333
Comamonas terrigena	0.0111819235
Porphyromonas canoris	0.00093362425
Enterococcus dispar	0.00198562483333333
Paenibacillus macerans	0.00116104358333333
Bifidobacterium pullorum	0.00373188416666667
Muricauda ruestringensis	0.0012268005
Desulfococcus oleovorans	0.000965434666666667
Arsenicicoccus bolidensis	0.00125808375
Lactobacillus rossiae	0.00155536325
Porphyromonas crevioricanis	0.00178717891666667
Paenibacillus sp. Y412MC10	0.00149954216666667
Agrobacterium sp. H13-3	0.001825763
Thioalkalivibrio sulfidiphilus	0.003472753
Weissella sp. NBRC 107245	0.0025374225
Leptolyngbya sp. PCC 6406	0.0014144545
Neisseria sicca	0.0126599009090909
[Enterobacter] aerogenes	0.287261818181818
Shigella boydii	0.00229137636363636
Desulfovibrio africanus	0.00181347672727273
Bdellovibrio bacteriovorus	0.00537526736363636
Leuconostoc fallax	0.00139234209090909
Clostridium acetobutylicum	0.00151110618181818
Clostridium tyrobutyricum	0.00216910018181818
Weissella kandleri	0.00255620009090909
Streptomyces purpureus	0.00132121690909091
Mobiluncus curtisii	0.00782292890909091
Mycoplasma arthritidis	0.001090126
Desulfobacter latus	0.00136591927272727
Carnobacterium divergens	0.00234255027272727
Leuconostoc pseudomesenteroides	0.0112240274545455
Pseudomonas amygdali	0.001235369
Actinomyces denticolens	0.00216888109090909
Sulfurospirillum arcachonense	0.00197584818181818
Sideroxydans lithotrophicus	0.00116096272727273
Bacillus clausii	0.00164080563636364
Thermacetogenium phaeum	0.00124020036363636
Pseudoramibacter alactolyticus	0.00171840563636364
Thioalkalimicrobium cyclicum	0.00144212
Cytophaga sp. MBIC04683	0.00118620618181818
Candidatus Pelagibacter ubique	0.00160500927272727
Bacillus drentensis	0.00118623027272727
Endozoicomonas elysicola	0.00120513490909091
Bifidobacterium tsurumiense	0.00452513363636364
Steroidobacter denitrificans	0.00123115454545455
Ilumatobacter coccineus	0.00310316709090909
Butyricicoccus pullicaecorum	0.0233018181818182
Marinicella litoralis	0.002131159
Lachnospiraceae bacterium 5_1_57FAA	0.0281827272727273
Sulfuritalea hydrogenivorans	0.00393435818181818
Herbaspirillum huttiense	0.00120824618181818
Tangfeifania diversioriginum	0.00118154663636364
Wenzhouxiangella marina	0.00166899218181818
Pseudomonas stutzeri	0.0158627266
Fusobacterium perfoetens	0.0294638982
Nitrosospira multiformis	0.001156967
Pediococcus pentosaceus	0.024736914
Bacillus mannanilyticus	0.0015183436
Bacillus badius	0.0014297889
[Clostridium] josui	0.031327214
Clostridium scatologenes	0.0015468975
Clostridium tetanomorphum	0.0017098669
Streptomyces rimosus	0.0025320362
Filifactor villosus	0.0009828375
Halothermothrix orenii	0.0009947607
Sporichthya polymorpha	0.0010917314
Nocardia brasiliensis	0.0013091607
Tolumonas auensis	0.020621578
Enterococcus cecorum	0.0028072566
Nocardia salmonicida	0.0012666385
Streptomyces varsoviensis	0.0012879694
Cupriavidus necator	0.0012891957
Acidihalobacter prosperus	0.001156573
Sporanaerobacter acetigenes	0.0010857799
Bacillus senegalensis	0.0011925514
Spiroplasma culicicola	0.0025114464
Brevibacterium antiquum	0.0013012908
Cloacibacterium normanense	0.004348398
Flavobacterium segetis	0.001812647
Lactobacillus harbinensis	0.0014957195
Caldimonas taiwanensis	0.0014097671
Gallionella capsiferriformans	0.0011813565
Gordonia malaquae	0.0012392535
Candidatus Azobacteroides pseudotrichonymphae	0.0014934681
Butyricimonas synergistica	0.01101
Phascolarctobacterium succinatutens	3.879002
Bifidobacterium actinocoloniiforme	0.004054725
Erysipelotrichaceae bacterium 3_1_53	0.088498
Kofleria flava	0.0097248689
Lachnospiraceae bacterium 2_1_46FAA	0.220556
Synechocystis sp. PCC 7509	0.0015483688
Paenibacillus beijingensis	0.0012383203
Streptococcus sp. MR-1933	0.002386272
Spirochaeta litoralis	0.00119070633333333
Pseudomonas syringae	0.00166538788888889
Neisseria lactamica	0.00341344077777778
Neisseria mucosa	0.00664515444444444
Fusobacterium necrophorum	0.001830026
Micrococcus luteus	0.00154406722222222
Weissella halotolerans	0.00282426388888889
Mycobacterium avium	0.00100903466666667
Streptomyces aureofaciens	0.00109732466666667
Streptomyces bikiniensis	0.00119353377777778
Gardnerella vaginalis	0.00677841666666667
Vagococcus fluvialis	0.00256450433333333
Clostridium intestinale	0.001585425
Corynebacterium pseudogenitalium	0.00156434255555556
Desulfotomaculum sp.	0.00129633644444444
Actinomyces hordeovulneris	0.00138927744444444
Pantoea cypripedii	0.00762197222222222
Enterococcus asini	0.001111842
Thermaerobacter marianensis	0.00151510777777778
Mycobacterium canettii	0.001320478
Aminobacterium colombiense	0.00207782766666667
Clostridium autoethanogenum	0.00155301144444444
Clostridium haemolyticum	0.00111943822222222
Sphingomonas koreensis	0.00121225466666667
Lactobacillus psittaci	0.00158496166666667
Vibrio albensis	0.00167292222222222
Lactobacillus suebicus	0.00126126688888889
Gordonia westfalica	0.00105458444444444
Paenibacillus borealis	0.00131149711111111
Corynebacterium kroppenstedtii	0.00384663711111111
Corynebacterium appendicis	0.00131057555555556
Propionicimonas paludicola	0.00130995722222222
Roseomonas genomospecies 5	0.001221314
Spiroplasma lampyridicola	0.002203565
Thermosinus carboxydivorans	0.00123744922222222
Roseiflexus sp. RS-1	0.00358073455555556
Thermobacillus composti	0.00129942344444444
Lactobacillus farraginis	0.000989945111111111
Pelobacter seleniigenes	0.00110863955555556
Anaerobacillus alkalidiazotrophicus	0.00188668411111111
Pedobacter borealis	0.00100073866666667
Vagococcus teuberi	0.00225100955555556
Lachnospiraceae bacterium 4_1_37FAA	0.0154588888888889
Succinatimonas hippei	0.0240616744444444
Lachnospiraceae bacterium 6_1_63FAA	0.0102622222222222
Pseudonocardia rhizophila	0.00129061255555556
Pedobacter oryzae	0.00812957322222222
Jatrophihabitans endophyticus	0.000990201444444444
Acetonema sp. DSM 11382	0.00136785733333333
Dysgonomonas macrotermitis	0.0200726257777778
Bradyrhizobium diazoefficiens	0.00365821311111111
Planktothrix serta	0.00440683111111111
Campylobacter hyointestinalis	0.0018650305
Campylobacter curvus	0.02167564
Zoogloea ramigera	0.00126448325
Pantoea ananatis	0.00310901425
Streptococcus downei	0.0277192725
Streptococcus criceti	0.00266691375
Bacillus subtilis	0.001215166375
Leuconostoc citreum	0.009175070625
Clostridium filamentosum	0.001302232875
Dietzia maris	0.0016754735
Corynebacterium jeikeium	0.001201092625
Corynebacterium glucuronolyticum	0.00125107175
Sphingomonas mali	0.001123338625
Geobacter sp.	0.001249366125
Anaerofilum agile	0.001441366875
Acidimicrobium ferrooxidans	0.001739406625
Brevibacillus formosus	0.0014004595
Streptococcus thoraltensis	0.001436674625
Kocuria rhizophila	0.00157045725
Acidovorax citrulli	0.001942726375
Aminomonas paucivorans	0.001129243875
Streptococcus ovis	0.0013422005
Desulfatiglans anilini	0.001370702
Thiothrix eikelboomii	0.043197048875
Ochrobactrum intermedium	0.001465922125
Lactobacillus parabuchneri	0.003597885375
Weissella soli	0.0015702735
Spirochaeta americana	0.0009763405
Lactobacillus coleohominis	0.0154264875
Spiroplasma montanense	0.004565219375
Lactobacillus kalixensis	0.00219563625
Clostridium estertheticum	0.0015363315
Psychrobacter maritimus	0.00826365625
Desulfovibrio putealis	0.0010022035
Lactobacillus oligofermentans	0.00150095175
Synechococcus sp. JA-2-3B'a(2-13)	0.00113510725
Acidovorax sp. KKS102	0.002235405125
Thermophagus xiamenensis	0.001645934875
Lactobacillus capillatus	0.002372973125
Pseudomonas composti	0.00233510875
Paenibacillus sp. IHB B 3415	0.010930773875
Parabacteroides chinchillae	0.00691219
Caldanaerobacter subterraneus	0.00139254775
Klebsiella michiganensis	0.0147507
Rehaibacterium terrae	0.0181876625
Geothermomicrobium terrae	0.00116980875
Dysgonomonas termitidis	0.00230384625
Eubacterium sp. JCM 9976	0.0035222525
Pelobacter carbinolicus	0.00503218142857143
Azospirillum brasilense	0.0232843702857143
Flavobacterium aquatile	0.001048039
Neisseria elongata	0.00198076971428571
Neisseria macacae	0.010582037
Plesiomonas shigelloides	0.01678154
Marivirga tractuosa	0.000882487714285714
Prosthecochloris aestuarii	0.001337916
Aerococcus urinae	0.00178350571428571
Paenibacillus larvae	0.00122095985714286
[Clostridium] cellulolyticum	0.00518599028571429
Clostridium subterminale	0.001617091
Lactobacillus sharpeae	0.002618706
Streptomyces diastaticus	0.00121256671428571
Anaeroplasma bactoclasticum	0.00567806671428571
Synergistes jonesii	0.00125908928571429
Acinetobacter lwoffii	0.0434729785714286
Cytophaga aurantiaca	0.002813713
Bacillus racemilacticus	0.00115880757142857
Gordonia sputi	0.00154183542857143
Thiobacillus denitrificans	0.001846417
Corynebacterium tuberculostearicum	0.00259283714285714
Clostridium moniliforme	0.023521902
Cyanothece sp. ATCC 51142	0.000934057857142857
Pseudomonas resinovorans	0.00313032171428571
Janthinobacterium agaricidamnosum	0.002044188
Citrobacter braakii	0.0118606485714286
Paenibacillus sp.	0.00103148285714286
Pantoea stewartii	0.00579546385714286
Streptococcus peroris	0.128408571428571
Clostridium polyendosporum	0.00173259171428571
Wolbachia endosymbiont of Drosophila simulans	0.00139612557142857
Scardovia inopinata	0.00184574628571429
Delftia acidovorans	0.00504455571428571
Gordonia polyisoprenivorans	0.00131245014285714
Thauera sp. MZ1T	0.00174735085714286
Pandoraea sputorum	0.00150158471428571
Facklamia ignava	0.00165840042857143
Aneurinibacillus thermoaerophilus	0.000990633714285714
Carnobacterium inhibens	0.001559774
Alysiella crassa	0.00247020328571429
Helicobacter winghamensis	0.124984621428571
Leptotrichia shahii	0.0175685714285714
Cupriavidus taiwanensis	0.00116557
Facklamia hominis	0.00265416857142857
Tepidiphilus margaritifer	0.00106419028571429
Spiroplasma chinense	0.002902752
Spiroplasma floricola	0.00506444728571429
Bacillus vietnamensis	0.00125611828571429
Bacillus novalis	0.00171552271428571
Fictibacillus gelatini	0.00212919328571429
Streptococcus minor	0.00149397
Effusibacillus pohliae	0.00160912071428571
Desulfovibrio alkalitolerans	0.000971533571428571
Croceibacter atlanticus	0.001104088
Truepera radiovictrix	0.000920243142857143
Calditerricola satsumensis	0.001402792
Coraliomargarita akajimensis	0.00449315214285714
Sphingomonas astaxanthinifaciens	0.00178644428571429
Bacillus butanolivorans	0.0446253062857143
Corynebacterium massiliense	0.00158734057142857
Veillonella sp. 6_1_27	2.86877714285714
Chthonomonas calidirosea	0.00100673185714286
Thalassobaculum salexigens	0.000953525
Lysinibacillus xylanilyticus	0.00307746942857143
Paraburkholderia bannensis	0.00107330714285714
Stomatobaculum longum	0.0266228571428571
Pseudanabaena biceps	0.00158922428571429
Leucobacter chromiiresistens	0.00146708685714286
Sphaerochaeta globosa	0.00133618742857143
Crenobacter luteus	0.00112968414285714
Legionella hackeliae	0.0013452145
Neisseria canis	0.00283178166666667
Actinobacillus ureae	0.00203553783333333
Desulfuromonas acetoxidans	0.00146224
Neorickettsia risticii	0.00142180333333333
Marinilabilia salmonicolor	0.00104881066666667
Allochromatium vinosum	0.0013249405
Pararhodospirillum photometricum	0.001033492
Prochlorothrix hollandica	0.00104980433333333
Geobacillus thermoglucosidasius	0.00120106466666667
Eubacterium barkeri	0.001178697
Lactobacillus coryniformis	0.00193302833333333
Lactobacillus fructivorans	0.00147799833333333
Corynebacterium renale	0.001107722
Lactobacillus curvatus	0.006240025
Acidothermus cellulolyticus	0.0014209005
Fibrobacter intestinalis	0.0015072
Colwellia psychrerythraea	0.001102481
Thermodesulfovibrio yellowstonii	0.00106375533333333
Arcanobacterium haemolyticum	0.00644325833333333
Acinetobacter haemolyticus	0.0275766383333333
Yersinia rohdei	0.00376307
Thermocrispum agreste	0.0009100885
Legionella moravica	0.0013648945
Saccharomonospora glauca	0.00113167666666667
Paenibacillus durus	0.00119916416666667
Legionella parisiensis	0.00135942933333333
[Clostridium] hungatei	0.00475747
Actinobacillus porcinus	0.00231286166666667
Pseudomonas plecoglossicida	0.0117598466666667
Lactobacillus selangorensis	0.00145006016666667
Idiomarina abyssalis	0.00173085166666667
Bacillus niacini	0.00189573866666667
Aerococcus christensenii	0.00376703166666667
Synechococcus sp. PCC 7335	0.00148578983333333
Thermicanus aegyptius	0.00115536466666667
Pseudomonas alcaliphila	0.004208727
Thermanaerovibrio velox	0.001152772
Arthrospira platensis	0.00101700366666667
Exiguobacterium antarcticum	0.00130006
Paraburkholderia fungorum	0.0011379655
Globicatella sulfidifaciens	0.001309612
Azospira oryzae	0.00138464366666667
Pseudoalteromonas issachenkonii	0.00273641866666667
Thiorhodospira sibirica	0.001070814
Blattabacterium punctulatus	0.0045331195
Gordonia sihwensis	0.00102896833333333
Hespellia stercorisuis	0.00167732333333333
Varibaculum cambriense	0.001982923
Gillisia limnaea	0.005021055
Lactobacillus saerimneri	0.008497257
Oribacterium sinus	0.00276166666666667
Anaerosporobacter mobilis	0.0014246985
Neisseria bacilliformis	0.0114049833333333
Balneola vulgaris	0.00106385566666667
Nitrospira defluvii	0.01032289
Paenibacillus barengoltzii	0.00119954833333333
Ktedonobacter racemifer	0.0017589355
Azohydromonas australica	0.0012306665
Microbacterium pygmaeum	0.00263097466666667
Arthrospira sp. PCC 8005	0.001033835
Lactobacillus hayakitensis	0.00113167883333333
Lactobacillus composti	0.00179775516666667
Desulfurivibrio alkaliphilus	0.000985168166666667
Bacteroides sp. 2_1_22	0.886398333333333
Candidatus Desulforudis audaxviator	0.000906404833333333
Nesterenkonia alba	0.00140596733333333
Caldisericum exile	0.000773583833333333
Kroppenstedtia eburnea	0.001101732
Bifidobacterium reuteri	0.00359885333333333
Corynebacterium uterequi	0.00114342583333333
Lactococcus sp. NBRC 106007	0.00183324666666667
Gloeocapsa sp. PCC 7428	0.00100299483333333
Blattabacterium sp. (Nauphoeta cinerea)	0.00118381466666667
Achromobacter sp. CCUG 56089	0.00233285333333333
Peptoniphilus stercorisuis	0.00214081716666667
Lactococcus hircilactis	0.001998989
Bifidobacterium lemurum	0.0022109
Pseudomonas sp. NBRC 111117	0.00933873166666667
Buchnera aphidicola	0.008461114
Campylobacter rectus	0.002401758
Acinetobacter baumannii	0.002018592
Proteus vulgaris	0.005578028
Microscilla marina	0.001299433
Synechocystis sp. PCC 6714	0.0009612486
Bacillus fastidiosus	0.0010106316
Sporosarcina psychrophila	0.0013777162
Leifsonia xyli	0.00172501
Corynebacterium pseudotuberculosis	0.0015342504
Rhodococcus rhodochrous	0.0016185522
Rhodococcus ruber	0.001751072
Mycoplasma hominis	0.0508038252
Mycoplasma pirum	0.004990984
Marinobacter hydrocarbonoclasticus	0.0014125308
Neisseria subflava	0.00282
Asaccharospora irregularis	0.001926566
Helicobacter canis	0.04767054
Helicobacter hepaticus	0.013000592
Calothrix parietina	0.0013419148
Peptoniphilus indolicus	0.002728922
Gordonia aichiensis	0.001465092
Helicobacter bilis	0.05013368
Corynebacterium accolens	0.0015041796
Helcococcus kunzii	0.0012609804
Sphingomonas asaccharolytica	0.0020869946
Anaerobranca horikoshii	0.0010185114
Paenibacillus validus	0.0012272258
Legionella worsleiensis	0.0015726022
Vogesella indigofera	0.0011407334
Marinobacterium stanieri	0.0011998542
Syntrophobotulus glycolicus	0.0008824696
Raoultella ornithinolytica	0.02179
Psychroflexus torquis	0.0007778832
[Desulfotomaculum] guttoideum	0.00926477
Actinotignum schaalii	0.003444419
Paenibacillus alginolyticus	0.0012300496
Paenibacillus curdlanolyticus	0.001275876
Desulfobacca acetoxidans	0.0013944006
Actinomyces europaeus	0.0011384946
Sulfurospirillum multivorans	0.00157
Legionella taurinensis	0.0009473532
Helcococcus ovis	0.0010108288
Campylobacter lanienae	0.0017035118
Facklamia languida	0.0011103944
Thermodesulfovibrio aggregans	0.0009106404
Eremococcus coleocola	0.001548459
Oligella urethralis	0.003014974
Alkalibacterium olivapovliticus	0.0012011952
Catenibacterium mitsuokai	0.145364
Stanieria cyanosphaera	0.001277801
Leptolyngbya sp. PCC 7375	0.001303136
Desulfacinum hydrothermale	0.0011503828
Geitlerinema sp. PCC 9228	0.0012470594
Roseiflexus castenholzii	0.014242018
Nocardia fluminea	0.003566224
Sporocytophaga myxococcoides	0.001206737
Thermobaculum terrenum	0.000989387
Pseudoxanthomonas taiwanensis	0.0010145386
Caldithrix abyssi	0.001695664
Cetobacterium somerae	0.534258
Deferribacter desulfuricans	0.0006408662
Haemophilus aegyptius	0.431588
Acinetobacter towneri	0.009844272
Bacillus arbutinivorans	0.0011847268
Mastigocladopsis repens	0.0016392374
Exiguobacterium oxidotolerans	0.0011414522
Nocardia tenerifensis	0.0010918638
Candidatus Midichloria mitochondrii	0.0013172322
Lactobacillus tucceti	0.001231807
Lactobacillus rennini	0.0014093484
Pseudomonas lutea	0.0023567338
Wolbachia endosymbiont of Culex quinquefasciatus	0.0009747992
Nitratifractor salsuginis	0.0011547126
Lactobacillus uvarum	0.002658646
Tepidimonas taiwanensis	0.0012129314
Kamptonema formosum	0.0012235458
Micavibrio aeruginosavorus	0.001738188
Lactobacillus backii	0.0010061576
Amycolatopsis sp. ATCC 39116	0.0008528016
Pontibacter akesuensis	0.0012099948
Elusimicrobium minutum	0.073976624
Pandoraea thiooxydans	0.001735268
Eubacterium sp. 3_1_31	0.097118
Dialister succinatiphilus	0.220742
Tepidanaerobacter acetatoxydans	0.0014169
Cronobacter universalis	0.002053604
Alicyclobacillus aeris	0.0013370236
Photobacterium leiognathi	0.002337734
Phocaeicola abscessus	0.001224315
Candidatus Koribacter versatilis	0.0010722768
Lactobacillus floricola	0.001316447
Bifidobacterium stellenboschense	0.00441098
Lachnoanaerobaculum sp. ICM7	0.016808
Candidatus Kinetoplastibacterium oncopeltii	0.0011799112
Saprospiraceae bacterium KMM 9006	0.0010659968
Sphaerochaeta pleomorpha	0.0015718048
Acinetobacter oleivorans	0.002854468
cyanobacterium PCC 7702	0.0010881274
Lihuaxuella thermophila	0.0012512024
Blattabacterium sp. (Blaberus giganteus)	0.0010627862
Streptococcus sp. MR-1951	0.001646854
Corynebacterium sp. ATCC 6931	0.004522355
Lactococcus laudensis	0.004322768
Bifidobacterium commune	0.001916246
Enteractinococcus sp. YIM 101632	0.0009754792
Flavobacterium sp. KCTC 42148	0.001072209
Pseudomonas sp. NBRC 111140	0.002459942
Clostridium sp. 40cc-B-5824-ARE	0.0015790304
Lysobacter enzymogenes	0.0012659485
Spirochaeta bajacaliforniensis	0.0019001245
Treponema bryantii	0.003615515
Campylobacter jejuni	0.019465565
Brevundimonas diminuta	0.0010729035
Mesorhizobium loti	0.00906132
Methylobacillus flagellatus	0.00082003
Methylosinus trichosporium	0.0019583575
Shigella sonnei	0.0158425
Aeromonas hydrophila	0.00129736375
Vibrio alginolyticus	0.0017971125
Pedobacter heparinus	0.0009808405
Solitalea canadensis	0.00734359425
Rhodobacter sphaeroides	0.142106567
Chlorobium phaeovibrioides	0.0013252635
Synechocystis sp. PCC 6803	0.00085461325
Prochlorococcus marinus	0.00104661125
Staphylococcus sciuri	0.001589925
Streptococcus equinus	0.001839795
Enterococcus gallinarum	0.34761
Atopobium minutum	0.002381465
Bacillus lentus	0.00134093975
Paeniclostridium sordellii	0.0187375
Sporosarcina ureae	0.01131769
Lactobacillus mali	0.00170706
Actinopolyspora halophila	0.00113843975
Frankia alni	0.0018282825
Tropheryma whipplei	0.00181354
Gordonia terrae	0.00247366775
Desulfomonile tiedjei	0.00111143375
Sporomusa paucivorans	0.000879521
Saccharopolyspora rectivirgula	0.00103063775
Arcobacter butzleri	0.001851295
Arcobacter nitrofigilis	0.001964102
Geobacter metallireducens	0.0139067625
Brucella suis	0.0015040475
Pelobacter propionicus	0.00094107075
Pseudomonas viridiflava	0.0018321725
[Bacillus] thermocloacae	0.0013785925
Acetobacterium woodii	0.001627843
Scytonema hofmannii	0.002423115
Streptomyces mobaraensis	0.0012891325
[Clostridium] populeti	0.0010385055
Kocuria kristinae	0.001476949
Glutamicibacter protophormiae	0.001722165
Shewanella algae	0.0086723715
Acinetobacter junii	0.008799875
Brevundimonas vesicularis	0.001895871
Alicyclobacillus disulfidooxidans	0.00112568575
Jonesia denitrificans	0.00123962
Caldanaerobius polysaccharolyticus	0.001133777
[Clostridium] ultunense	0.00092477125
Acinetobacter pittii	0.0044957875
Streptomyces viridifaciens	0.00105438425
Actinobacillus delphinicola	0.0018209675
Pediococcus damnosus	0.0012198525
Bosea thiooxidans	0.002088485
Desulfobulbus elongatus	0.00237654
Chroococcidiopsis thermalis	0.0009409525
Desulfovibrio alaskensis	0.00156345
Trueperella bernardiae	0.0133510275
Shewanella violacea	0.0018285275
Shewanella baltica	0.0030524255
Parascardovia denticolens	0.0038635625
Magnetospirillum magneticum	0.001250031
Treponema primitia	0.002201105
Gordonia desulfuricans	0.0012328695
Hymenobacter roseosalivarius	0.00078586275
Oligella ureolytica	0.00076494475
Acinetobacter nosocomialis	0.002765865
Seinonella peptonophila	0.00076035625
Gallicola barnesae	0.00765109
Ferrimicrobium acidiphilum	0.0009791665
Corynebacterium sp. ATCC 43833	0.0009381165
Thiothrix flexilis	0.00131750125
Dendrosporobacter quercicolus	0.0013037665
Azovibrio restrictus	0.0030607695
Streptococcus hyovaginalis	0.00164319325
Nitrosomonas sp. AL212	0.001854455
Corynebacterium imitans	0.0016224045
Microbacterium gubbeenense	0.535259365
Corynebacterium lipophiloflavum	0.00147438575
Acidiferrobacter thiooxydans	0.00083371425
Corynebacterium aurimucosum	0.00205238
Paenibacillus anaericanus	0.001308427
Paenibacillus sp. DSM 6358	0.00204925
Lactobacillus diolivorans	0.00137067875
Proteus hauseri	0.005311677
Rhodococcus maanshanensis	0.00127946075
Actinomyces vaccimaxillae	0.000839962
Desulfovibrio magneticus	0.00109412425
Prevotella micans	0.000964701
Corynebacterium sphenisci	0.00099773025
Lactobacillus versmoldensis	0.0027309475
Sphingomonas sp. ATCC 31555	0.0010116765
Carnobacterium sp. 17-4	0.00114619025
Bacillus pichinotyi	0.011169475
Subdoligranulum variabile	0.00042
Spiroplasma alleghenense	0.00106054975
Spiroplasma leptinotarsae	0.00167367
Aster yellows witches'-broom phytoplasma	0.0011603075
Scardovia wiggsiae	0.022945
Arcobacter cibarius	0.14972898
Glycomyces arizonensis	0.0015129975
Pleomorphomonas oryzae	0.001274775
Acholeplasma hippikon	0.0013657275
Silanimonas lenta	0.0010169565
Gillisia mitskevichiae	0.00198759
Pseudoclavibacter faecalis	0.0013368425
Sphaerochaeta coccoides	0.0038318025
Exiguobacterium marinum	0.00075110925
Corynebacterium tuscaniense	0.0053679375
Catenulispora acidiphila	0.00104865825
Geobacter lovleyi	0.0015521445
Streptococcus gallolyticus	0.0176382
Halomonas phoceae	0.013939985
Bifidobacterium crudilactis	0.00102452925
Thermodesulfovibrio thiophilus	0.001116198
Flavobacterium soli	0.00081236075
Verminephrobacter eiseniae	0.0008644135
Natranaerobius thermophilus	0.00157159625
Desulfothermus okinawensis	0.0013505685
Cyanothece sp. PCC 7425	0.0008306185
Pontibacter korlensis	0.00114132275
Actinomycetospora chiangmaiensis	0.00135110075
Lactobacillus equicursoris	0.0476
Mucilaginibacter paludis	0.00148924875
Glaciecola sp. HTCC2999	0.00093809975
Lactobacillus nodensis	0.0013558305
Bacteroides sp. 3_1_19	1.628865
Lactobacillus odoratitofui	0.00120066625
Salisaeta longa	0.00123014
Sciscionella marina	0.00155509525
Lactobacillus sucicola	0.002191805
Wandonia haliotis	0.00089432825
Corynebacterium pyruviciproducens	0.00095821075
Bizionia echini	0.0008799345
Alloprevotella rava	0.037865
Rahnella sp. Y9602	0.001949825
Delftia sp. Cs1-4	0.001990413
Sandaracinus amylolyticus	0.01683028
Endozoicomonas montiporae	0.0013027525
Aggregatibacter sp. CCUG 36139	0.00150492425
Lactobacillus curieae	0.00132057625
Lactobacillus hominis	0.0025591275
Ornithinimicrobium sp. CPCC 203535	0.0026131305
Microbacterium sp. YIM 100951	0.00096257425
Vulgatibacter incomptus	0.00108799975
Hyphomicrobium nitrativorans	0.0037055455
Streptomyces sp. NRRL S-1824	0.001484931
Bacillus nakamurai	0.0021389825
Chondromyces apiculatus	0.00259647666666667
Vitreoscilla stercoraria	0.00157043333333333
Treponema succinifaciens	0.01352549
Helicobacter fennelliae	0.00157603
Helicobacter muridarum	0.00160297333333333
Methylobacterium extorquens	0.00313242
Methylococcus capsulatus	0.000878537
Methylobacter luteus	0.00154450333333333
Bordetella bronchiseptica	0.001344064
Arsenophonus nasoniae	0.00357642066666667
Haemophilus haemoglobinophilus	0.0018521
Acidithiobacillus ferrooxidans	0.002332377
Capnocytophaga gingivalis	0.000765296666666667
Halorhodospira halophila	0.00108869366666667
Ectothiorhodospira shaposhnikovii	0.00221185466666667
Streptococcus ferus	0.00203299
Bacillus azotoformans	0.00136743333333333
Bacillus methanolicus	0.000972765333333333
Clostridium novyi	0.001219378
Lactobacillus hilgardii	0.00256981266666667
Bifidobacterium minimum	0.00185071
Streptomyces albus	0.00133345
Sphaerobacter thermophilus	0.001717467
Methanosphaera stadtmanae	0.0173118333333333
Globicatella sanguinis	0.00123677033333333
Francisella philomiragia	0.00107025433333333
Thermoanaerobacterium xylanolyticum	0.00155382066666667
Gemella morbillorum	0.0424233333333333
Lawsonia intracellularis	0.00138359
Rhodothermus marinus	0.00179641
Actinomyces neuii	0.00108922666666667
Anaerococcus vaginalis	0.001906589
Sphingopyxis terrae	0.00104316233333333
Moraxella osloensis	0.00240022333333333
Variovorax paradoxus	0.00138536466666667
Pedobacter antarcticus	0.001291013
Pelodictyon phaeoclathratiforme	0.000986271333333333
Rickettsia massiliae	0.001884734
Helicobacter pullorum	0.00206471
Clostridium felsineum	0.000750377666666667
Nesterenkonia halobia	0.00144065
Sinomonas atrocyanea	0.00125333933333333
Corynebacterium minutissimum	0.00290749666666667
Desulfotomaculum thermocisternum	0.00108525333333333
Legionella lansingensis	0.00106847733333333
Thermoflavimicrobium dichotomicum	0.00107174
Dethiosulfovibrio peptidovorans	0.000859394666666667
Pseudomonas fulva	0.00145485666666667
Prosthecobacter vanneervenii	0.00271692
Helicobacter trogontum	0.00207009333333333
Brachyspira pilosicoli	0.00151208433333333
Acetobacterium wieringae	0.001783324
Corynebacterium coyleae	0.001254563
Pseudomonas citronellolis	0.00256425333333333
Deinococcus grandis	0.000854013
Candidatus Phytoplasma australiense	0.001357843
Paenibacillus glucanolyticus	0.001148674
Kluyvera intermedia	0.00697447666666667
Erwinia tracheiphila	0.00200359833333333
Lewinella cohaerens	0.0194065066666667
Stappia stellulata	0.00171570866666667
Kocuria palustris	0.00208384
Desulfotomaculum luciae	0.00129540333333333
Pseudonocardia alaniniphila	0.000963791
Bifidobacterium saeculare	0.00145086266666667
Rhizobium undicola	0.001685817
Mycoplasma alvi	0.00151162333333333
Treponema brennaborense	0.00295079666666667
Geobacillus caldoxylosilyticus	0.00124301533333333
Gordonia alkanivorans	0.00124951733333333
Chlorobium ferrooxidans	0.000987522
Desulfotalea psychrophila	0.000892181333333333
Alicyclobacillus hesperidum	0.00145228333333333
Legionella gresilensis	0.000703067666666667
Ketogulonicigenium vulgare	0.00139470066666667
Anaerobaculum mobile	0.00108927
Bacillus fumarioli	0.001256986
Actinocorallia longicatena	0.00229825666666667
Denitrovibrio acetiphilus	0.00161085333333333
Peptostreptococcus sp. CCUG 42997	0.00133348333333333
Aerococcus urinaehominis	0.00142103
Arcanobacterium phocae	0.00151083666666667
Salinibacter ruber	0.00126022733333333
Treponema azotonutricium	0.00460266333333333
Actinomyces marimammalium	0.00145034366666667
Jeotgalicoccus psychrophilus	0.00240382033333333
Leptotrichia hofstadii	0.00224333333333333
Enterobacter hormaechei	0.0146841
Paenibacillus naphthalenovorans	0.00169436
Ilyobacter polytropus	0.00133500666666667
Mycoplasma molare	0.000935415666666667
Lactobacillus malefermentans	0.00141694666666667
Alicycliphilus denitrificans	0.00135779
Herbaspirillum autotrophicum	0.00084466
Crocinitomix catalasitica	0.00166873666666667
Butyrivibrio hungatei	0.00147774733333333
Ralstonia insidiosa	0.002105381
Conexibacter woesei	0.00177307333333333
Ectothiorhodospira mobilis	0.001195929
Vibrio tasmaniensis	0.00102427933333333
Stella vacuolata	0.00178841133333333
Oceanisphaera litoralis	0.001197394
Geopsychrobacter electrodiphilus	0.00139503666666667
Helcococcus sueciensis	0.00100257433333333
marine gamma proteobacterium HTCC2089	0.00148108733333333
Desulfatibacillum alkenivorans	0.00100775166666667
Pseudoclavibacter bifida	0.00163319666666667
Novosphingobium naphthalenivorans	0.00166814
Microbacterium oleivorans	0.00110278733333333
Candidatus Amoebophilus asiaticus	0.00396214333333333
Dechloromonas denitrificans	0.03285228
Tepidimicrobium ferriphilum	0.00251237333333333
Aminiphilus circumscriptus	0.00124006333333333
Enterovibrio coralii	0.00150399666666667
Frankia sp. EAN1pec	0.00162466666666667
Adhaeribacter aquaticus	0.00155647
Neisseria animaloris	0.0678639333333333
Psychrobacter sp. PRwf-1	0.00372709666666667
Sneathiella chinensis	0.000916269333333333
Clostridium cavendishii	0.00192717666666667
Pelosinus fermentans	0.00191622666666667
Sphingomonas jaspsi	0.0015357
Cyanothece sp. PCC 8802	0.00091446
Microbacterium ginsengisoli	0.000941332
Aureimonas ureilytica	0.00262647333333333
Caldicellulosiruptor hydrothermalis	0.00165494666666667
Caldicellulosiruptor kronotskyensis	0.000960165666666667
Ectothiorhodospira haloalkaliphila	0.00289356
Geobacter sp. M18	0.00101246566666667
Geobacter sp. M21	0.001469588
Rhizobium selenitireducens	0.00303962333333333
Gracilimonas tropica	0.00268366666666667
Spongiibacter tropicus	0.000918746333333333
Veillonella sp. 3_1_44	3.49647
Curtobacterium oceanosedimentum	0.00142615766666667
Salinimicrobium terrae	0.0007146
Lactobacillus otakiensis	0.00480182333333333
Arenimonas oryziterrae	0.00409834
Prevotella falsenii	0.00183903666666667
Weissella sp. KLDS 7.0701	0.001510216
Psychrobacter sp. G	0.00128223333333333
Aeromonas sanarellii	0.00280466
Aeromonas taiwanensis	0.00435847666666667
Bifidobacterium bohemicum	0.00195807666666667
Hyphomicrobium sp. MC1	0.0168785133333333
Bifidobacterium callitrichos	0.00170387666666667
Lactobacillus brantae	0.00161625
Gordonia neofelifaecis	0.00118233766666667
Halomonas flava	0.000873356666666667
Pedobacter kyungheensis	0.00168821
Paenibacillus sp. NBRC 13637	0.001998
Lactococcus sp. NBRC 106034	0.00239386
Endozoicomonas numazuensis	0.00151274
Acinetobacter sp. CIP 64.7	0.00238644666666667
Chamaesiphon minutus	0.00133271666666667
Laceyella sp. CCTCC AB 2012157	0.0015043
Corynebacterium humireducens	0.000974648666666667
Paenibacillus sp. JCM 10914	0.00105589733333333
Liberibacter crescens	0.001330378
Clavibacter cf. michiganensis LMG 26808	0.00223237033333333
Saccharopolyspora ghardaiensis	0.00219101366666667
Salinispira pacifica	0.000830706
Thermosynechococcus sp. NK55a	0.00144276
Sphaerochaeta sp. DSM 26296	0.255339433333333
Streptomyces sp. NRRL S-455	0.00156734666666667
Bacillus caseinilyticus	0.00148766133333333
Apibacter mensalis	0.00111241933333333
Pseudomonas sp. DSM 100277	0.0135907566666667
Nakamurella sp.	0.00126313133333333
Shewanella putrefaciens	0.001236765
Sorangium cellulosum	0.00323842
Polaribacter glomeratus	0.00132667
Leptonema illini	0.001433901
Azospirillum lipoferum	0.000944671
Campylobacter lari	0.00106683
Campylobacter mucosalis	0.00276351
Helicobacter mustelae	0.001534415
Terrimonas ferruginea	0.00310139
Chryseobacterium indologenes	0.00216781
Sphingobacterium spiritivorum	0.001672515
Pseudomonas putida	0.001964885
Sinorhizobium meliloti	0.001627015
Moraxella nonliquefaciens	0.00178896
Neisseria gonorrhoeae	0.0023827205
Escherichia fergusonii	0.003345
Yersinia pestis	0.024063905
Aeromonas caviae	0.08772
Vibrio cholerae	0.03213525
Aggregatibacter actinomycetemcomitans	0.003054995
Gallibacterium anatis	0.000833145
Pectinatus frisingensis	0.001278965
Desulfovibrio fructosivorans	0.001112516
Desulfococcus multivorans	0.0013483315
Desulfomicrobium baculatum	0.0023603
Nitrosomonas eutropha	0.00140783
Francisella persica	0.001001082
Flavobacterium flevense	0.00150052
Flavobacterium columnare	0.0009007855
Sphingobacterium mizutaii	0.0009289635
Bergeyella zoohelcum	0.0012897215
Rhodobacter sp.	0.01092337
Rhodomicrobium vannielii	0.00131045
Rhodobacter blasticus	0.00310139
Rhodovibrio salinarum	0.000933384
Marinococcus halophilus	0.001100059
Aerococcus viridans	0.018057015
Bacillus pumilus	0.0010707855
Virgibacillus pantothenticus	0.001543345
Bacillus simplex	0.00160029
Hydrogenibacillus schlegelii	0.0009791035
Clostridium sporogenes	0.002356175
Lactobacillus buchneri	0.001716623
Bifidobacterium cuniculi	0.001866965
Corynebacterium xerosis	0.00680676
Propionibacterium acidipropionici	0.000827395
Propionibacterium jensenii	0.000904969
Mycobacterium intracellulare	0.001687585
Dermatophilus congolensis	0.001325524
Mycoplasma capricolum	0.0009170105
Mycoplasma hyorhinis	0.0016389
Mycoplasma mobile	0.00158783
Ureaplasma urealyticum	0.001659755
Spiroplasma taiwanense	0.00134545
Acholeplasma laidlawii	0.000852007
Desulfobacterium autotrophicum	0.001619205
Haliscomenobacter hydrossis	0.007354955
Nitrospirillum amazonense	0.00310139
Vibrio orientalis	0.0009330935
Dolosigranulum pigrum	0.00178779
Bradyrhizobium elkanii	0.00178683
Rhizobium etli	0.001305365
Flavobacterium pectinovorum	0.001257585
Synechococcus elongatus	0.001100291
Desulfurella acetivorans	0.0013483315
Sporolactobacillus laevolacticus	0.002626085
Actinopolyspora mortivallis	0.001310765
Lysinibacillus macroides	0.0324758
Enterococcus avium	0.03689
Lactobacillus collinoides	0.001106892
Rahnella aquatilis	0.001699165
Geobacter sulfurreducens	0.001793495
Heliophilum fasciatum	0.00155432
Holophaga foetida	0.000919366
Dermabacter hominis	0.001245298
Gordonia rubripertincta	0.000960606
Oxalophagus oxalicus	0.00139309
Candidatus Phytoplasma mali	0.00129013
Erysipelothrix tonsillarum	0.001635865
Blattabacterium sp. (Mastotermes darwiniensis)	0.000786385
Legionella tucsonensis	0.00119247
Sneathia sanguinegens	0.00319544
Ewingella americana	0.00237212
Pseudomonas alcaligenes	0.001511163
Capnocytophaga granulosa	0.002333486
Capnocytophaga haemolytica	0.00114488
Massilia timonae	0.0012197005
Aneurinibacillus migulanus	0.00101276
Aerococcus urinaeequi	0.00134168
Brevibacterium mcbrellneri	0.00189575
Catellatospora citrea	0.001240815
Lactobacillus lindneri	0.00181107
[Eubacterium] infirmum	0.071845
Microvirgula aerodenitrificans	0.0011452245
Desulfotomaculum kuznetsovii	0.001621305
Chryseobacterium scophthalmum	0.00392563
Paenibacillus kobensis	0.00187614
Azoarcus sp. BH72	0.01437992
Hydrogenophaga taeniospiralis	0.0023603
Haemophilus influenzae-murium	0.001859055
Aeromonas popoffii	0.03230315
Kluyvera georgiana	0.001896515
Photobacterium profundum	0.00139196
Brevundimonas subvibrioides	0.001480695
Micropruina glycogenica	0.005131675
Mannheimia haemolytica	0.0013252935
Bifidobacterium subtile	0.00195163
Wolbachia endosymbiont of Brugia malayi	0.0009336145
Curvibacter delicatus	0.0008880145
Desulfovibrio alcoholivorans	0.00151332
Desulfovibrio aminophilus	0.0011642385
Centipeda periodontii	0.00656
Anaerovibrio lipolyticus	0.001044768
Anaerosinus glycerini	0.00731321
Pseudanabaena sp. PCC 7367	0.001214075
Gordonia rhizosphera	0.001547625
Methanobrevibacter ruminantium	0.00176665
Brachyspira intermedia	0.012852235
Brachyspira murdochii	0.04227355
Brachyspira alvinipulli	0.001794955
Syntrophothermus lipocalidus	0.00118602
Bacillus flexus	0.001435535
Propionispira raffinosivorans	0.004616685
Lactobacillus acidipiscis	0.000969582
Sphingomonas aquatilis	0.001610605
Rhodococcus pyridinivorans	0.0014408455
marine bacterium MBIC1357	0.0008966755
Opitutus terrae	0.007080905
Sporomusa acidovorans	0.00100837
Sporosarcina aquimarina	0.00146704
Desulfotignum balticum	0.001111955
Cupriavidus metallidurans	0.0011040055
Paenibacillus koleovorans	0.005596203
[Actinobacillus] rossii	0.00185799
Brackiella oedipodis	0.0014418105
Thiothrix disciformis	0.121322805
Stenotrophomonas acidaminiphila	0.001625795
Albibacter methylovorans	0.001520055
Saccharomonospora halophila	0.0014274655
Corynebacterium testudinoris	0.002489255
Aerosphaera taetra	0.009637655
Shimazuella kribbensis	0.0009933215
Arcanobacterium hippocoleae	0.001365525
Pseudopedobacter saltans	0.001139141
Methanothermococcus okinawensis	0.001939105
Caulobacter vibrioides	0.0012159205
Salinicoccus hispanicus	0.0009971215
Virgibacillus necropolis	0.002004885
Laribacter hongkongensis	0.0009926145
Ruminococcus sp. CCUG 37327 A	0.00173285
Gordonia paraffinivorans	0.001747315
Thermodesulfobium narugense	0.001307042
Paracoccus seriniphilus	0.01120593
Actinotignum urinale	0.00098435
Marinilactibacillus psychrotolerans	0.0023610015
Sedimenticola selenatireducens	0.0009309575
Pseudozobellia thermophila	0.000879529
Sulfurospirillum halorespirans	0.00191617
Synechococcus sp. PCC 7336	0.001074822
Aeromonas dhakensis	0.00283822
Nocardioides sp. JS614	0.001348777
Acinetobacter tjernbergiae	0.019374555
Dickeya dadantii	0.001159896
Tepidibacter thalassicus	0.0010823225
Treponema caldarium	0.001832895
Enhygromyxa salina	0.03246525
Chryseobacterium molle	0.001888755
Psychrobacter adeliensis	0.001939105
Kordia algicida	0.000584387
Geobacter bemidjiensis	0.0005490415
Flavobacterium frigoris	0.019112505
Acidovorax sp. JS42	0.001619205
Pseudonocardia dioxanivorans	0.001601975
Klebsiella variicola	0.002215
Gordonia otitidis	0.001362825
Alkalibacterium psychrotolerans	0.001754545
Streptococcus pseudopneumoniae	0.003565
Halomonas anticariensis	0.000773585
beta proteobacterium HTCC379	0.012019585
Nitrosomonas sp. Is79A3	0.001378865
Winogradskyella eximia	0.000448419
Desulfitibacter alkalitolerans	0.000979372
Sporolactobacillus terrae	0.0013395155
Nostoc punctiforme	0.0010119905
Roseivirga ehrenbergii	0.009715255
Hellea balneolensis	0.001219985
Comamonas granuli	0.00184018
Byssovorax cruenta	0.06212825
Spiroplasma platyhelix	0.00168113
Candidatus Liberibacter americanus	0.001094235
Sphingomonas yunnanensis	0.00155901
Paraburkholderia terrae	0.000867538
Pseudoxanthomonas suwonensis	0.001110005
Spiroplasma eriocheiris	0.001397575
Syntrophus aciditrophicus	0.001140895
Formosa agariphila	0.001014701
Gordonia soli	0.00131274
Sphingomonas azotifigens	0.00174561
Aquitalea magnusonii	0.01525802
Pontibacter roseus	0.0013404495
Alkalilimnicola ehrlichii	0.001382105
Geobacter uraniireducens	0.001913225
Niastella yeongjuensis	0.007354955
Niastella koreensis	0.007628985
Shewanella loihica	0.0008996305
Candidatus Protochlamydia amoebophila	0.007354955
Blattabacterium sp. (Blatta orientalis)	0.0007467
Bacillus acidiceler	0.0009850545
Synechococcus sp. PCC 7003	0.0010234035
Alicyclobacillus kakegawensis	0.001275575
Alicyclobacillus shizuokensis	0.001223616
Alicyclobacillus contaminans	0.001053737
Uliginosibacterium gangwonense	0.001619205
Curtobacterium ammoniigenes	0.00839148
Paludibacterium yongneupense	0.00160187
Anaeromyxobacter sp. Fw109-5	0.001619205
Lactobacillus similis	0.00091179
Nesterenkonia sp. YIM 90713	0.001312151
Rhizobium sp. IRBG74	0.001104245
Streptococcus henryi	0.0017963
Anaeromyxobacter sp. K	0.01336476
Halomonas andesensis	0.005735745
Streptomyces scopuliridis	0.00177051
Desulfarculus baarsii	0.00310139
Bdellovibrio exovorus	0.00157805
Bacteroides sp. 4_3_47FAA	5.032435
Chloracidobacterium thermophilum	0.007684985
Weissella ghanensis	0.0009933215
Sporosarcina sp. YIM C303	0.001489245
Calditerrivibrio nitroreducens	0.002139013
Pediococcus argentinicus	0.00186199
Lactobacillus sunkii	0.001647815
Lactobacillus rapi	0.000969067
Acinetobacter soli	0.00571741
Stenotrophomonas pavanii	0.002061297
Kocuria gwangalliensis	0.002501345
Methylacidiphilum infernorum	0.00348493
Paracoccus chinensis	0.002319145
Thiothrix lacustris	0.00137496
Sphingomonas changbaiensis	0.001609045
Chitinophaga niabensis	0.000918735
Enterobacter mori	0.001665
Actinomyces oris	0.004935
Erysipelotrichaceae bacterium 5_2_54FAA	0.045885
Micrococcus yunnanensis	0.00167299
Pedobacter luteus	0.000603422
Pseudomonas chlororaphis	0.000603422
Prevotella aurantiaca	0.001113945
Slackia piriformis	0.00515
Chitinophaga eiseniae	0.001304421
Lactobacillus florum	0.001737135
Vasilyevaea enhydra	0.00310139
Pantoea calida	0.0052202
Subdoligranulum sp. 4_3_54A2FAA	0.49564
Rhodanobacter denitrificans	0.0006761505
Demequina aurantiaca	0.0009919355
Ohtaekwangia koreensis	0.00602461
Pseudogulbenkiania sp. NH8B	0.001633835
Candidatus Puniceispirillum marinum	0.001236711
Cyanothece sp. ATCC 51472	0.0011406955
Salimicrobium salexigens	0.00175118
Lactobacillus saniviri	0.0011231665
Lactobacillus senioris	0.001412712
Desulfurispirillum indicum	0.00110852
Arcobacter sp. L	0.00120195
Nitrosomonas sp. JPCCT2	0.0023603
Glycomyces sp. YIM 93776	0.0009997515
Candidatus Kinetoplastibacterium galatii	0.001780295
Acinetobacter sp. NBRC 100985	0.002735895
Lactobacillus sp. NBRC 3231	0.001930815
Paenibacillus sp. NBRC 13579	0.001424228
Paenibacillus sp. NBRC 13633	0.001127179
Sporosarcina sp. NBRC 100704	0.0012381615
Psychrobacter sp. NBRC 101052	0.001619205
Lactobacillus sp. NBRC 107195	0.001782685
Weissella sp. NBRC 107217	0.00183136
Enorma massiliensis phI	0.052275
Andreprevotia lacus	0.00156151
Nocardia vulneris	0.001177516
Acinetobacter sp. CIP 101966	0.00166429
Streptobacillus hongkongensis	0.000727585
Oscillatoria sp. PCC 10802	0.000752831
Methyloligella halotolerans	0.00231329
Candidatus Alistipes marseilloanorexicus AP11	0.339805
Halomonas qiaohouensis	0.0011465715
Corynebacterium glyciniphilum	0.000644727
Streptomyces sp. NRRL B-24051	0.00166429
Streptomyces sp. NRRL WC-3742	0.0008151975
Mesoaciditoga lauensis	0.0013822725
Rheinheimera japonica	0.00168326
Psychrobacter sp. DSM 5684	0.002009185
Rouxiella sp. 323	0.00562161
Delftia deserti	0.000836139
Tessaracoccus rhinocerotis	0.00167144
Nitratireductor sp. 2-2-12-1	0.001619205
Bacteroides sp. MC_13	0.002047305
Lachnospiraceae bacterium MC_35	0.00124502
Hyphomicrobium vulgare	0.00148218
Gemmata obscuriglobus	0.00148218
Gimesia maris	0.00102285
Spirochaeta aurantia	0.000724328
Treponema denticola	0.45648
Helicobacter pylori	0.00148218
Helicobacter sp. CLO-3	0.00158665
Helicobacter cinaedi	0.00177987
Elizabethkingia meningoseptica	0.00104112
Chryseobacterium gleum	0.000356552
Chryseobacterium indoltheticum	0.00338566
Thermus filiformis	0.000760792
Burkholderia cepacia	0.00144121
Pseudomonas oleovorans	0.00157721
Xanthomonas campestris	0.00103936
Xanthomonas oryzae	0.00107994
Agrobacterium tumefaciens	0.00564277
Agrobacterium vitis	0.00585042
Bradyrhizobium japonicum	0.00148218
Sinorhizobium fredii	0.00222316
Acetobacter pasteurianus	0.00387454
Gluconobacter oxydans	0.0020725
Tatlockia micdadei	0.000623496
Legionella maceachernii	0.000270741
Kingella oralis	0.01313
Acidiphilium cryptum	0.000889292
Beijerinckia indica	0.00155439
Chromobacterium violaceum	0.000969622
Iodobacter fluviatilis	0.00104432
Pectobacterium carotovorum	0.00022
Escherichia hermannii	0.00063
Providencia rettgeri	0.0058
Providencia stuartii	0.00173461
Serratia marcescens	0.01514
Photobacterium phosphoreum	0.0010694
Pasteurella multocida	0.00209692
Bartonella bacilliformis	0.00111411
Wolinella succinogenes	0.00166165
Desulfovibrio gigas	0.000270741
Nitrosomonas europaea	0.00181158
Thiomonas intermedia	0.00112855
Anaplasma phagocytophilum	0.00146604
Flavobacterium johnsoniae	0.000807187
Flexibacter polymorphus	0.00148218
Weeksella virosa	0.00115198
Marinoscillum furvescens	0.00122036
Thiothrix nivea	0.00351247
Rhodopseudomonas palustris	0.00167392
Chlorobaculum tepidum	0.000427427
Chloroflexus aurantiacus	0.00148218
Deinococcus radiodurans	0.00099369
Streptococcus hyointestinalis	0.00167392
Bacillus amyloliquefaciens	0.00832
Bacillus anthracis	0.00154729
Brevibacillus brevis	0.000724328
Bacillus cereus	0.01771
Bacillus sp.	0.000724328
Amphibacillus xylanus	0.000805503
Alicyclobacillus cycloheptanicus	0.00178129
Sporosarcina globispora	0.00127535
Virgibacillus halodenitrificans	0.00199453
Thermoanaerobacterium thermosaccharolyticum	0.00189502
Lactobacillus alimentarius	0.0132219
Actinomyces bovis	0.00199453
Bifidobacterium coryneforme	0.00209692
Cellulomonas fimi	0.000965801
[Eubacterium] tenue	0.00233842
Rhodococcus fascians	0.0012772
Saccharomonospora viridis	0.00146604
Streptomyces griseus	0.00158665
Streptomyces lavendulae	0.00207022
Thermobispora bispora	0.000427427
Microbacterium testaceum	0.00355973
Aeromicrobium erythreum	0.000966342
Mycoplasma genitalium	0.000955411
Mycoplasma pneumoniae	0.000889292
Mycoplasma salivarium	0.00153078
Mycoplasma flocculare	0.000969622
Spiroplasma monobiae	0.000905789
Spiroplasma apis	0.000857854
Spiroplasma ixodetis	0.00136067
Acholeplasma modicum	0.00122889
Methanosaeta concilii	0.00175623
Desulfobacterium vacuolatum	0.00168711
Xylella fastidiosa	0.00114911
Vagococcus salmoninarum	0.00306007
Rhizorhapis suberifaciens	0.00334784
Sphingobium yanoikuyae	0.00333474
Campylobacter upsaliensis	0.0331658
Neisseria weaveri	0.00199605
Cronobacter sakazakii	0.0126
Bisgaard Taxon 3	0.00199605
Capnocytophaga cynodegmi	0.00131403
Sphingomonas sp.	0.00224487
Cobetia marina	0.00147449
Hydrogenovibrio marinus	0.0013055
Turicella otitidis	0.000776675
[Bacillus] aminovorans	0.00781136
Hathewaya proteolytica	0.00124699
Turneriella parva	0.0133397
Flavobacterium succinicans	0.000941238
Caldicellulosiruptor bescii	0.00080073
Methylobacterium radiotolerans	0.00258487
Desulfovibrio oxamicus	0.00148218
Rhodococcus globerulus	0.00281817
Propionibacterium avidum	0.00099369
Anaerococcus tetradius	0.000955183
Bartonella doshiae	0.000356552
Sphingomonas sanguinis	0.000857854
Acidithiobacillus caldus	0.00151934
Acidobacterium capsulatum	0.00139579
Kyrpidia tusciae	0.000740538
Luteococcus japonicus	0.00120843
Gluconacetobacter diazotrophicus	0.00179869
Paracoccus aminophilus	0.00367074
Paracoccus aminovorans	0.00148218
Paracoccus kocurii	0.00889311
Rhodobium orientis	0.00306007
Acholeplasma oculi	0.00181028
Pseudonocardia petroleophila	0.000822984
Thermus scotoductus	0.000698905
Thermocrispum municipale	0.000771843
Arthrobacter crystallopoietes	0.00147449
Gluconobacter frateurii	0.00539607
Desulfotomaculum geothermicum	0.000356552
Methanococcus maripaludis	0.00207022
Zoogloea resiniphila	0.00148218
Xenorhabdus bovienii	0.0019646
Exiguobacterium acetylicum	0.00175623
Prauserella rugosa	0.00175623
Halanaerobium saccharolyticum	0.000882106
Brachybacterium faecium	0.000908893
Corynebacterium striatum	0.00436447
Corynebacterium urealyticum	0.00175623
Capnocytophaga sp.	0.000882106
Legionella londiniensis	0.00120779
Legionella nautarum	0.00148218
Brevibacillus borstelensis	0.00102357
Desulfohalobium retbaense	0.00104112
Paenibacillus apiarius	0.00028561
Spirochaeta africana	0.00130657
Devosia riboflavina	0.000864237
Pedomicrobium ferrugineum	0.00444655
Pedomicrobium manganicum	0.00146604
Pseudomonas taetrolens	0.00158665
Prosthecobacter debontii	0.00148218
Novosphingobium aromaticivorans	0.00148218
Rubrobacter xylanophilus	0.00309459
Treponema maltophilum	0.13669
Wigglesworthia glossinidia	0.00148218
Acinetobacter venetianus	0.00183076
Desulfomicrobium norvegicum	0.00148218
Acetobacterium carbinolicum	0.000760792
Acetobacterium paludosum	0.00175623
Desulfotomaculum aeronauticum	0.000889292
Pseudomonas coronafaciens	0.0010694
Treponema socranskii	0.37469
Gordonia hirsuta	0.000944421
Eubacterium callanderi	0.00148218
Nakamurella multipartita	0.00148218
Mycobacterium mageritense	0.00356259
Paracoccus solventivorans	0.000827342
Sulfobacillus acidophilus	0.000881065
Carboxydothermus ferrireducens	0.00203703
Pleurocapsa minor	0.00153078
Deinococcus proteolyticus	0.00741092
Caldicellulosiruptor owensensis	0.00144866
Spirochaeta smaragdinae	0.00028561
Dehalobacter restrictus	0.00121396
Xanthomonas pisi	0.000965801
Sulfurospirillum arsenophilum	0.000896114
Halanaerobium kushneri	0.00147449
Helicobacter bizzozeronii	0.00293208
Glycomyces harbinensis	0.000740538
Glycomyces tenuis	0.000611228
Paenibacillus chondroitinus	0.00153003
Paraburkholderia glathei	0.00110605
Sanguibacter keddieii	0.000611228
Sanguibacter suarezii	0.00086983
Demetria terragena	0.000944421
Tetragenococcus muriaticus	0.00158665
Propionibacterium cyclohexanicum	0.00186074
Streptomyces filamentosus	0.00057122
Streptomyces iakyrus	0.000514962
Streptomyces novaecaesareae	0.0020725
Streptomyces pactum	0.00179869
Streptomyces purpurogeneiscleroticus	0.00148218
Deinococcus geothermalis	0.00175623
Curtobacterium pusillum	0.000944421
Flexithrix dorotheae	0.00079906
Lewinella nigricans	0.00444655
Enterococcus raffinosus	0.00472
Brenneria alni	0.00137912
Lonsdalea quercina	0.00179698
Acinetobacter genomosp. 13	0.00258171
Roseovarius tolerans	0.00153003
Maricaulis maris	0.00187371
Amycolatopsis coloradensis	0.00178129
Pseudonocardia hydrocarbonoxydans	0.00115282
Ahrensia kielensis	0.00101852
Pseudorhodobacter ferrugineus	0.000976419
Pseudoalteromonas distincta	0.00120779
Acidovorax anthurii	0.00347295
Paenibacillus ehimensis	0.00168711
Chitinophaga pinensis	0.00122036
Denitrobacterium detoxificans	0.00110605
Simplicispira psychrophila	0.000356552
Eubacterium aggregans	0.000955411
Vagococcus lutrae	0.00566653
Picrophilus torridus	0.00178129
Streptococcus pluranimalium	0.00122036
Aminobacter aminovorans	0.000917684
Streptomyces armeniacus	0.000917684
Stenotrophomonas nitritireducens	0.00163321
Clostridium roseum	0.000861623
Hippea maritima	0.00209148
Alcanivorax sp. K3-3	0.00137912
Pseudarthrobacter chlorophenolicus	0.00124207
[Bacillus] selenitireducens	0.000944421
Mycoplasma dispar	0.00028561
Pectinatus cerevisiiphilus	0.00182169
Xanthomonas gardneri	0.000827342
Desulfosarcina cetonica	0.00099369
Microbacterium ketosireducens	0.00148218
Pandoraea norimbergensis	0.000998492
Helicobacter pametensis	0.00028561
Legionella drozanskii	0.000887563
Flavobacterium psychrophilum	0.00131992
Nocardia vinacea	0.00129086
Phenylobacterium haematophilum	0.00148218
marine bacillus NRRLB-14909	0.0012148
Corynebacterium auriscanis	0.000881065
Chloroherpeton thalassium	0.000840181
Desulfotomaculum sapomandens	0.00183076
Proteus penneri	0.14412
Nonomuraea roseoviolacea	0.000514962
Microbacterium foliorum	0.000678371
Tenacibaculum maritimum	0.000840181
Psychrobacter pacificensis	0.00202384
Streptococcus orisratti	0.00148218
Mycoplasma elephantis	0.00187382
Geobacter thiogenes	0.00148218
Sphingopyxis alaskensis	0.00183537
Bacillus sonorensis	0.000944421
Curtobacterium sp. VKM Ac-2052	0.000944421
Providencia alcalifaciens	0.0472
Bacillus hemicellulosilyticus	0.0011735
Corynebacterium capitovis	0.000896114
Actinomyces turicensis	0.00177
Desulfomicrobium orale	0.00120451
Rhodococcus jostii	0.000986573
Acetobacterium tundrae	0.00091255
Paraburkholderia caledonica	0.000427427
Ureaplasma parvum	0.00177164
Mycoplasma haemocanis	0.00191615
Lactobacillus equi	0.00177987
Thalassomonas viridans	0.00175623
Candidatus Hamiltonella defensa	0.00207022
Blastococcus saxobsidens	0.0018076
Streptococcus pasteuri	0.00190317
Novosphingobium lentum	0.00138284
Paracoccus yeei	0.00153003
Sulfuricurvum kujiense	0.00148218
Chloroflexus aggregans	0.00184805
Fructobacillus ficulneus	0.000940672
Sphingomonas wittichii	0.00113876
Anaeromyxobacter dehalogenans	0.00351247
Gordonia namibiensis	0.000944421
Gelidibacter mesophilus	0.000356552
Exiguobacterium undae	0.000857854
Paenibacillus sp. DSM 1474	0.000944421
Tistrella mobilis	0.00153003
Inquilinus limosus	0.00127497
Virgibacillus carmonensis	0.00175623
Rothia aeria	0.0001
Lactobacillus vaccinostercus	0.00088926
Anaerophaga thermohalophila	0.00117959
Acetobacter cerevisiae	0.000843448
Delftia tsuruhatensis	0.00296437
Desulfovibrio aespoeensis	0.00111523
Alicyclobacillus acidiphilus	0.00111411
Oceanobacillus iheyensis	0.0283162
Macromonas bipunctata	0.00137785
Nocardia caishijiensis	0.00191051
Corynebacterium spheniscorum	0.00178129
Methylocystis sp. SC2	0.00179869
Labrenzia aggregata	0.00104112
Corynebacterium glaucum	0.000969622
Arenibacter troitsensis	0.00202384
Nocardia pseudovaccinii	0.00119825
Vibrio coralliilyticus	0.00148218
Alcaligenes sp. VKM B-2263	0.00104432
Planococcus maritimus	0.00148218
Thermoleophilum minutum	0.000941238
Rhodoplanes cryptolactis	0.00184822
Halobacillus sp. YIM-kkny2	0.000514962
Virgibacillus kekensis	0.0020725
Lysinibacillus odysseyi	0.00199605
Alicyclobacillus pomorum	0.000514962
Actinomyces oricola	0.00146424
Escherichia albertii	0.06087
Roseomonas genomospecies 6	0.00175623
Bacteroides sp. CCUG 39913	0.00122036
Thermomonas fusca	0.00148218
Thermomonas brevis	0.00148218
Mesoplasma chauliocola	0.000976419
Spiroplasma chrysopicola	0.000921234
Spiroplasma diminutum	0.000623496
Bacillus galactosidilyticus	0.00210739
Clostridium carboxidivorans	0.00175623
Meganema perideroedes	0.00114911
Garciella nitratireducens	0.00119377
Nocardia alba	0.00151943
Pelobacter massiliensis	0.00117008
Yaniella halotolerans	0.0014843
Algoriphagus halophilus	0.00099369
Belliella baltica	0.00103087
Lactobacillus paracollinoides	0.000936584
Rummeliibacillus stabekisii	0.000936584
Crinalium epipsammum	0.00103087
Loktanella vestfoldensis	0.00124207
Enterococcus italicus	0.00107
Serinicoccus marinus	0.000905789
Haemophilus pittmaniae	0.02846
Robiginitalea biformata	0.0010694
Pseudomonas pachastrellae	0.00179869
Solimonas variicoloris	0.00108156
Pseudoclavibacter helvolus	0.00191051
Glutamicibacter bergerei	0.00516342
Jonesia quinghaiensis	0.00127535
Gordonia effusa	0.00147449
Algoriphagus marincola	0.000956993
Bacillus muralis	0.00130657
Comamonas badia	0.00111158
Castellaniella caeni	0.000866912
Phenylobacterium koreense	0.00148218
Lactobacillus acidifarinae	0.00121396
Methylobacterium aquaticum	0.00148218
Spirulina major	0.000724328
Shewanella halifaxensis	0.0012148
Arthrobacter castelli	0.000983429
Chlorobaculum limnaeum	0.00028561
Chlorobaculum parvum	0.00103087
Kosakonia radicincitans	0.55598
Phenylobacterium zucineum	0.00148218
Bordetella ansorpii	0.00175623
Devosia limi	0.000740538
Xenorhabdus szentirmaii	0.00148218
Arthrobacter sp. FB24	0.0018671
Thermosediminibacter oceani	0.000840181
Agromyces subbeticus	0.000827342
Frankia sp. EuI1c	0.00100195
Lactobacillus nantensis	0.0045901
Chrysiogenes arsenatis	0.00147449
Zoogloea oryzae	0.00175623
Maribius salinus	0.00918021
Synechococcus sp. JA-3-3Ab	0.000882106
Spiroplasma tabanidicola	0.00120843
Bacillus infantis	0.00195284
Demequina aestuarii	0.00191051
Candidatus Accumulibacter phosphatis	0.00702494
Amycolatopsis jejuensis	0.00135977
Exiguobacterium sibiricum	0.000941238
Psychrobacter arcticus	0.00702494
Salinivibrio proteolyticus	0.00146604
Gordonia sp. KTR9	0.00102496
Actinoalloteichus hymeniacidonis	0.00147449
Lysobacter daejeonensis	0.00191615
Echinicola pacifica	0.00120843
Labrys miyagiensis	0.00444655
Shinella zoogloeoides	0.00153003
Chitinimonas koreensis	0.000760792
Exiguobacterium sp. AT1b	0.0004316
Sulfurivirga caldicuralii	0.00100195
Sulfurospirillum cavolei	0.00122036
Caulobacter sp. K31	0.00136179
Ureibacillus thermophilus	0.00355973
Flammeovirga yaeyamensis	0.00099369
Arsenicicoccus sp. YIM KMY39	0.00122889
Paenibacillus terrigena	0.00028561
Aureimonas altamirensis	0.00225711
Brevundimonas aveniformis	0.00167392
Janthinobacterium sp. Marseille	0.00148218
Gordonia shandongensis	0.00102357
Paracoccus halophilus	0.00147493
Lactobacillus camelliae	0.00124207
Cycloclasticus sp. P1	0.00163321
Trigonala elaeagnus	0.00158514
Nitratiruptor sp. SB155-2	0.00108156
Persicobacter sp. NBRC 101267	0.00141389
Geoalkalibacter ferrihydriticus	0.00148675
Nubsella zeaxanthinifaciens	0.00167392
Perlucidibaca piscinae	0.00479766
Salinicoccus kunmingensis	0.00152816
Geminicoccus roseus	0.00444655
Micrococcus xinjiangensis	0.00179698
Stackebrandtia albiflava	0.00175623
Treponema pedis	0.00080073
[Polyangium] brachysporum	0.000941238
Planococcus donghaensis	0.000944421
Flavobacterium cucumis	0.00240903
Brevibacterium album	0.00140603
Rhodanobacter ginsengisoli	0.000965801
Azonexus hydrophilus	0.000270741
Nevskia soli	0.00199605
Chryseobacterium haifense	0.00166165
Alkalibacterium putridalgicola	0.00134898
Humibacter albus	0.00157721
Bacillus alkalinitrilicus	0.0004316
Jonquetella anthropi	0.0010694
Lactobacillus senmaizukei	0.00158665
Streptococcus sp. C150	2.87299
Granulosicoccus antarcticus	0.000724328
Lewinella marina	0.00175623
Rhodoplanes piscinae	0.000611228
Silvimonas amylolytica	0.00181028
Microbacterium luticocti	0.00153003
Chryseobacterium aquaticum	0.000936584
Joostella marina	0.00188875
Saccharibacillus sacchari	0.00114911
Bacteroides sp. 3_2_5	7.18243
Clostridium sp. 7_2_43FAA	1.02558
Lactobacillus hordei	0.00178129
Enterobacteriaceae bacterium 9_2_54FAA	0.00028
Devosia yakushimensis	0.0103753
Pedobacter alluvionis	0.00148276
Pedobacter nyackensis	0.00114559
Arthrobacter sanguinis	0.00177164
Brevibacterium ravenspurgense	0.00199453
Limnobacter litoralis	0.00144866
Oscillatoria nigro-viridis	0.000776675
Lactobacillus cacaonum	0.00199453
Oleibacter marinus	0.00116183
Paenochrobactrum glaciei	0.00125991
Leucobacter chironomi	0.000944421
Thermoanaerobacter pseudethanolicus	0.000861623
Spongitalea numazuensis	0.0045901
Dyella marensis	0.0020725
Enterovibrio nigricans	0.00153003
Oceanimonas sp. GK1	0.00170966
Bifidobacterium mongoliense	0.00179869
Niabella ginsengisoli	0.00444655
Sphingomonas sp. JC2489	0.00258171
Haloglycomyces albus	0.000427427
Flavobacteriaceae bacterium 3519-10	0.00148218
Mycobacterium vulneris	0.00148218
Phycisphaera mikurensis	0.00148218
Flavihumibacter petaseus	0.00296437
Rhodoplanes pokkaliisoli	0.00175623
Streptomyces sedi	0.00120779
Pontibacter xinjiangensis	0.000969622
Maribacter arcticus	0.00112855
Prevotella sp. C561	11.353
Spirosoma rigui	0.00028561
Photorhabdus temperata	0.00177987
Thermoanaerobacter mathranii	0.000864237
Patulibacter americanus	0.00111997
Thiocapsa sp. KS1	0.00111523
Lactobacillus paucivorans	0.000936584
Planococcus salinarum	0.00108156
Blattabacterium sp. (Blattella germanica)	0.00183076
Pseudonocardia xishanensis	0.000356552
Cocleimonas flava	0.00175623
Amycolicicoccus subflavus	0.000864237
Litoricola marina	0.00158665
Fretibacterium fastidiosum	0.0832
Bacteroidetes oral taxon 274	0.01195
Halanaerobium hydrogeniformans	0.00079961
Actinophytocola timorensis	0.00351247
Actinophytocola corallina	0.00175623
Campylobacter sp. 10_1_50	0.18417
Geminocystis herdmanii	0.000810655
Cryobacterium arcticum	0.00125083
Adhaeribacter aerolatus	0.00137912
Reinekea aestuarii	0.00137912
Demequina oxidasica	0.000824892
Salinimicrobium marinum	0.00175623
Pseudorhodobacter aquimaris	0.00088926
Pedobacter ginsenosidimutans	0.00134898
Bifidobacterium sp. JCM 6439	0.00179869
Meniscus glaucopis	0.00122036
Pseudomonas flexibilis	0.0020725
Caldicellulosiruptor obsidiansis	0.00198738
Bradyrhizobium lablabi	0.00148218
Sphingobacterium sp. 21	0.00107944
Sphingomonas sp. MM-1	0.00175623
Azoarcus sp. KH32C	0.0019316
Photobacterium aphoticum	0.00124774
Methylophaga nitratireducenticrescens	0.000887563
Sphingobacterium alimentarium	0.00122036
Bacillus sp. NCIMB 11647	0.000698905
Acidovorax oryzae	0.000760792
Lactobacillus ozensis	0.00153003
Erythrobacter marinus	0.00071943
Bacillus sp. IHB B 2296	0.00190317
Psychrobacter sp. KOPRI 25501	0.00148218
Nannocystis pusilla	0.00148218
Peptoniphilus methioninivorax	0.00209692
Alistipes sp. HGB5	0.46916
Halioglobus japonicus	0.00163321
Streptomyces glycovorans	0.000965801
Lactobacillus nasuensis	0.000776675
Chryseolinea serpens	0.0133397
Roseimaritima ulvae	0.00148218
Glaciecola sp. 4H-3-7+YE-5	0.00147449
Polymorphum gilvum	0.000427427
Actinomadura sediminis	0.00198843
Agitococcus lubricus	0.00129086
Demequina sediminicola	0.00199453
Ruminococcus sp. JC304	0.39032
Pseudonocardia yuanmonensis	0.00117008
Streptococcus sp. BS35b	0.31667
Gluconobacter sp. NBRC 3259	0.00190317
Psychrobacter sp. NBRC 15736	0.00158665
Marinobacter sp. NBRC 101709	0.00167392
Alcanivorax sp. NBRC 102024	0.00398449
Halomonas sp. NBRC 102403	0.00177987
Lactobacillus sp. NBRC 107210	0.000936584
Lactobacillus sp. NBRC 107212	0.00124207
Lactobacillus sp. NBRC 107255	0.00173461
Flavobacterium piscis	0.000270741
Pseudorhodobacter wandonensis	0.00175623
Fodinicurvata sediminis	0.00111158
Rubellimicrobium mesophilum	0.00167392
Marininema halotolerans	0.00103936
Peptostreptococcus canis	0.000822842
Draconibacterium orientale	0.00137912
Streptococcus sp. GMD4S	0.08483
Streptococcus sp. GMD5S	0.16912
Wenyingzhuangia marina	0.0014843
Holdemania massiliensis AP2	0.12162
Candidatus Nitrosopumilus sp. AR2	0.00175623
Pseudohongiella spirulinae	0.000724328
Methylogaea oryzae	0.00102357
Thermodesulfobacterium geofontis	0.000724328
Cnuella takakiae	0.00103936
Idiomarina woesei	0.000822842
Bacillus sp. KMM 6752	0.000905789
Aliifodinibius sp. YIM 95756	0.00129086
Candidatus Methanomassiliicoccus intestinalis	0.00167392
Hymenobacter luteus	0.000976419
Flavihumibacter cheonanensis	0.00175623
Zhizhongheella caldifontis	0.000941238
Glycomyces sp. NRRL B-16210	0.000905789
Nocardia sp. NRRL WC-3656	0.000917684
Streptomyces sp. NRRL B-3253	0.00154729
Streptomyces sp. NRRL F-2305	0.00178129
Streptomyces sp. NRRL F-525	0.00193727
Streptomyces sp. NRRL F-5630	0.00217846
Streptomyces sp. NRRL S-920	0.00099369
Prauserella sp. YIM 121212	0.000937111
Rhodoferax saidenbachensis	0.0013055
Brenneria sp. IHBB 6841	0.00148218
Flavobacterium maris	0.000698905
Enteractinococcus sp. YIM 101617	0.0018076
Mesocricetibacter intestinalis	0.00217846
Paracoccus sanguinis	0.00148218
Cohnella sp. VKM B-2846	0.00114559
Streptomyces sp. NRRL F-4428	0.00217354
Lysinimicrobium rhizosphaerae	0.000886383
Lysinimicrobium soli	0.000760792
Rhodobacter sp. YIM 71281	0.00148218
Pseudomonas sp. NBRC 111135	0.387811
Planktothrix paucivesiculata	0.00173966
Planktothrix tepida	0.00175549
Micrococcus sp. HBUM178886	0.00175623
Noviherbaspirillum sp. YIM S61	0.00111158
Nocardioides intraradicalis	0.000917684
Corynebacterium sp. YIM 101343	0.000976419
