Bacteroides fragilis	1.087348425
Bacteroides thetaiotaomicron	2.114789
Bacteroides uniformis	5.0764945
Bacteroides vulgatus	16.19775735
Parabacteroides distasonis	0.9603526275
Faecalibacterium prausnitzii	1.00208995
Capnocytophaga ochracea	0.0054099225
Ruminococcus albus	0.400117495
Streptococcus oralis	0.1529034325
Streptococcus salivarius	0.05154839875
Streptococcus suis	0.0181563625
Streptococcus thermophilus	0.00973056375
Streptococcus vestibularis	0.04935992
Enterococcus faecium	0.057378323375
Lactococcus lactis	0.007611716
Gemella haemolysans	0.007348982375
[Clostridium] symbiosum	0.218015025
Ruminiclostridium thermocellum	0.065995375
[Clostridium] leptum	1.03995762375
Erysipelatoclostridium ramosum	0.32402277725
Bifidobacterium bifidum	0.0617905625
Bifidobacterium pseudocatenulatum	0.49864796475
Streptococcus mitis	0.07139655375
Bacteroides eggerthii	0.24466171125
Bacteroides ovatus	1.095552875
Alistipes putredinis	2.304774125
Odoribacter splanchnicus	0.65289159
[Clostridium] xylanolyticum	0.07630743375
Veillonella parvula	0.471210277375
[Eubacterium] dolichum	0.102439115
Peptoniphilus lacrimalis	0.1981393625
[Ruminococcus] gnavus	0.19576909875
[Clostridium] neopropionicum	0.1597759925
Porphyromonas cangingivalis	0.002171269625
[Eubacterium] hallii	0.1012729
[Eubacterium] rectale	0.0812799875
[Eubacterium] siraeum	0.02149152125
Veillonella atypica	0.56122202625
Veillonella dispar	0.3022004425
Ruminococcus bromii	0.434617395
Blautia obeum	0.118765625
Porphyromonas catoniae	0.00774423875
Dysgonomonas capnocytophagoides	0.233108555875
Parabacteroides merdae	2.690996415
Bacteroides stercoris	3.075193725
[Clostridium] viride	0.03286001125
Bacteroides caccae	0.573986525
Mitsuokella multacida	0.22852522375
Blautia hydrogenotrophica	0.04209215125
Acholeplasma brassicae	0.080662613625
[Clostridium] indolis	0.253570075
Collinsella aerofaciens	0.06143887725
[Clostridium] methylpentosum	0.2153956275
[Clostridium] saccharolyticum	0.3164172325
Eggerthella lenta	0.09384235875
Bacteroides acidifaciens	0.1508752375
Dorea longicatena	0.08415991875
Blautia luti	0.135798675
Bacillus nealsonii	0.02226610125
Hungatella hathewayi	0.28218671875
Prevotella copri	0.01483044225
Roseburia intestinalis	0.0170574475
Anaerotruncus colihominis	0.2573483375
Hespellia stercorisuis	0.1394534875
Paludibacter propionicigenes	0.007156715
Acidaminococcus intestini	1.74686942125
Bacteroides massiliensis	0.881845825
[Clostridium] bolteae	0.180788575
Alistipes finegoldii	0.338484685
Bifidobacterium longum	0.89394634
Dialister invisus	0.9911317675
Akkermansia muciniphila	2.50981841875
Bacteroides cellulosilyticus	0.0883295
Bacteroides salyersiae	0.0063716325
Bacteroides nordii	0.16530902125
Parabacteroides goldsteinii	0.03786814
Alistipes onderdonkii	3.3145992625
Alistipes shahii	0.59009685
Bacteroides intestinalis	0.1096119625
Oscillibacter valericigenes	0.603075025
Bacteroides dorei	2.364556
[Clostridium] aldenense	0.20492089125
[Clostridium] citroniae	0.1932168325
Bacteroides xylanisolvens	2.4759582125
Bacteroides barnesiae	0.0173338225
Barnesiella viscericola	0.5212887325
Christensenella minuta	0.10190675125
Prevotella saccharolytica	0.003203986625
Bacteroides sartorii	0.01653264375
Bacteroides rodentium	0.00975731
Bacteroides paurosaccharolyticus	0.00359881325
Gemmiger formicilis	0.021817207875
Bacteroides stercorirosoris	0.0320279875
Bacteroides luti	4.653685
Alistipes timonensis	0.17806367625
Brevundimonas diminuta	0.00187933431428571
Escherichia coli	0.460159064142857
Prevotella ruminicola	0.00289317042857143
Acidaminococcus fermentans	1.04925826428571
Flavobacterium columnare	0.00298553657142857
Ruminococcus flavefaciens	0.0133356914285714
Blautia hansenii	0.0237675285714286
Streptococcus equinus	0.0235577785714286
Clostridium sp. ATCC 29733	0.230305848571429
Blautia coccoides	0.0956271785714286
Clostridium tertium	0.00486838714285714
Lactobacillus plantarum	0.002517496
Lactobacillus sakei	0.00163195888571429
Actinomyces odontolyticus	0.00801816271428571
Bifidobacterium breve	0.474952494
Bifidobacterium catenulatum	0.443332465714286
Prevotella bivia	0.00279642071428571
[Clostridium] propionicum	0.116295924285714
[Clostridium] scindens	0.00469281371428571
[Clostridium] spiroforme	0.0499960085714286
Cellulosilyticum lentocellum	0.0431244214285714
Clostridium paraputrificum	0.00831493542857143
Bilophila wadsworthia	0.0677715008571429
[Clostridium] colinum	0.00889251857142857
Enterococcus casseliflavus	0.013838568
Eubacterium desmolans	0.113721971428571
[Eubacterium] tortuosum	0.0129706568571429
Eubacterium ventriosum	0.0600112342857143
Sporobacter termitidis	0.0288521385714286
Granulicatella adiacens	0.0188434157142857
Desulfotomaculum acetoxidans	0.00209752428571429
Holdemania filiformis	0.0818017542857143
Coprobacillus cateniformis	0.0439173414285714
Veillonella ratti	0.0195143438571429
Bacteroides sp. CIP103040	0.00980625957142857
Bifidobacterium scardovii	0.0883514228571429
Megamonas hypermegale	0.449347658285714
Anaerofustis stercorihominis	0.00188811614285714
Sutterella stercoricanis	0.561146546571429
Roseburia hominis	0.00807664571428571
Roseburia faecis	0.470653004285714
Dialister propionicifaciens	0.0941513157142857
Dialister micraerophilus	0.0162413994285714
Bacteroides coprocola	0.172250888571429
Candidatus Solibacter usitatus	0.00183058771428571
Roseburia inulinivorans	0.0779182457142857
Bacteroides gallinarum	0.0780324504285714
Bacteroides coprophilus	0.00402274142857143
Parabacteroides johnsonii	0.300191941714286
Coprococcus comes	0.113256952857143
Gordonibacter pamelaeae	0.00571566857142857
Bacteroides graminisolvens	0.00885900142857143
Lactobacillus floricola	0.00401431685714286
Bifidobacterium stellenboschense	0.00796821542857143
Bifidobacterium biavatii	0.202758675714286
Veillonella tobetsuensis	0.0961221442857143
Ruminococcus champanellensis	0.288220438571429
Lactobacillus hominis	0.0185359238571429
Fusobacterium nucleatum	0.0429861383333333
Desulfovibrio desulfuricans	0.0172086761666667
Megasphaera elsdenii	1.49103704816667
Streptococcus gordonii	0.0152874908333333
Streptococcus pneumoniae	0.017534653
Enterococcus hirae	0.0102608641666667
Enterococcus sulfureus	0.0030394115
Bacillus megaterium	0.001166168
Clostridium septicum	0.00534340333333333
Clostridium beijerinckii	0.001954609
Clostridium carnis	0.280416444666667
Desulfosporosinus orientis	0.000855330333333333
Lactobacillus reuteri	0.0325953615
Bifidobacterium adolescentis	0.1361163
Bifidobacterium angulatum	0.0200310366666667
Bifidobacterium coryneforme	0.00204858316666667
Bifidobacterium dentium	0.163866316666667
Bifidobacterium indicum	0.0523301333333333
Bifidobacterium pseudolongum	0.113441398333333
Bacteroides zoogleoformans	0.00241695983333333
Clavibacter michiganensis	0.0348768216666667
Salmonella enterica	0.0124880383333333
[Ruminococcus] torques	0.0212117316666667
Clostridium magnum	0.000908151166666667
Lactobacillus johnsonii	0.496326194833333
[Eubacterium] brachy	0.00238815683333333
Bifidobacterium choerinum	0.0163774416666667
Clostridium maximum	0.00360512483333333
Clostridium saccharoperbutylacetonicum	0.00162681566666667
Oxobacter pfennigii	0.001276897
[Eubacterium] eligens	0.0883231783333333
Dorea formicigenerans	0.00728904016666667
Ruminococcus callidus	0.038932075
Desulfovibrio fairfieldensis	0.0065695085
Ruminococcus lactaris	0.0076061525
Anaerofilum pentosovorans	0.00211902966666667
[Desulfotomaculum] guttoideum	0.240840336333333
Bifidobacterium merycicum	0.276040716666667
Papillibacter cinnamivorans	0.00131825
Solobacterium moorei	0.0159003483333333
Anaerostipes caccae	0.0259049731666667
Actinomyces lingnae	0.00699594166666667
Caldilinea aerophila	0.00178009116666667
Granulicatella elegans	0.00455434133333333
[Eubacterium] sulci	0.0216808633333333
Caminicella sporogenes	0.00265872433333333
Streptococcus pasteurianus	0.0131604478333333
Enhydrobacter aerosaccus	0.008288215
Algoriphagus marincola	0.00232990283333333
[Clostridium] clariflavum	0.0189273933333333
Paraprevotella clara	0.0270632433333333
Bifidobacterium bombi	0.008902158
Geofilum rubicundum	0.0104964885
Parasutterella excrementihominis	1.28507985066667
Jejuia pallidilutea	0.0647815166666667
Blautia glucerasea	0.0149973925
Butyricimonas virosa	0.099737775
Anaerostipes butyraticus	0.0545623578333333
Clostridium sp. ATCC BAA-442	0.0068624155
Bacteroides faecichinchillae	0.00539774333333333
Parabacteroides chinchillae	0.0016724865
Bifidobacterium reuteri	0.00692316316666667
Clostridium amylolyticum	0.0023913975
Dysgonomonas macrotermitis	0.00652655883333333
Pseudomonas aeruginosa	0.383868138
Klebsiella pneumoniae	0.0026281038
Shigella flexneri	0.015090346
Haemophilus parainfluenzae	0.030590028
Fusobacterium mortiferum	0.01835513
Fusobacterium periodonticum	0.0013736402
Desulfovibrio vulgaris	0.00232274284
Micrococcus luteus	0.00108794684
Streptococcus agalactiae	0.0043116558
Streptococcus equi	0.0012404532
Atopobium parvulum	0.004680238
Clostridium pasteurianum	0.002971323
Clostridium perfringens	0.0015722264
Clostridium kluyveri	0.005786465
Lactobacillus animalis	0.0063694858
Erysipelothrix rhusiopathiae	0.0025016196
Bifidobacterium asteroides	0.009456028
Holdemanella biformis	0.333655811
Mycobacterium intracellulare	0.000971325
Bifidobacterium animalis	0.015885786
Tannerella forsythia	0.004505904
Porphyromonas levii	0.0042284378
Parvimonas micra	0.0024170798
Pseudobacteroides cellulosolvens	0.002695185
Arthrobacter agilis	0.002023519
Eubacterium ramulus	0.25843923244
Eubacterium xylanophilum	0.016529678
Dialister pneumosintes	0.0525943122
Lactobacillus crispatus	0.0021097902
Peptoniphilus harei	0.0033527598
Desulfovibrio simplex	0.00296850904
Actinomyces graevenitzii	0.001281097
Bifidobacterium gallicum	0.0014891616
Bifidobacterium boum	0.006810658
Thermodesulfovibrio aggregans	0.001185046
Rubrimonas cliftonensis	0.0015466558
Eubacterium plexicaudatum	0.001707249
Desulfotomaculum gibsoniae	0.0010944498
Actinomyces radicidentis	0.00215577784
Anaerorhabdus furcosa	0.002551189
Olsenella uli	0.0273115494
Anaeroglobus geminatus	0.00635357104
Dysgonomonas gadei	0.001613476
Arthrobacter woluwensis	0.0066460298
Lactobacillus fuchuensis	0.0021071476
Gemmatimonas aurantiaca	0.0006920328
Blautia schinkii	0.0012155934
Dickeya dadantii	0.005938142
Subdoligranulum variabile	0.007290393
Prevotella shahii	0.0013992648
Intestinibacter bartlettii	0.0025801038
Anaerosporobacter mobilis	0.3114692776
Sutterella sanguinus	0.004398788
Bacteroides helcogenes	0.0009039832
Proteiniphilum acetatigenes	0.0016461006
Streptococcus gallolyticus	0.0013105646
[Clostridium] saccharogumia	0.0052619698
Asaccharobacter celatus	0.00163545064
Sutterella parvirubra	0.1596921258
Olsenella umbonata	0.0043415348
Bifidobacterium actinocoloniiforme	0.003510882
Alistipes sp. RMA 9912	0.055147248
Peptoniphilus tyrrelliae	0.00268699604
Thermincola potens	0.0027632896
Mageeibacillus indolicus	0.0011146852
Sandaracinus amylolyticus	0.0011747106
Flavobacterium fontis	0.0079224552
Bacteroides reticulotermitis	0.006927468
Clostridium oryzae	0.003847395
Streptomyces sp. NRRL S-1824	0.0014692452
Ruminococcus sp. DSM 100440	0.0493016298
Buchnera aphidicola	0.00215434725
Butyrivibrio fibrisolvens	0.0005903245
Fibrobacter succinogenes	0.0021928735
Fusobacterium varium	0.0657710838
Fusobacterium ulcerans	1.22712331975
Leuconostoc mesenteroides	0.0026755075
Staphylococcus aureus	0.00163477425
Staphylococcus epidermidis	0.00075844
Streptococcus sanguinis	0.0072229445
Bacillus subtilis	0.00047918705
Bacillus thuringiensis	0.00107735625
Bacillus methanolicus	0.00190633955
Clostridium acetobutylicum	0.0013405175
[Clostridium] stercorarium	0.00134948975
Romboutsia lituseburensis	0.00573022675
Clostridium malenominatum	0.01783249625
Lactobacillus casei	0.00108130675
Lactobacillus pentosus	0.0017314115
Lactobacillus gasseri	0.05126297475
Eubacterium limosum	0.00258106775
Spiroplasma taiwanense	0.00096788105
Lactobacillus curvatus	0.00191902605
Bacteroides heparinolyticus	0.00107011755
Prevotella buccalis	0.00347018625
Prevotella disiens	0.00222312125
Prevotella oulorum	0.002877095
[Clostridium] sphenoides	0.00144689475
Gemella morbillorum	0.00333070125
Methylobacterium radiotolerans	0.00091260475
Coprococcus eutactus	0.003237044
Bifidobacterium thermophilum	0.01366946125
Corynebacterium accolens	0.000747806
Acholeplasma palmae	0.00253007875
Enterococcus dispar	0.00091157625
Butyrivibrio crossotus	0.00264446975
Abiotrophia defectiva	0.003390772
Dehalobacter restrictus	0.00157668875
Selenomonas sputigena	0.00158566725
Bifidobacterium pullorum	0.00117352225
Desulfovibrio aminophilus	0.00108199075
Desulfonispora thiosulfatigenes	0.0020980365
Streptococcus infantarius	0.0016276635
Chitinophaga filiformis	0.000555293
Pseudoflavonifractor capillosus	0.00206459275
Nonomuraea terrinata	0.00292539875
Olsenella profusa	0.0040177525
Collinsella intestinalis	0.003245212
Bacteroides coprosuis	0.0009452748
Allobaculum stercoricanis	0.0013657265
Lactobacillus versmoldensis	0.0006054945
Spiroplasma syrphidicola	0.00234068275
Clostridium estertheticum	0.00055885375
Aquibacillus koreensis	0.02921935525
Desulfovibrio alkalitolerans	0.00076307455
Nitrospira defluvii	0.00104304
Candidatus Peptoniphilus massiliensis	0.00222759225
Lactonifactor longoviformis	0.0054253675
Solirubrobacter soli	0.000872141
Prevotella timonensis	0.0157174525
Nisaea denitrificans	0.00130239275
Alloscardovia omnicolens	0.00123079375
Alkaliphilus oremlandii	0.0018313995
Actinomyces oris	0.00217402375
Marinifilum fragile	0.00125004475
Prevotella fusca	0.1824256875
Prevotella scopos	0.0010561405
Ignavibacterium album	0.00124869775
Candidatus Babela massiliensis	0.003801555
Bifidobacterium callitrichos	0.00419896225
Desulfosporosinus acidiphilus	0.00134174125
Lactobacillus brantae	0.0011181438
Prevotella sp. JCM 6348	0.0009147073
Streptococcus sp. MR-1933	0.0008100048
Mariniphaga anaerophila	0.00122488875
Paenibacillus sp. VKM B-2647	0.004741666
Gemmata obscuriglobus	0.00100377133333333
Rubinisphaera brasiliensis	0.000512913333333333
Azospirillum lipoferum	0.000873867
Campylobacter jejuni	0.000995376333333333
Moraxella catarrhalis	0.0007311534
Ochrobactrum anthropi	0.00152728033333333
Enterobacter cloacae	0.000834614733333333
Proteus mirabilis	0.385122246666667
Proteus vulgaris	0.056502673
Providencia rettgeri	0.0490632666666667
Vibrio harveyi	0.00122467266666667
Plesiomonas shigelloides	0.00088226
Campylobacter ureolyticus	0.0111376
Prevotella loescheii	0.00143693333333333
Fusobacterium necrophorum	0.0489267333333333
Anaplasma phagocytophilum	0.00713590933333333
Saccharicrinis fermentans	0.000740645666666667
Peptoniphilus asaccharolyticus	0.00498563966666667
Peptostreptococcus anaerobius	0.00172938806666667
Clostridium ventriculi	0.00274232966666667
Streptococcus intermedius	0.00197227
Lactococcus raffinolactis	0.000736031333333333
Paenibacillus polymyxa	0.000741044666666667
Bacillus pumilus	0.000810703666666667
Paenibacillus larvae	0.00125476533333333
Paraclostridium bifermentans	0.000525794333333333
Clostridium botulinum	0.000848565
Clostridium cellulovorans	0.00154501173333333
Moorella thermoacetica	0.000489169666666667
Clostridium cadaveris	0.042769383
Terrisporobacter mayombei	0.002503523
Clostridium scatologenes	0.000624211066666667
Clostridium baratii	0.000512913333333333
Desulfotomaculum ruminis	0.000495349666666667
Desulfotomaculum nigrificans	0.00114537966666667
Lactobacillus acidophilus	0.000962268
Lactobacillus delbrueckii	0.002187651
Actinomyces viscosus	0.000911465
Actinomyces israelii	0.001207178
Propionibacterium acnes	0.002998853
Verrucomicrobium spinosum	0.00113361333333333
Anaerobiospirillum succiniciproducens	0.00320331866666667
Porphyromonas asaccharolytica	0.314818283
Porphyromonas endodontalis	0.00046829
Thermodesulfovibrio yellowstonii	0.000428282666666667
Actinomyces sp.	0.001433672
Clostridium argentinense	0.000590776
Desulfovibrio oxamicus	0.00109529633333333
Anaerococcus lactolyticus	0.00171877966666667
Anaerococcus prevotii	0.00109542566666667
Exiguobacterium aurantiacum	0.00149763333333333
[Eubacterium] nodatum	0.000479086
Mogibacterium timidum	0.00131391933333333
Desulfitobacterium dehalogenans	0.000817149
Erysipelothrix tonsillarum	0.00198723333333333
Megasphaera cerevisiae	0.000751906333333333
Clostridium moniliforme	0.000565801333333333
[Eubacterium] yurii	0.000764522
Desulfotomaculum sp.	0.000753465
Ureaplasma gallorale	0.00295503666666667
Halobacteroides halobius	0.000842712
Rothia mucilaginosa	0.00144005433333333
Corynebacterium propinquum	0.00157568333333333
Pseudobutyrivibrio ruminis	0.000517529666666667
Orenia marismortui	0.00146100333333333
Clostridium pascui	0.00106361166666667
Kineosporia aurantiaca	0.006147485
Acetobacterium wieringae	0.000541404666666667
Desulfotomaculum aeronauticum	0.000685098333333333
Thermobrachium celere	0.000830291666666667
Enterococcus asini	0.00123805466666667
Shewanella oneidensis	0.000507577066666667
Desulfovibrio senezii	0.001556424
Clostridium acetireducens	0.0007311534
Bifidobacterium saeculare	0.00604750033333333
Scardovia inopinata	0.00287094333333333
Chitinophaga pinensis	0.000332987733333333
Tissierella creatinophila	0.000911465
Atopobium vaginae	0.00100845
Slackia exigua	0.00111649933333333
Slackia heliotrinireducens	0.0008101214
Bacillus halodurans	0.00140635966666667
Oerskovia sp. CIP101491	0.000668834666666667
Sporomusa malonica	0.000820400333333333
Pseudomonas kilonensis	0.00114667866666667
Salinibacter ruber	0.000529888666666667
Fructobacillus ficulneus	0.00308254733333333
Thermobaculum terrenum	0.002778843
Robinsoniella peoriensis	0.000635399333333333
Prevotella paludivivens	0.00335226333333333
Bacillus marisflavi	0.000640474733333333
Fluviicola taffensis	0.00626517966666667
Rhodopseudomonas julia	0.000743768666666667
Bacteroides sp. DSM 12148	0.00573014
Bacillus vietnamensis	0.00246341866666667
Prevotella salivae	0.000896959333333333
Acidovorax sp. JS42	0.001205623
Fastidiosipila sanguinis	0.00226396333333333
Bifidobacterium thermacidophilum	0.00368964333333333
Ethanoligenens harbinense	0.00105555033333333
Owenweeksia hongkongensis	0.00142912733333333
Slackia faecicanis	0.00296045506666667
Desulfovibrio putealis	0.000332987733333333
Candidatus Amoebophilus asiaticus	0.001242623
[Eubacterium] fissicatena	0.00238301666666667
Adhaeribacter aquaticus	0.000602160333333333
Desulfosporosinus youngiae	0.00173818533333333
Peptostreptococcus stomatis	0.004723917
Pelosinus fermentans	0.00116587666666667
Thermophagus xiamenensis	0.000856926333333333
Coraliomargarita akajimensis	0.00166895333333333
Pontibacter korlensis	0.000399923
Clostridium tepidiprofundi	0.00326603333333333
Actinomyces massiliensis	0.000956088666666667
Lachnoanaerobaculum saburreum	0.00547627366666667
Iamia majanohamensis	0.000931633
Streptomyces sp. YIM C513	0.00148991966666667
Eggerthella sp. YY7918	0.00197059166666667
Photobacterium leiognathi	0.000796389666666667
Bacillus gaemokensis	0.000700963
Sphingosinicella vermicomposti	0.001699272
Parasutterella secunda	0.00132758
Kofleria flava	0.00316566666666667
Chryseolinea serpens	0.000456774333333333
Nonomuraea soli	0.02729516
Haemophilus sputorum	0.00302197333333333
Hirschia maritima	0.00758340333333333
Melioribacter roseus	0.000723275
Draconibacterium orientale	0.00090155
Tangfeifania diversioriginum	0.00110023566666667
Corynebacterium humireducens	0.00079021
Streptomyces sp. NRRL B-3253	0.00141136
Garciella sp. YIM G1-1	0.000548238066666667
Pelobacter carbinolicus	0.000771708
Shewanella putrefaciens	0.0015487795
Simonsiella muelleri	0.0001766071
Flectobacillus major	0.0003532145
Leptonema illini	0.0003774125
Azospirillum brasilense	0.0006060276
Campylobacter showae	0.000444348
Pseudoalteromonas haloplanktis	0.0005447505
Pseudomonas fluorescens	0.0048684126
Methylomonas methanica	0.0103826795
Moraxella nonliquefaciens	0.0004323495
Neisseria cinerea	0.0008906495
Shimwellia blattae	0.0011091105
Morganella morganii	0.002752151
Aeromonas hydrophila	0.000704773
Aeromonas veronii	0.003240694
Vibrio parahaemolyticus	0.0003197471
Haemophilus parahaemolyticus	0.0018592545
Aggregatibacter segnis	0.0003774125
Gallibacterium anatis	0.0010225645
Campylobacter gracilis	0.0269572676
Porphyromonas gingivalis	0.0006302245
Desulfovibrio africanus	0.0006378376
Desulfovibrio piger	0.0076230245
Acidithiobacillus ferrooxidans	0.0009272445
Bdellovibrio bacteriovorus	0.0003866825
Selenomonas ruminantium	0.0007382405
Cytophaga hutchinsonii	0.0001766071
Flavobacterium johnsoniae	0.0002100745
Marinilabilia salmonicolor	0.0020297195
Cytophaga xylanolytica	0.0003197471
Bergeyella zoohelcum	0.014596285
Leuconostoc fallax	0.000343945
Finegoldia magna	0.000782635
Kocuria rosea	0.0006378376
Streptococcus mutans	0.0038555055
Streptococcus downei	0.0002435425
Streptococcus hyointestinalis	0.00041088
Streptococcus uberis	0.001533849
Enterococcus columbae	0.0005571475
Atopobium rimae	0.0007790245
Bacillus licheniformis	0.00500316
Bacillus psychrosaccharolyticus	0.000529822
Geobacillus kaustophilus	0.000578218
Bacillus simplex	0.000704773
Clostridium butyricum	0.001768124
Clostridium cochlearium	0.0001766071
Clostridium formicaceticum	0.0006209555
Clostridium sp.	0.00027701
[Clostridium] cellulolyticum	0.000654423
[Clostridium] sporosphaeroides	0.000456745
Weissella confusa	0.0004536175
Lactobacillus agilis	0.0004628866
Lactobacillus fermentum	0.0042403076
Lactobacillus murinus	0.0008748376
Lactobacillus salivarius	0.00359942
Lactobacillus sharpeae	0.000343945
Weissella viridescens	0.000343945
Kandleria vitulina	0.013193038
Fructobacillus fructosus	0.000596757
Lactobacillus vaginalis	0.00910142
Actinomyces naeslundii	0.0010421755
Arthrobacter citreus	0.000781767
Bifidobacterium cuniculi	0.0220309395
Bifidobacterium minimum	0.001744995
Corynebacterium variabile	0.0008721105
Mycobacterium neoaurum	0.0002100745
Rothia dentocariosa	0.00308772
Syntrophomonas bryantii	0.0012184545
Anaeroplasma bactoclasticum	0.00211207
Haliscomenobacter hydrossis	0.0001766071
Acetonema longum	0.001033789
Sporomusa ovata	0.000726633
Gardnerella vaginalis	0.003128475
Carnobacterium divergens	0.00144361
Prevotella buccae	0.0023279276
Prevotella corporis	0.017397695
Prevotella denticola	0.006859111
Prevotella oralis	0.0001766071
Prevotella oris	0.01054458
Prevotella veroralis	0.0003319466
Rikenella microfusus	0.0008552295
Geobacter metallireducens	0.000578218
Clostridium collagenovorans	0.0003774125
[Clostridium] papyrosolvens	0.0003104775
[Clostridium] polysaccharolyticum	0.00096237
Clostridium puniceum	0.0007790245
[Clostridium] termitidis	0.001451985
Desulfotomaculum thermobenzoicum	0.0004923601
Staphylococcus saprophyticus	0.00098472
Streptococcus alactolyticus	0.0004778155
Syntrophobacter wolinii	0.0011951775
Chitinophaga arvensicola	0.0003563421
Pelobacter acetylenicus	0.000941773
Acholeplasma axanthum	0.000639495
Phascolarctobacterium faecium	0.0004416185
Sporolactobacillus dextrus	0.000671305
Coriobacterium glomerans	0.000602032
Rathayibacter rathayi	0.0006209555
Geobacillus thermoleovorans	0.000602032
Leuconostoc citreum	0.000908305
Leuconostoc pseudomesenteroides	0.0001766071
Moraxella osloensis	0.0003563421
Geobacter sulfurreducens	0.000529822
Heliobacterium modesticaldum	0.000746153
Lactobacillus pontis	0.001759155
Rickettsia massiliae	0.0004628866
Holophaga foetida	0.0017923195
Clostridium homopropionicum	0.00027701
Clostridium intestinale	0.0002100745
Clostridium quinii	0.0003197471
Corynebacterium pseudodiphtheriticum	0.0002435425
[Eubacterium] angustum	0.0004923601
Clostridium tarantellae	0.0009725135
Sulfurimonas denitrificans	0.0003319466
Anaerobranca horikoshii	0.0071069425
Thermopallium natronophilum	0.0001766071
Tissierella praeacuta	0.000456745
Pseudomonas alcaligenes	0.0054727676
Butyrivibrio proteoclasticus	0.0023570955
Catonella morbi	0.001734654
Enterococcus cecorum	0.0009272445
Paenibacillus macerans	0.000949973
Caldanaerobius polysaccharolyticus	0.001675154
Geothrix fermentans	0.000343945
Methylophaga marina	0.0001766071
Clostridium chauvoei	0.0005632895
Lautropia mirabilis	0.0006060276
[Clostridium] hungatei	0.00027701
Prosthecobacter debontii	0.00141393
[Eubacterium] saphenum	0.0006666225
Actinobacillus delphinicola	0.0010560345
Prevotella dentalis	0.000343945
Actinomyces gerencseriae	0.001018188
Anaerofilum agile	0.000782635
Corynebacterium coyleae	0.0003532145
Pseudomonas resinovorans	0.0066815176
Acidimicrobium ferrooxidans	0.0002100745
Brevibacillus choshinensis	0.0003563421
Schwartzia succinivorans	0.0006262305
Magnetospirillum gryphiswaldense	0.0220435295
Shewanella violacea	0.00041088
Paenibacillus mucilaginosus	0.000456745
Lachnoclostridium phytofermentans	0.0191861895
Streptomyces fasiculatus	0.000466014
Streptomyces alboflavus	0.0008748376
Streptomyces iakyrus	0.0001766071
Helcococcus ovis	0.0002100745
Kluyvera georgiana	0.002624508
Photobacterium profundum	0.0001766071
Maricaulis maris	0.0002100745
Campylobacter hominis	0.0026173345
Myroides odoratimimus	0.0001766071
Streptococcus constellatus	0.0016778835
Prevotella bryantii	0.0008583545
Prevotella albensis	0.0019155785
Bifidobacterium ruminantium	0.01524398
Rhizobium undicola	0.0016676275
Desulfosporosinus meridiei	0.0012422026
Bacillus halmapalus	0.000908305
Simplicispira psychrophila	0.000602032
Hyphomonas neptunium	0.0001766071
Gordonia rhizosphera	0.000726633
Succinivibrio dextrinosolvens	0.0001766071
Clostridium aceticum	0.0002100745
Clostridium autoethanogenum	0.0003319466
Clostridium roseum	0.00042015
Coriobacterium sp. CCUG 33917	0.003399105
Rothia nasimurium	0.0005258275
Thermacetogenium phaeum	0.000398882
Bacillus niacini	0.000704773
Natronincola histidinovorans	0.0002435425
Oligella ureolytica	0.0014101426
[Desulfobacterium] catecholicum	0.0011087826
Halomonas sp. MBIC2031	0.00027701
Sphingomonas aquatilis	0.0001766071
Thermicanus aegyptius	0.0004923601
Dyadobacter fermentans	0.0002100745
Clostridium gasigenes	0.000529822
Halobacteriovorax marinus	0.0015894685
Clostridium putrefaciens	0.0003774125
Pseudomonas alcaliphila	0.003189178
Tenacibaculum mesophilum	0.0001766071
Serratia sp. ATCC 39006	0.00248441
Opitutus terrae	0.0004536175
Desulfacinum hydrothermale	0.000949973
Thermoactinomyces sanguinis	0.0001766071
Streptococcus orisratti	0.0003104775
Streptomyces yogyakartensis	0.0001766071
Actinomyces suimastitidis	0.0010560345
Corynebacterium testudinoris	0.0076057676
Candidatus Hamiltonella defensa	0.000444348
Lachnobacterium bovis	0.0006378376
Lactobacillus iners	0.0002100745
Pseudoalteromonas issachenkonii	0.0007475095
Sporocytophaga myxococcoides	0.000883038
Reichenbachiella agariperforans	0.0007382405
Leptotrichia goodfellowii	0.0002435425
Bacillus shackletonii	0.002218045
Corynebacterium camporealensis	0.00259104
Acidiferrobacter thiooxydans	0.00042015
Dysgonomonas mossii	0.0004628866
Weissella koreensis	0.000672963
Anaerolinea thermophila	0.000721358
Paenibacillus anaericanus	0.000745172
Vibrio xuii	0.0006378376
Shuttleworthia satelles	0.0007733655
Clostridium colicanis	0.002900365
Desulfovibrio giganteus	0.001169318
Actinobacillus scotiae	0.0003104775
Desulfovibrio aespoeensis	0.0002100745
Megasphaera micronuciformis	0.004097155
Desulfovibrio hydrothermalis	0.0001766071
Candidatus Pelagibacter ubique	0.0007548255
Sulfurovum lithotrophicum	0.00055402
Actinomyces nasicola	0.0002435425
Clostridium carboxidivorans	0.0003532145
Candidatus Midichloria mitochondrii	0.0013479745
Lactobacillus tucceti	0.0008748376
Helcococcus sueciensis	0.000959243
Pseudomonas lutea	0.003122243
Cardinium endosymbiont of Encarsia pergandiella	0.000671305
Mahella australiensis	0.000671305
Pseudoclavibacter helvolus	0.0002100745
Psychrobacter maritimus	0.0003197471
Lentisphaera araneosa	0.001572995
Porphyromonas uenonis	0.0674526395
Fructobacillus durionis	0.0002100745
Xenorhabdus innexi	0.0007382405
Xenorhabdus szentirmaii	0.001901994
Roseivirga echinicomitans	0.0001766071
Prevotella baroniae	0.005591205
Bacteroides plebeius	0.12685387
Bacteroides pyogenes	0.001212055
Flavobacterium indicum	0.001935459
Emticicia oligotrophica	0.0004536175
Synechococcus sp. JA-3-3Ab	0.00267694
Pontibacter roseus	0.0001766071
Micavibrio aeruginosavorus	0.00027701
Clostridium cavendishii	0.0005258275
Natranaerobius thermophilus	0.0005592955
Bacteroides salanitronis	0.0002435425
Sulfurovum sp. NBC37-1	0.000456745
Deinococcus misasensis	0.0006378376
Porphyromonas crevioricanis	0.0002100745
Fulvivirga kasyanovii	0.000343945
Alicyclobacillus acidocaldarius	0.00042015
Pelobacter seleniigenes	0.0002435425
Caldicellulosiruptor kronotskyensis	0.0001766071
Nesterenkonia sp. YIM 90725	0.000602032
Prevotella amnii	0.000712685
Granulosicoccus antarcticus	0.0003319466
Acanthopleuribacter pedis	0.0003898095
Adlercreutzia equolifaciens	0.000466014
Glaciecola sp. HTCC2999	0.0004416185
Steroidobacter denitrificans	0.001008708
Ilumatobacter coccineus	0.00171046
Prevotella histicola	0.0012406595
Brevibacterium ravenspurgense	0.0003319466
Flavobacterium caeni	0.000672963
Salisaeta longa	0.002682575
Lactobacillus taiwanensis	0.000908305
Candidatus Azobacteroides pseudotrichonymphae	0.0003774125
Providencia burhodogranariea	0.000671305
Providencia sneebia	0.00171075
Mycobacterium vulneris	0.0028469795
Phycisphaera mikurensis	0.0003104775
Flavobacterium glycines	0.000721358
Slackia isoflavoniconvertens	0.06020174
Halomonas sp. YIM 90512	0.0004923601
Oceanobacillus sojae	0.0005592955
Pseudomonas chlororaphis	0.0012422026
Prevotella dentasini	0.000511283
Collinsella tanakaei	0.002664935
Lactobacillus florum	0.001270789
Prevotella sp. oral taxon 299	0.00027701
Candidatus Koribacter versatilis	0.0002435425
Pseudomonas composti	0.010945585
Bacillus sp. 1NLA3E	0.00171046
Ohtaekwangia koreensis	0.002048745
Clostridium sp. BNL1100	0.001598733
Bifidobacterium sp. JCM 7042	0.001106385
Lactobacillus saniviri	0.000466014
Dichotomicrobium thermohalophilum	0.0001766071
Ilyobacter delafieldii	0.0021416275
Caldicoprobacter faecalis	0.0002100745
Arcobacter sp. L	0.00027701
Vibrio maritimus	0.0002435425
Bacillus berkeleyi	0.0006378376
Pedobacter kyungheensis	0.0003197471
Weissella fabalis	0.0003197471
Psychrobacter sp. NBRC 101052	0.0001766071
Weissella sp. NBRC 107245	0.0002100745
Ponticaulis koreensis	0.00041088
Paenibacillus beijingensis	0.0001766071
Hymenobacter sp. I/74-Cor2	0.0001766071
Dehalobacter sp. CF	0.0006378376
Peptostreptococcus canis	0.0006378376
Kofleria sp. DSM 53797	0.0003532145
Blattabacterium sp. (Nauphoeta cinerea)	0.000672963
Exiguobacterium sp. MH3	0.0005592955
Corynebacterium sp. ATCC 6931	0.0001766071
Bifidobacterium commune	0.001106385
Rathayibacter tanaceti	0.0011136995
Clostridium sp. ATCC 25772	0.0005205525
Hyphomicrobium vulgare	6.69352e-05
Hyphomonas jannaschiana	6.69352e-05
Stella humosa	6.69352e-05
Gimesia maris	0.000468546
Pirellula staleyi	6.69352e-05
Spirochaeta bajacaliforniensis	0.000200806
Treponema saccharophilum	6.69352e-05
Novispirillum itersonii	0.000286279
Campylobacter concisus	0.000602417
Campylobacter curvus	0.00168274
Campylobacter rectus	6.69352e-05
Flavobacterium aquatile	6.69352e-05
Myroides odoratus	6.69352e-05
Sphingobacterium thalpophilum	0.000602417
Francisella tularensis	0.00215063
Pseudomonas putida	0.00604368
Pseudomonas stutzeri	0.0181311
Acetobacter aceti	6.69352e-05
Acetobacter pasteurianus	0.000200806
Neisseria mucosa	6.69352e-05
Psychrobacter immobilis	0.00120874
Chromobacterium violaceum	6.69352e-05
Eikenella corrodens	0.0120874
Pantoea ananatis	0.000200806
Providencia stuartii	0.000401611
Xenorhabdus nematophila	0.00013387
Yersinia pestis	6.69352e-05
Arsenophonus nasoniae	0.000200806
Vibrio alginolyticus	0.000267741
Vibrio gazogenes	6.69352e-05
Aggregatibacter actinomycetemcomitans	0.000267741
Actinobacillus pleuropneumoniae	6.69352e-05
Actinobacillus ureae	0.000267741
Haemophilus influenzae	0.00362621
[Haemophilus] ducreyi	0.000200806
Histophilus somni	6.69352e-05
Aggregatibacter aphrophilus	0.000736287
Haemophilus paraphrohaemolyticus	0.000267741
[Haemophilus] parasuis	6.69352e-05
Pasteurella multocida	0.00013387
Anaplasma centrale	6.69352e-05
Coxiella burnetii	0.000401611
Orientia tsutsugamushi	6.69352e-05
Oxalobacter formigenes	0.000286279
Fusobacterium perfoetens	0.00183557
Fusobacterium simiae	0.000334676
Syntrophomonas wolfei	6.69352e-05
Pectinatus frisingensis	0.000401611
Ruminobacter amylophilus	0.000334676
Desulfobulbus propionicus	0.000200806
Thiomonas intermedia	6.69352e-05
Thiobacillus thioparus	6.69352e-05
Ehrlichia chaffeensis	6.69352e-05
Bacteriovorax stolpii	0.000286279
Pedobacter heparinus	6.69352e-05
Flexibacter flexilis	6.69352e-05
Chitinophaga sancti	0.000334676
Marivirga sericea	6.69352e-05
Halorhodospira halophila	6.69352e-05
Rhodopseudomonas palustris	0.000334676
Chloroflexus aurantiacus	0.00013387
Leuconostoc gelidum	0.000917785
Pediococcus pentosaceus	6.69352e-05
Staphylococcus sciuri	0.000334676
Streptococcus sobrinus	6.69352e-05
Streptococcus pyogenes	0.00241747
Streptococcus anginosus	0.000200806
Lactococcus piscium	0.000334676
Lactococcus plantarum	6.69352e-05
Aneurinibacillus aneurinilyticus	6.69352e-05
Brevibacillus brevis	0.000917785
Bacillus circulans	6.69352e-05
Bacillus coagulans	0.000535481
Paenibacillus lautus	0.000286279
Bacillus mycoides	0.00013387
Bacillus cellulosilyticus	0.00013387
Bacillus mannanilyticus	6.69352e-05
Bacillus alcalophilus	0.000917785
Amphibacillus xylanus	0.00013387
Paenibacillus pabuli	6.69352e-05
Bacillus smithii	6.69352e-05
Clostridioides difficile	0.000937092
Hathewaya histolytica	0.000267741
[Clostridium] josui	0.00013387
[Clostridium] sticklandii	0.000468546
Clostridium tyrobutyricum	0.000917785
Anaerocolumna aminovalerica	0.00013387
Clostridioides mangenotii	0.000200806
Clostridium novyi	6.69352e-05
[Clostridium] oroticum	0.000267741
Clostridium subterminale	0.00168274
Clostridium aurantibutyricum	6.69352e-05
Clostridium tetanomorphum	0.00013387
Gottschalkia acidurici	6.69352e-05
Lactobacillus amylovorus	0.00120874
Lactobacillus fructivorans	0.000286279
Weissella kandleri	6.69352e-05
Lactobacillus mali	6.69352e-05
Bifidobacterium magnum	0.000334676
Brevibacterium epidermidis	6.69352e-05
Corynebacterium stationis	6.69352e-05
Corynebacterium glutamicum	0.000267741
Corynebacterium renale	0.000917785
Eubacterium acidaminophilum	6.69352e-05
Eubacterium oxidoreducens	0.00013387
[Eubacterium] tenue	0.000286279
Propionibacterium propionicum	6.69352e-05
Mycobacterium avium	6.69352e-05
Mycobacterium fortuitum	6.69352e-05
Mycobacterium phlei	0.000669352
Mycobacterium cookii	6.69352e-05
Rhodococcus fascians	0.00241747
Rhodococcus ruber	6.69352e-05
Streptomyces griseus	6.69352e-05
Streptomyces phaeochromogenes	0.000334676
Microbacterium testaceum	6.69352e-05
Sphaerobacter thermophilus	0.00013387
Mycoplasma mobile	6.69352e-05
Spiroplasma ixodetis	0.000286279
Acholeplasma laidlawii	0.00171768
Methanobrevibacter smithii	0.00193725
Desulfobacterium vacuolatum	0.000286279
Thermoanaerobacter kivui	6.69352e-05
Halanaerobium praevalens	6.69352e-05
Desulfomonile tiedjei	6.69352e-05
Fervidobacterium nodosum	0.000267741
Hirschia baltica	0.00013387
Symbiobacterium thermophilum	0.000286279
Marinobacter hydrocarbonoclasticus	6.69352e-05
Carnobacterium maltaromaticum	0.000645749
Corynebacterium flavescens	6.69352e-05
Nitrospirillum amazonense	0.000286279
Acinetobacter lwoffii	6.69352e-05
Alteromonas macleodii	6.69352e-05
Fibrobacter intestinalis	0.000267741
Prevotella melaninogenica	0.000468546
Prevotella nigrescens	0.000200806
Cronobacter sakazakii	0.00261047
Yersinia kristensenii	0.000200806
Arcobacter nitrofigilis	6.69352e-05
Mycoplasma penetrans	6.69352e-05
Petrotoga miotherma	0.00013387
Marinomonas communis	0.000267741
[Clostridium] paradoxum	0.000200806
Clostridium thermobutyricum	0.00120874
Dolosigranulum pigrum	0.000200806
Pseudomonas flavescens	0.00241747
Flavobacterium pectinovorum	0.00013387
Pelobacter propionicus	0.000596958
Halothermothrix orenii	6.69352e-05
Amycolatopsis orientalis	0.00275335
Helicobacter hepaticus	6.69352e-05
Synechococcus sp. WH 7803	6.69352e-05
Propionimicrobium lymphophilum	6.69352e-05
Blautia producta	0.00013387
Candidatus Kinetoplastibacterium crithidii	6.69352e-05
Acidithiobacillus caldus	0.000200806
Gloeobacter violaceus	0.000334676
Acidobacterium capsulatum	0.00120874
Microbacterium lacticum	6.69352e-05
Aeribacillus pallidus	0.00013387
Brevibacillus thermoruber	6.69352e-05
Kurthia gibsonii	0.000645749
Rickettsia bellii	6.69352e-05
Rickettsia montanensis	6.69352e-05
Rickettsia rhipicephali	6.69352e-05
Azospirillum halopraeferens	0.000572559
Rahnella aquatilis	6.69352e-05
Riemerella anatipestifer	0.00120874
Sphingobacterium faecium	6.69352e-05
Streptomyces mobaraensis	6.69352e-05
Heliophilum fasciatum	6.69352e-05
Coprothermobacter proteolyticus	0.000286279
Ehrlichia muris	6.69352e-05
Rhodovulum sulfidophilum	6.69352e-05
Mycoplasma feliminutum	0.00013387
Corynebacterium bovis	6.69352e-05
Clostridium celatum	6.69352e-05
Terrisporobacter glycolicus	6.69352e-05
Clostridium halophilum	0.00013387
Porphyromonas canoris	0.000286279
Kineococcus aurantiacus	0.00013387
Flavobacterium hibernum	6.69352e-05
Dietzia maris	0.00215063
Corynebacterium afermentans	0.000334676
Corynebacterium jeikeium	0.00013387
Corynebacterium tuberculostearicum	0.00013387
Rhodococcus coprophilus	0.00013387
Rhodococcus marinonascens	6.69352e-05
Rhodococcus rhodnii	6.69352e-05
Bacillus oleronius	0.00120874
[Eubacterium] contortum	0.0014314
Methylomicrobium agile	6.69352e-05
Acinetobacter johnsonii	0.00013387
Acinetobacter junii	0.000267741
Legionella tucsonensis	0.000286279
Sneathia sanguinegens	6.69352e-05
Sphingomonas mali	0.00013387
Sphingomonas pruni	6.69352e-05
Saccharomonospora glauca	6.69352e-05
Rubrobacter radiotolerans	6.69352e-05
Tsukamurella inchonensis	6.69352e-05
Ammonifex degensii	0.000286279
Rhodococcus equi	6.69352e-05
Syntrophus buswellii	6.69352e-05
Bradyrhizobium liaoningense	0.000645749
Caldicellulosiruptor saccharolyticus	6.69352e-05
Ferrimonas balearica	6.69352e-05
Streptomyces macrosporus	6.69352e-05
Paenibacillus alvei	0.000736287
Paenibacillus durus	6.69352e-05
Desulfohalobium retbaense	0.00119392
Anabaena sp. 90	6.69352e-05
Weissella hellenica	6.69352e-05
Spirochaeta africana	6.69352e-05
Thermosipho melanesiensis	6.69352e-05
Dethiosulfovibrio peptidovorans	0.000286279
Desulfovibrio gracilis	0.000286279
Lactobacillus panis	0.00336547
Rickettsia peacockii	6.69352e-05
Sporomusa sphaeroides	0.00127177
Lactobacillus rhamnosus	0.00107096
Pseudomonas fulva	0.00604368
Pseudomonas taetrolens	0.00120874
Marinobacterium georgiense	0.00013387
Acinetobacter pittii	0.000200806
Prosthecobacter vanneervenii	0.000286279
Candidatus Arthromitus sp. SFB-mouse	6.69352e-05
Desulfitobacterium hafniense	0.000917785
Wigglesworthia glossinidia	0.00013387
Desulfitobacterium chlororespirans	0.00013387
Pediococcus damnosus	6.69352e-05
Meiothermus silvanus	6.69352e-05
Acetobacterium carbinolicum	0.00119392
Acetobacterium malicum	0.000401611
Acetobacterium paludosum	0.000200806
Actinomyces meyeri	0.00362621
Desulfonatronovibrio hydrogenovorans	6.69352e-05
Sphingomonas trueperi	0.00013387
Pseudomonas citronellolis	0.00120874
Thermodesulfovibrio islandicus	0.000286279
Nocardia salmonicida	0.00168274
Lactobacillus lindneri	0.00013387
Anaerococcus octavius	0.00013387
Brevibacillus parabrevis	6.69352e-05
Deinococcus proteolyticus	0.000286279
Pantoea cypripedii	0.000200806
Vibrio anguillarum	6.69352e-05
Xanthomonas vesicatoria	0.000286279
Deinococcus radiopugnans	6.69352e-05
Desulfotomaculum thermosapovorans	6.69352e-05
Paenibacillus sp.	6.69352e-05
Streptococcus macedonicus	0.000596958
Actinotignum schaalii	0.0253835
Desulfotomaculum reducens	0.000267741
Candidatus Phytoplasma australiense	6.69352e-05
Paenibacillus kobensis	0.000286279
Paenibacillus illinoisensis	0.000535481
Prevotella pallens	0.000468546
Lamprocystis purpurea	6.69352e-05
Shewanella baltica	6.69352e-05
Sodalis glossinidius	0.000572559
Nevskia ramosa	6.69352e-05
Tetragenococcus muriaticus	0.000200806
Terasakiella pusilla	6.69352e-05
Actinocorallia aurea	0.00168274
Wolbachia sp. wRi	0.00215063
Streptomyces cinereoruber	0.00120874
Streptomyces flocculus	6.69352e-05
Streptomyces lavenduligriseus	0.000286279
Muribacter muris	6.69352e-05
Haemophilus influenzae-murium	6.69352e-05
Streptomyces spectabilis	0.00120874
Thiocapsa rosea	6.69352e-05
Caulobacter henricii	0.00013387
Azotobacter salinestris	6.69352e-05
Pseudomonas plecoglossicida	0.00362621
Shewanella pealeana	0.00013387
Vibrio halioticoli	0.00013387
Brenneria alni	0.00194112
Lonsdalea quercina	6.69352e-05
Kocuria rhizophila	0.000917785
Campylobacter lanienae	6.69352e-05
Neptunomonas naphthovorans	0.00120874
Prevotella enoeca	0.00013387
Acidiphilium acidophilum	0.000917785
Pseudomonas monteilii	0.0108786
Sphingomonas roseiflava	0.000572559
Solibacillus silvestris	0.00168274
Thiorhodovibrio winogradskyi	0.00846116
Halomonas aquamarina	0.00120874
Succinispira mobilis	0.00275335
Mycobacterium canettii	0.00120874
Mycoplasma alvi	0.000286279
Paenibacillus ehimensis	0.00013387
Bacillus pseudofirmus	0.000917785
Herbaspirillum rubrisubalbicans	0.000572559
Acidovorax citrulli	0.00215063
Curvibacter delicatus	0.000858838
Treponema brennaborense	6.69352e-05
Pseudoalteromonas elyakovii	6.69352e-05
Geobacillus caldoxylosilyticus	0.00013387
Eubacterium aggregans	0.00120874
Thermanaerovibrio acidaminovorans	6.69352e-05
Aminobacterium mobile	6.69352e-05
Aminobacterium colombiense	0.000334676
Streptococcus pluranimalium	0.00013387
Anaerovibrio lipolyticus	0.000267741
Succinimonas amylolytica	6.69352e-05
Methanobrevibacter ruminantium	0.000286279
Syntrophococcus sucromutans	0.000645749
Gordonia alkanivorans	0.000917785
Alcanivorax sp. K2-1	0.00013387
Thauera sp. MZ1T	6.69352e-05
Chlamydia pecorum	6.69352e-05
Idiomarina abyssalis	0.000572559
Pseudomonas pertucinogena	0.000645749
Pseudomonas halophila	6.69352e-05
Pseudomonas thivervalensis	6.69352e-05
Mogibacterium pumilum	0.000535481
Jeotgalibacillus marinus	6.69352e-05
Pectinatus cerevisiiphilus	0.000200806
Propionispira raffinosivorans	0.000334676
Halomonas sp. MBIC1142	6.69352e-05
Aerococcus christensenii	6.69352e-05
Treponema primitia	0.000286279
Lactobacillus manihotivorans	0.00168274
Agromyces rhizospherae	0.000200806
Caulobacter segnis	0.000401611
Lactobacillus acidipiscis	0.000200806
Alicyclobacillus hesperidum	0.00013387
Moraxella lincolnii	6.69352e-05
Oligella urethralis	0.00367114
Desulfatiglans anilini	6.69352e-05
Alicyclobacillus tolerans	6.69352e-05
Pandoraea apista	0.000645749
Fervidobacterium pennivorans	0.00013387
Bordetella petrii	0.000286279
Legionella drozanskii	6.69352e-05
Anaerobaculum mobile	6.69352e-05
Pseudomonas sp. MBIC2027	0.00604368
Cryomorpha ignava	0.00013387
Desulfotomaculum sapomandens	6.69352e-05
Proteus penneri	0.113254
Actinomyces urogenitalis	0.000917785
Lactobacillus algidus	0.000200806
Acinetobacter bereziniae	6.69352e-05
Thermanaerovibrio velox	0.000286279
Lactobacillus jensenii	0.00168274
Geitlerinema sp. PCC 9228	6.69352e-05
Psychrobacter pacificensis	0.00013387
Ignatzschineria larvae	0.000917785
Cryptosporangium minutisporangium	0.00215063
Lactobacillus psittaci	0.00841368
Bulleidia extructa	0.000917785
Cupriavidus metallidurans	0.000917785
Syntrophobacter fumaroxidans	6.69352e-05
Acidithiobacillus albertensis	6.69352e-05
Roseiflexus castenholzii	0.000200806
Ferrimicrobium acidiphilum	0.00013387
Heliorestis baculata	6.69352e-05
Alicyclobacillus herbarius	0.000286279
Microbacterium sp. VKM Ac-2014	6.69352e-05
Helicobacter canadensis	6.69352e-05
Ornithinimicrobium humiphilum	0.000917785
Psychrobacillus psychrodurans	6.69352e-05
Desulfovibrio desulfuricans subsp. aestuarii	6.69352e-05
Albibacter methylovorans	0.000572559
Paraburkholderia caledonica	0.00314907
Selenomonas infelix	0.000602417
Selenomonas noxia	0.000602417
Weissella cibaria	6.69352e-05
Vibrio albensis	6.69352e-05
Nocardiopsis kunsanensis	6.69352e-05
Selenihalanaerobacter shriftii	0.000286279
Carnobacterium inhibens	0.000645749
Lactobacillus kunkeei	6.69352e-05
Marinitoga piezophila	6.69352e-05
Streptococcus lutetiensis	6.69352e-05
Halonatronum saccharophilum	0.000596958
Shewanella livingstonensis	6.69352e-05
Gemella cuniculi	0.00336547
Pseudopedobacter saltans	0.00013387
Conchiformibius steedae	0.000286279
Enterococcus moraviensis	0.000645749
Corynebacterium imitans	0.000286279
Salinicoccus hispanicus	0.00120874
Leptotrichia wadei	6.69352e-05
Leptotrichia hofstadii	6.69352e-05
Enterobacter hormaechei	6.69352e-05
Collimonas fungivorans	6.69352e-05
Corynebacterium casei	6.69352e-05
Enterococcus gilvus	0.000468546
Corynebacterium kroppenstedtii	0.00241747
Corynebacterium appendicis	0.000917785
Actinomadura latina	6.69352e-05
Nocardiopsis umidischolae	6.69352e-05
Blattabacterium punctulatus	0.00013387
Cupriavidus taiwanensis	6.69352e-05
Sporanaerobacter acetigenes	0.00013387
Marvinbryantia formatexigens	6.69352e-05
Paenibacillus agaridevorans	0.000286279
Lactobacillus pantheris	6.69352e-05
Rothia aeria	0.000200806
Brachybacterium paraconglomeratum	0.00013387
Brevibacillus invocatus	6.69352e-05
Bacillus luciferensis	6.69352e-05
Actinomyces cardiffensis	6.69352e-05
Agarivorans albus	6.69352e-05
Aurantimonas coralicida	6.69352e-05
Kribbella flavida	6.69352e-05
Proteus hauseri	0.00846116
Thermodesulfobium narugense	0.000334676
Crocinitomix catalasitica	0.00013387
Varibaculum cambriense	0.000645749
Butyrivibrio hungatei	0.000334676
Propionicimonas paludicola	0.00013387
Prevotella oryzae	0.000200806
Caldithrix abyssi	0.00013387
Corynebacterium glaucum	6.69352e-05
Arenibacter troitsensis	0.00153951
Paenibacillus odorifer	0.00013387
Prevotella marshii	0.00013387
Pseudomonas sp. VKM B-2265	0.00120874
Corynebacterium atypicum	0.0013387
Thermoleophilum minutum	6.69352e-05
Methylobacterium sp. BF10	0.000200806
Methylobacterium sp. PC30.44	6.69352e-05
Sphingomonas sp. ATCC 31555	0.00013387
Ectothiorhodospira mobilis	0.000596958
Synechococcus sp. PCC 7336	0.000286279
Gillisia limnaea	6.69352e-05
Aeromonas dhakensis	0.000200806
Nocardioides sp. JS614	0.00013387
Halobacillus sp. YIM-kkny2	0.000286279
Moorella mulderi	0.000267741
Lysinibacillus odysseyi	0.00013387
Derxia gummosa	0.000917785
Alkaliphilus metalliredigens	0.000267741
Amycolatopsis balhimycina	0.000286279
Vibrio tasmaniensis	0.000267741
Treponema caldarium	6.69352e-05
Enhygromyxa salina	0.000267741
Lactobacillus spicheri	0.00013387
Spiroplasma velocicrescens	0.000200806
Stella vacuolata	6.69352e-05
Meganema perideroedes	0.00114512
Psychrobacter adeliensis	6.69352e-05
Clostridium tunisiense	6.69352e-05
Bacillus soli	0.000596958
Desulfovibrio brasiliensis	6.69352e-05
Nesterenkonia xinjiangensis	0.000286279
Comamonas aquatica	0.00846116
Comamonas kerstersii	0.00120874
Corynebacterium ciconiae	6.69352e-05
Lactobacillus antri	0.00168274
Aster yellows witches'-broom phytoplasma	0.00013387
Streptococcus minor	6.69352e-05
Saccharibacter floricola	0.000917785
Effusibacillus pohliae	6.69352e-05
Lactobacillus paracollinoides	0.0572131
Prevotella bergensis	0.00168274
Hoeflea phototrophica	0.000286279
Nautilia profundicola	6.69352e-05
Gordonia otitidis	0.000917785
Candidatus Blochmannia vafer	0.00362621
Soehngenia saccharolytica	6.69352e-05
Glutamicibacter arilaitensis	0.000917785
Porphyromonas gingivicanis	0.000286279
Acinetobacter sp. LMG TH120	6.69352e-05
Pontibacillus marinus	0.000267741
Exiguobacterium marinum	0.000200806
Microbacterium hydrocarbonoxydans	0.00013387
Roseivirga ehrenbergii	6.69352e-05
Suttonella ornithocola	6.69352e-05
Staphylococcus pseudintermedius	0.000917785
Streptomyces violaceorubidus	0.00120874
Bacillus koreensis	0.000267741
Carboxydocella sporoproducens	0.00120874
Streptomyces mucoflavus	0.00241747
Alkaliflexus imshenetskii	0.000858838
Balneola vulgaris	0.00013387
Marinitoga hydrogenitolerans	6.69352e-05
Kordiimonas gwangyangensis	0.000286279
Tetragenococcus koreensis	6.69352e-05
Photorhabdus asymbiotica	6.69352e-05
Thermosediminibacter oceani	0.000917785
Flavonifractor plautii	6.69352e-05
Agromyces subbeticus	6.69352e-05
Spiroplasma platyhelix	0.000267741
Bacillus alkalitelluris	0.000917785
Marinimicrobium agarilyticum	6.69352e-05
Lactobacillus apodemi	0.00013387
Oceanicaulis sp. HTCC2633	0.00120874
Alteromonas mediterranea	0.000645749
Psychromonas sp. CNPT3	0.00013387
Prolixibacter bellariivorans	0.00013387
Leadbetterella byssophila	6.69352e-05
Syntrophus aciditrophicus	6.69352e-05
Sharpea azabuensis	0.00183557
Neisseria animaloris	0.000286279
Sphingomonas rhizogenes	0.000286279
Sphingomonas azotifigens	6.69352e-05
Dethiosulfatibacter aminovorans	0.000535481
Truepera radiovictrix	6.69352e-05
Providencia heimbachae	0.00120874
Gordonia sp. KTR9	0.00120874
Thermodesulfovibrio thiophilus	0.000286279
Pectinatus haikarae	0.00214193
Flavobacterium suncheonense	0.000669352
Alloscardovia criceti	6.69352e-05
Roseiflexus sp. RS-1	0.0012915
Acidovorax sp. KKS102	0.000286279
Shewanella loihica	0.00120874
Flavobacterium aquidurense	0.00120874
Ktedonobacter racemifer	0.000334676
Bacillus panaciterrae	6.69352e-05
Thiomonas delicata	0.00013387
Verminephrobacter eiseniae	0.000286279
Caulobacter sp. K31	0.00013387
Deinococcus yunweiensis	0.000286279
Rhodobacterales bacterium HTCC2255	6.69352e-05
Blattabacterium sp. (Periplaneta americana)	0.000200806
Blattabacterium sp. (Blatta orientalis)	6.69352e-05
Halomonas sp. YIM DKMY60	0.000200806
Alkalibacillus halophilus	6.69352e-05
Zhihengliuella halotolerans	6.69352e-05
Calditerricola satsumensis	6.69352e-05
Paraferrimonas sedimenticola	6.69352e-05
Sediminitomix flava	0.000286279
Lactobacillus namurensis	6.69352e-05
Nitratiruptor sp. SB155-2	0.000645749
Zeaxanthinibacter enoshimensis	6.69352e-05
Alicyclobacillus macrosporangiidus	6.69352e-05
Geoalkalibacter ferrihydriticus	0.000401611
Lactobacillus aquaticus	0.00013387
Bacteroides propionicifaciens	0.0014314
Lactobacillus composti	0.00168274
Microbacterium ginsengisoli	0.00013387
Rahnella sp. BIHB 783	0.000917785
Syntrophomonas palmitatica	0.000200806
Streptomyces radiopugnans	6.69352e-05
Flavobacterium terrae	0.000267741
Nodosilinea nodulosa	6.69352e-05
Flavobacterium cucumis	0.000200806
Nesterenkonia sp. YIM 90719	0.000286279
Lactobacillus equigenerosi	0.00673095
Litoricola lipolytica	0.00120874
Ochrobactrum pseudogrignonense	6.69352e-05
Ectothiorhodospira haloalkaliphila	6.69352e-05
Elusimicrobium minutum	6.69352e-05
Cellulosilyticum ruminicola	0.000736287
Flavobacterium subsaxonicum	0.000286279
Sediminibacterium salmoneum	0.00013387
Fulvibacter tottoriensis	6.69352e-05
Nitriliruptor alkaliphilus	6.69352e-05
Desulfurivibrio alkaliphilus	0.00013387
Jonquetella anthropi	6.69352e-05
Porticoccus litoralis	0.00168274
Corynebacterium massiliense	0.000572559
Geobacter sp. M18	0.00013387
Thiofaba tepidiphila	0.000468546
Rhodoplanes piscinae	6.69352e-05
Streptomyces sp. HBUM 87473	0.000917785
Actinopolymorpha rutila	6.69352e-05
Anaeromyxobacter sp. K	0.000200806
Desulfarculus baarsii	6.69352e-05
Bdellovibrio exovorus	6.69352e-05
Joostella marina	0.00180725
Paraprevotella xylaniphila	0.000596958
Gracilimonas tropica	6.69352e-05
Spongiibacter tropicus	6.69352e-05
Desulfovibrio marinisediminis	6.69352e-05
Nakamurella lactea	6.69352e-05
Singulisphaera acidiphila	6.69352e-05
Bacillus sp. YIM C209	6.69352e-05
Pantoea eucalypti	6.69352e-05
Candidatus Desulforudis audaxviator	6.69352e-05
Pseudomonas sabulinigri	0.000286279
Pedobacter nyackensis	6.69352e-05
Modestobacter marinus	0.000870157
Calditerrivibrio nitroreducens	6.69352e-05
Chloroflexus sp. Y-400-fl	0.000286279
Lactobacillus odoratitofui	0.355057
Lactobacillus fabifermentans	0.00168274
Paenibacillus taichungensis	6.69352e-05
Burkholderia contaminans	0.00645189
Paeniglutamicibacter antarcticus	0.00013387
Paenibacillus glacialis	0.000917785
Hymenobacter daecheongensis	0.00013387
Thermoanaerobacter pseudethanolicus	0.000596958
Tepidanaerobacter acetatoxydans	0.00013387
Agrococcus versicolor	0.00215063
Leucobacter tardus	6.69352e-05
Bifidobacterium mongoliense	0.00207499
Vagococcus teuberi	0.000645749
Lactobacillus sp. KLDS 1.0716	0.496407
Lactobacillus sp. KLDS 1.0718	0.00504821
Adhaeribacter terreus	0.00013387
Saccharopolyspora endophytica	6.69352e-05
Arcobacter thereius	6.69352e-05
Alicyclobacillus aeris	6.69352e-05
Dietzia lutea	6.69352e-05
Shewanella fodinae	0.000200806
Dehalogenimonas lykanthroporepellens	6.69352e-05
Flavobacterium chungangense	0.000286279
Celerinatantimonas yamalensis	0.00013387
Maribacter arcticus	0.000286279
Desulfonauticus autotrophicus	6.69352e-05
Micrococcus yunnanensis	6.69352e-05
Umboniibacter marinipuniceus	0.00120874
Psychrobacter sp. G	0.00120874
Pedobacter luteus	6.69352e-05
Wandonia haliotis	6.69352e-05
Niabella yanshanensis	6.69352e-05
Brevundimonas naejangsanensis	0.000572559
Ruminococcus faecis	6.69352e-05
Desulfovibrio sp. VKM B-2200	0.000286279
Amnibacterium kyonggiense	6.69352e-05
Aeromonas piscicola	6.69352e-05
Planococcus salinarum	6.69352e-05
Aeromonas sanarellii	0.000267741
Cocleimonas flava	0.000286279
Aeromonas rivuli	6.69352e-05
Pseudomonas bauzanensis	6.69352e-05
Halanaerobium hydrogeniformans	6.69352e-05
Salinirepens amamiensis	6.69352e-05
Paenibacillus pinihumi	6.69352e-05
Segetibacter aerophilus	6.69352e-05
Selenomonas artemidis	0.000200806
Bacillus luteolus	0.000917785
Flavobacterium haoranii	6.69352e-05
Reichenbachiella faecimaris	6.69352e-05
Caldisericum exile	0.00120483
Bifidobacterium sp. JCM 6439	0.000535481
Pseudomonas flexibilis	6.69352e-05
Delftia sp. Cs1-4	6.69352e-05
Methylophaga frappieri	6.69352e-05
Peptoniphilus coxii	0.00229024
Candidatus Puniceispirillum marinum	0.000286279
Sphingobacterium lactis	0.000286279
Sphingobacterium alimentarium	6.69352e-05
alpha proteobacterium HIMB5	0.000286279
Lactobacillus ozensis	6.69352e-05
Lactobacillus pasteurii	0.00168274
Bacillus sp. IHB B 2291	6.69352e-05
Bacillus sp. IHB B 2296	6.69352e-05
Peptoniphilus methioninivorax	0.000286279
Caldanaerobacter subterraneus	0.00013387
Bacillus halosaccharovorans	0.00013387
Marinomonas posidonica	0.00013387
Acidicapsa borealis	6.69352e-05
Jeotgalicoccus sp. ATCC 8456	6.69352e-05
Bacillus sp. CCUG 60788	0.00013387
Candidatus Pelagibacter sp. IMCC9063	0.000468546
Saprospiraceae bacterium KMM 9006	6.69352e-05
Pusillimonas sp. T7-7	0.000858838
Actinophytocola sp. YIM 75635	0.000267741
Aggregatibacter sp. CCUG 36139	0.00013387
Brenneria goodwinii	0.00013387
Bacillus sp. NBRC 3527	0.00013387
Paenibacillus sp. NBRC 13630	6.69352e-05
Lactobacillus sp. NBRC 14512	0.00168274
Sphingobacterium sp. NBRC 15340	0.000286279
Psychrobacter sp. NBRC 15736	0.000286279
Halomonas sp. NBRC 100990	6.69352e-05
Bacillus sp. NBRC 101223	0.000645749
Bacillus sp. NBRC 101250	0.000917785
Hymenobacter sp. NBRC 101361	6.69352e-05
Flavobacterium sp. NBRC 101627	6.69352e-05
Marinobacter sp. NBRC 101712	0.000286279
Lactococcus sp. NBRC 106007	0.00168274
Lactobacillus sp. NBRC 107226	0.000286279
Weissella sp. NBRC 107272	0.00120874
Flavobacterium piscis	0.000602417
Magnetococcus marinus	0.000401611
Klebsiella michiganensis	0.00120874
Brevibacterium siliguriense	0.000334676
Endozoicomonas numazuensis	0.000286279
Nocardia vulneris	0.000917785
Paenibacillus frigoriresistens	0.00120874
Paenibacillus sp. YIM 110206	0.00013387
Streptococcus sp. I-P16	0.000334676
Leptolyngbya sp. PCC 6406	0.00013387
Komagataeibacter medellinensis	6.69352e-05
Methyloligella halotolerans	6.69352e-05
Mesotoga prima	0.00013387
Flavobacterium akiainvivens	0.000286279
Geobacter daltonii	0.000535481
Candidatus Pantoea carbekii	0.000200806
Thalassomonas sp. KMM 6739	0.000286279
Liberibacter crescens	0.000286279
Halomonas qiaohouensis	6.69352e-05
Idiomarina woesei	0.00013387
Vulgatibacter incomptus	0.00168274
Labilithrix luteola	0.00013387
Corynebacterium glyciniphilum	6.69352e-05
Chitinimonas sp. YIM 77919	6.69352e-05
Sphaerochaeta sp. DSM 26296	6.69352e-05
Hyphomicrobium nitrativorans	0.00013387
Nesterenkonia aurantiaca	0.000917785
Streptomyces sp. NRRL F-5630	0.00120874
Lactococcus laudensis	0.000286279
Lactococcus hircilactis	6.69352e-05
Lactobacillus bombicola	0.000200806
Convivina intestini	0.00168274
Enteractinococcus sp. YIM 101617	0.000286279
Rheinheimera japonica	6.69352e-05
Wenzhouxiangella marina	0.00120874
Streptomyces sp. NRRL F-4428	0.00013387
Flavobacterium sp. KCTC 42148	6.69352e-05
Bifidobacterium aquikefiri	0.000200806
Pseudomonas sp. NBRC 111135	0.0181311
Pseudomonas sp. NBRC 111140	6.69352e-05
Pseudomonas sp. NBRC 111144	0.00362621
Acidithiobacillus ferriphilus	0.000286279
Nitratireductor sp. 2-2-12-1	0.000286279
Aeromicrobium sp. YIM Y47	0.000401611
Akkermansia sp. MC_55	0.000645749
Acidovorax sp. JCM 10072	0.00220886
Shigella sp. SF-2015	6.69352e-05
Colwellia sediminilitoris	6.69352e-05
Eubacterium sp. JCM 9976	0.000596958
Corynebacterium sp. YIM 101587	0.000572559
Paenibacillus sp. BIHB4019	0.00013387
