id,name
999468,Sphingobacterium sp. LMG 8345
996800,Maribacter sp. KMM 6377
996797,Sphingobacterium sp. KMM 6384
996342,Marivita hallyeonensis
99598,Calothrix sp. PCC 7507
994650,Sphingomonas sp. KOPRI 25661
994649,Pseudorhodobacter sp. KOPRI 25878
994646,Olleya sp. KOPRI 25859
994632,Olleya sp. KOPRI 25580
994627,Olleya sp. KOPRI 25570
994622,Mucilaginibacter sp. KOPRI 25889
994621,Mucilaginibacter sp. KOPRI 25884
994620,Arthrobacter sp. KOPRI 25980
994617,Arthrobacter sp. KOPRI 25808
994609,Arthrobacter sp. KOPRI 25755
994608,Arthrobacter sp. KOPRI 25754
994604,Arthrobacter sp. KOPRI 25688
994602,Arthrobacter sp. KOPRI 25560
99380,marine bacillus NRRLB-14909
99379,marine bacillus NRRLB-14911
99376,marine bacillus NRRLB-14907
99375,marine bacillus NRRLB-14906
99374,marine bacillus NRRLB-14905
99372,marine bacillus NRRLB-14910
989403,Pseudovibrio axinellae
988,Leeuwenhoekiella marinoflava
985664,Bacillus sp. CCUG 60788
98512,Brevundimonas sp. LMG 9564
98510,Brevundimonas sp. LMG 9567t1
985052,Vulcanisaeta moutnovskia
985044,Formosa sp. KOPRI 21329
983545,Glaciecola sp. 4H-3-7+YE-5
981,Persicobacter diffluens
974,Sporohalobacter lortetii
95172,Arthrobacter flavus
948676,Nitrosomonas sp. JPCCT2
946336,Acidicapsa borealis
94626,Ochrobactrum tritici
945970,Paenibacillus sp. IHB B 2310
943936,Psychroserpens damuponensis
94137,Filobacillus milosensis
94122,Shewanella sp. ANA-3
93944,Nonomuraea sp. ATCC 39727
93930,Thermotoga naphthophila
937254,Thermohydrogenium kirishiense
936889,Roseivivax sediminis
93684,Roseivivax halotolerans
93680,Oerskovia sp. CIP101491
933946,Streptomyces sp. YIMM10461
933945,Streptomyces sp. YIMM10451
933943,Streptomyces sp. YIMM10399
933942,Streptomyces sp. YIMM10388
933941,Streptomyces xishensis
933940,Streptomyces glycovorans
93380,Pseudaminobacter defluvii
933068,Ilyobacter delafieldii
932,Thiomicrospira thyasirae
931625,Winogradskyella ulvae
930166,Pseudomonas brassicacearum
929426,Bifidobacterium sp. JCM 7042
929193,Rhodobacter sp. CCBAU 10883
929191,Bacillus sp. CCBAU 10952
928856,Tropicibacter multivorans
92645,Herbaspirillum frisingense
92640,alpha proteobacterium MBIC1876
92002,Azoarcus toluvorans
91618,Sphingomonas sp. MBIC1965
91458,Halomonas sp. MBIC2031
91346,Sphingomonas sp. MBIC3990
912,Nitrobacter hamburgensis
909925,Corynebacterium alkanolyticum
907777,Citricoccus sp. KMM 3890
90747,Caulobacter sp. MBIC3983
90746,Paracoccus sp. MBIC4036
90745,Paracoccus sp. MBIC4020
90744,Paracoccus sp. MBIC4019
90743,Paracoccus sp. MBIC4018
90742,Paracoccus sp. MBIC4017
90733,Desulfobacterium indolicum
90729,Desulfobacterium catecholicum
907224,Peptoniphilus methioninivorax
907206,Aliivibrio sp. ATCC 33715
904130,Corallibacter vietnamensis
89959,Natronincola histidinovorans
89768,Methylobacterium sp. MBIC4305
89767,Paracoccus sp. MBIC1145
89367,Saccharopolyspora thermophila
89184,Ruegeria pomeroyi
890420,Halovenus aranensis
88874,Luteococcus peritonei
888,Desulfobotulus sapovorans
887420,Sphingobacterium sp. KOPRI 25421
887419,Sphingobacterium sp. KOPRI 25419
887418,Sphingobacterium sp. KOPRI 25415
887416,Sphingobacterium sp. KOPRI 25399
887415,Psychrobacter sp. KOPRI 25509
887413,Psychrobacter sp. KOPRI 25503
887412,Psychrobacter sp. KOPRI 25501
887411,Psychrobacter sp. KOPRI 25500
887359,Flavobacterium sp. KOPRI 25403
887358,Arthrobacter sp. KOPRI 25587
887357,Arthrobacter sp. KOPRI 25535
887352,Arthrobacter sp. KOPRI 25515
887349,Arthrobacter sp. KOPRI 25486
887347,Arthrobacter sp. KOPRI 25483
887341,Arthrobacter sp. KOPRI 25437
887336,Arthrobacter sp. KOPRI 25417
882170,Paenibacillus sp. IHB B 2283
882168,Paenibacillus sp. IHB B 2251
882167,Mycoplana sp. IHB B 2267
882163,Herbaspirillum sp. IHB B 2274
882162,Delftia sp. IHB B 4037
882157,Bacillus sp. IHB B 4043
882153,Bacillus sp. IHB B 4033
882151,Bacillus sp. IHB B 4023
882141,Bacillus sp. IHB B 2296
882140,Bacillus sp. IHB B 2293
882139,Bacillus sp. IHB B 2291
882137,Bacillus sp. IHB B 2287
882128,Bacillus sp. IHB B 2252
882127,Azospira sp. IHB B 2277
882126,Azospira sp. IHB B 2273
88072,Cytophagales str. MBIC4147
87732,Porphyrobacter sp. MBIC3936
87652,beta proteobacterium MBIC3293
87651,Pseudomonas sp. MBIC3963
87649,gamma proteobacterium MBIC3957
875328,Mycobacterium sinense
87460,Halomonas sp. MBIC1142
872396,Bacillus daqingensis
871651,Poseidonocella pacifica
870908,Thalassobius maritimus
86958,Propionispira paucivorans
86957,Selenomonas lacticifex
867682,Thermoanaerobacter sp. JCM 7503
867074,Flavobacterium sp. IHB B 3314
86667,Jeotgalibacillus marinus
863575,Citricoccus nitrophenolicus
86333,Mogibacterium vescum
862411,Pseudonocardia sp. YIM 68245
86188,Pseudomonas geniculata
86180,Malikia spinosa
861208,Agrobacterium sp. H13-3
85993,Hydrogenophilus hirschii
858443,Rhizobiales bacterium CCBAU 45351
858441,alpha proteobacterium CCBAU 45397
858439,Sphingomonas sp. CCBAU 45299
858434,Herbaspirillum sp. CCBAU 10823
85338,Rothia sp. CCUG 25688
85317,Coriobacterium sp. CCUG 33917
84643,Agrococcus citreus
84597,Thermococcus aegaeus
84500,Alcanivorax sp. Wf-1
84492,Alcanivorax sp. TE-9
84485,Alcanivorax sp. K3-3
84483,Alcanivorax sp. K2-1
84136,Gemella bergeri
84037,Syntrophococcus sucromutans
84029,Clostridium roseum
83983,Methanobacterium uliginosum
83982,Methanobacterium thermaggregans
838005,Bacillus sp. NCIMB 11647
83565,Methanobacterium espanolae
83557,Chlamydia caviae
83462,Corallococcus exiguus
83460,Stigmatella erecta
83450,Cystobacter minus
83449,Cystobacter ferrugineus
83339,Eubacterium multiforme
83338,Eubacterium budayi
83219,Sulfitobacter mediterraneus
83,Hyphomicrobium vulgare
82996,Serratia plymuthica
82560,Thiolamprovum pedioforme
82541,Cupriavidus gilardii
82376,Anaeroarcus burkinensis
82375,Anaerosinus glycerini
82076,Picrophilus torridus
81464,Anaeromusa acidaminophila
81459,Entomoplasma melaleucae
81439,alpha proteobacterium MBIC3923
81405,Desulfovibrio burkinensis
81396,Paracoccus sp. MBIC3024
81034,Hyphomonas rosenbergii
80877,Aquaspirillum polymorphum
80872,Cryptosporangium japonicum
80868,Acidovorax cattleyae
79912,Actinoallomurus spadix
796937,Peptostreptococcaceae bacterium ACC19a
796924,Rhizobium sp. STM 3625
795098,Sphingomonas sp. MBIC4193
795097,Deinococcus sp. MBIC3950
794834,Rhizobium sp. CCBAU 01116
79271,Desulfurella propionica
79270,Desulfurella kamchatkensis
792647,Caulobacter sp. MBIC1405
792640,Paracoccus sp. MBIC3345
792637,Comamonas sp. MBIC3885
78889,Halomonas sp. NIBH P1H22
78329,Coenonia anatina
77637,alpha proteobacterium MBIC3030
77585,Craurococcus roseus
77210,halophilic bacterium MBIC3303
769,Anaplasma centrale
768539,Microbacterium sp. JCM 9637
768536,Microbacterium sp. JCM 9634
76848,Sphingomonas roseiflava
767741,Brucella sp. PBCC11
76007,Desulfovibrio senezii
75964,alpha proteobacterium MBIC3368
759,Pasteurella sp.
757,Pasteurella mairii
75688,Neptunomonas naphthovorans
75659,Duganella zoogloeoides
75292,Streptomyces thermogriseus
748907,Arthrobacter cryoconiti
747481,Paenibacillus chartarius
74702,Desulfotomaculum luciae
743722,Sphingobacterium sp. 21
741091,Rahnella sp. Y9602
73779,Methylocaldum gracile
732236,Prevotella sp. JCM 6330
72612,Methanoculleus palmolei
722703,Promicromonospora endophytica
722,Actinobacillus seminis
721033,Pseudonocardia spinosa
72023,Methylarcula terricola
71998,Thermococcus pacificus
719,Actinobacillus hominis
718002,Bacillus endoradicis
714136,Nonomuraea endophytica
714131,Nocardia sp. YIM 65630
71280,Thermococcus acidaminovorans
712469,Prevotella sp. oral taxon 473
712288,Fusobacterium sp. oral taxon 370
709987,Pseudonocardia rhizophila
70817,Nostoc sp. PCC 9229
70816,Nostoc sp. PCC 9709
70799,Nodularia spumigena
706566,Meniscus glaucopis
705309,Bifidobacterium sp. JCM 6439
70169,Dietzia sp. CIP104289
701529,Peptoniphilus sp. JCM 8143
699192,Megasphaera genomosp. type_1
69525,Natrinema pellirubrum
694315,Kofleria flava
69396,Caulobacter fusiformis
69280,Oxalicibacterium solurbis
683041,Larkinella bovis
68280,Streptomyces violaceusniger
68251,Streptomyces paraguayensis
68201,Streptomyces floridae
68170,Lechevalieria aerocolonigenes
681290,Synechocystis sp. PUPCCC 62
681289,Pseudonocardia tropica
68035,Sporotomaculum hydroxybenzoicum
67859,Haemophilus influenzae-murium
676199,Demequina oxidasica
67574,Microbacterium keratanolyticum
67573,Psychromonas antarctica
675,Vibrio cincinnatiensis
673860,Aciduliprofundum sp. MAR08-339
67385,Streptomyces xanthophaeus
67372,Streptomyces variabilis
67367,Streptomyces tanashiensis
67354,Streptomyces rangoonensis
673520,Actinomycetospora sp. YIM 68245
67327,Streptomyces melanosporofaciens
67300,Streptomyces flocculus
67281,Streptomyces californicus
672157,Reinekea aestuarii
671230,Parvimonas sp. oral taxon 110
671216,Peptoniphilus sp. oral taxon 836
671145,Halomarina oriensis
671070,Planktothrix sp. PCC 9018
66886,Streptomyces fasiculatus
66881,Streptomyces cremeus
66850,Filomicrobium fusiforme
667303,Salinirepens amamiensis
665938,Bacteroides sp. 2_1_56FAA
665131,Prosthecomicrobium sp. ATCC 27835
665130,Prosthecomicrobium sp. ATCC 27833
665083,Streptomyces sp. YIM 75704
665081,Deinococcus sp. YIM 75723
661086,Olsenella sp. oral taxon 809
660518,Halorientalis regularis
659251,Cupriavidus pampae
657018,Actinophytocola corallina
657017,Actinophytocola timorensis
656024,Frankia symbiont of Datisca glomerata
65515,Nonomuraea dietziae
65511,Actinocorallia aurea
65497,Actinoalloteichus cyanogriseus
652708,Bacteroidetes oral taxon 274
650643,Alistipes sp. RMA 9912
649333,Bizionia echini
649198,Amorphus orientalis
648689,Inquilinus sp. CCBAU 01442
647384,Kangiella japonica
646532,Litoricola marina
64602,Natrialba asiatica
645517,Altererythrobacter namhicola
644320,Kribbella sp. YIM 75703
644318,Cryptosporangium sp. YIM 75710
644316,Agrococcus sp. YIM 75752
64323,Carnimonas nigrificans
642496,Streptomyces sp. DSM 40239
640512,Burkholderia sp. CCGE1003
640511,Burkholderia sp. CCGE1002
640510,Burkholderia sp. CCGE1001
639224,marine bacterium SIMO-4483
639218,marine bacterium SIMO-4474
639216,marine bacterium SIMO-4476
636,Edwardsiella tarda
633403,Sporosarcina contaminans
633194,Roseivivax lentus
630995,Pseudonocardia xishanensis
630977,Pseudonocardia seranimata
630975,Pseudonocardia kunmingensis
62970,Methanogenium frigidum
62928,Azoarcus sp. BH72
62609,Thermocladium modestius
622488,Francisella hispaniensis
622,Shigella dysenteriae
620889,Georgenia halophila
61596,Allochromatium minutissimum
610243,Asaia platycodi
60847,Halogeometricum borinquense
60480,Shewanella sp. MR-4
595693,Naxibacter sp. BUZ1
595671,Amnibacterium kyonggiense
593401,Desulfovibrio sp. VKM B-2200
590848,Labedella sp. YIM 100124
590846,Oerskovia sp. YIM 100122
590845,Rhodococcus sp. YIM 100121
590843,Sanguibacter sp. YIM 100119
590842,Arthrobacter sp. YIM 100118
590841,Rhodococcus sp. YIM 100117
589396,Promicromonospora sp. CPCC100077
589392,Nocardia sp. CPCC202725
589391,Nocardia sp. CPCC202701
589389,Roseomonas sp. CPCC100079
589388,Micrococcus sp. CPCC100074
589384,Amycolatopsis sp. CPCC202698
588904,Chryseobacterium sp. KOPRI 25179
588903,Flavobacterium sp. KOPRI 25178
588902,Flavobacterium sp. KOPRI 25160
588901,Flavobacterium sp. KOPRI 25152
587872,Yimella lutea
586239,Gluconobacter roseus
584994,Nakamurella sp. KCTC 19426
582857,Aliiglaciecola litoralis
582855,Streptomyces haliclonae
58231,Treponema medium
58171,beta proteobacterium 'Mena 23/3-3c'
58136,Desulfotomaculum thermoacetoxidans
58134,Desulfotomaculum guttoideum
58123,Spirillospora albida
58117,Microbispora rosea
58115,Glycomyces rutgersensis
58114,Glycomyces harbinensis
58112,Actinomadura viridilutea
581103,Geobacillus sp. Y4.1MC1
58107,Pseudonocardia yunnanensis
579160,Halomonas sp. YIM 90512
57909,Kribbella koreensis
577679,Prauserella flava
574963,Wandonia haliotis
57489,Thiorhodococcus minor
574552,Ochrobactrum sp. CCBAU 61222
574349,Aidingimonas halophila
573062,Thermoanaerobacter sp. X513
573024,Roseovarius nanhaiticus
572016,Pasteurellaceae bacterium CCUG 36050
570951,Aurantimonas sp. YIM J01
569601,Marinomonas arenicola
56812,Shewanella frigidimarina
56760,Desulfosporosinus auripigmenti
56731,Rhizobium giardinii
566024,Saccharopolyspora tripterygii
566023,Pseudonocardia sp. YIM 61043
566022,Promicromonospora xylanilytica
566012,Kineosporia mesophila
566011,Kineococcus sp. YIM 65377
566006,Dactylosporangium sp. YIM 65312
566005,Catellatospora sp. YIM 65268
566004,Blastococcus sp. YIM 65287
566001,Actinocorallia sp. YIM 56155
56545,Haloarcula aidinensis
564835,Pedobacter koreensis
56455,Xanthomonas hyacinthi
564369,Luteibacter anthropi
564288,Desulfonauticus autotrophicus
563191,Acidaminococcus sp. D21
56111,Pseudanabaena sp. PCC 7403
559956,Celerinatantimonas yamalensis
558541,Shewanella chilikensis
557332,Pontibacter xinjiangensis
556262,Coprobacillus sp. D6
556259,Bacteroides sp. D2
55602,Mycoplasma buccale
552395,Lachnospiraceae bacterium 4_1_37FAA
551679,Rhizobiaceae bacterium CCBAU 10229
551546,Rhodoplanes pokkaliisoli
550982,Parasegetibacter luojiensis
547060,Kribbella sp. NBRC 104210
547059,Kribbella sp. NBRC 104209
547058,Kribbella sp. NBRC 104208
547057,Actinokineospora cibodasensis
547018,Zhihengliuella alba
545890,Alicyclobacillus aeris
54571,Streptomyces venezuelae
54565,Desulfovibrio simplex
544556,Geobacillus sp. Y412MC61
543887,Glycomyces mayteni
54254,Thermosphaera aggregans
54252,Pyrolobus fumarii
54120,Methanolacinia petrolearia
54061,Ralstonia sp.
54011,Pseudonocardia sulfidoxydans
53946,Octadecabacter arcticus
538021,Mucilaginibacter ximonensis
53522,Thermobifida alba
53453,Lamprocystis roseopersicina
53424,Thermodesulfobacterium hveragerdense
53398,Hyphomicrobium aestuarii
53393,Thiodictyon bacillosum
531310,Marinactinospora thermotolerans
529704,Frateuria terrea
529703,Adhaeribacter terreus
52958,phototrophic bacterium
52787,Anaerofilum pentosovorans
52786,Anaerofilum agile
52766,Caldicellulosiruptor lactoaceticus
52765,Caldicellulosiruptor kristjanssonii
52763,Pullulanibacillus naganoensis
52690,Acetobacterium carbinolicum
524289,Sphingomonas sp. JC2489
524288,Sandarakinorhabdus sp. JC2488
524286,Salinibacterium sp. JC2486
524284,Roseobacter sp. JC2219
524283,Rhodovulum sp. JC2237
524280,Pedobacter sp. JC2492
524264,Flavobacteriaceae bacterium JC2494
524262,Flavobacteriaceae bacterium JC2435
521546,Cupriavidus sp. CCBAU 65808
521472,Psychrobacter sp. CCBAU 51485
521469,Brevibacillus sp. CCBAU 10720
521467,Bacillus sp. CCBAU 10792
521466,Bacillus sp. CCBAU 10778
521465,Bacillus sp. CCBAU 10719
521463,Bacillus sp. CCBAU 10712
521462,Bacillus sp. CCBAU 10711
521377,Bacillus marmarensis
521185,Flexibacteraceae bacterium KMM 6276
521157,Weissella sp. KLDS 7.0701
520836,Rhizobium sp. CCBAU 65813
520835,Rhizobium sp. CCBAU 65810
520085,Lactobacillus sp. KLDS 1.0718
520083,Lactobacillus sp. KLDS 1.0716
520080,Lactobacillus sp. KLDS 1.0713
512762,Kineococcus xinjiangensis
509198,Nocardia sp. YIM 48789
505250,Maribacter antarcticus
504900,Trigonala sp. HBUM49121
504796,Actinomadura sp. CPCC201357
501592,Kocuria gwangalliensis
501482,Agrococcus versicolor
501023,Glaciibacter superstes
499533,Rhizobium sp. CCBAU 05104
499059,Spongitalea numazuensis
49341,Methanothermobacter thermophilus
493381,Psychromonas agarivorans
490571,Rhodanobacter ginsenosidimutans
490186,Algoriphagus aquatilis
490185,Gemmobacter aquaticus
489758,Hymenobacter deserti
48937,Novosphingobium stygium
48664,Xanthomonas fragariae
486505,Amycolatopsis flava
486407,Paenochrobactrum glaciei
484084,Bradyrhizobium sp. CCBAU 85057
483013,Ruegeria scottomollicae
481520,Lysobacter ximonensis
481000,Pseudonocardia callicarpae
480997,Glycomyces scopariae
480224,Chloroflexus sp. Y-400-fl
48,Archangium gephyra
47874,Micromonospora rosaria
478738,Paramoritella alkaliphila
478446,Arthrospira sp. PCC 9901
478115,Actinoallomurus caesius
478111,Actinoallomurus luridus
478110,Actinoallomurus yoronensis
478108,Actinoallomurus fulvus
478107,Actinoallomurus iriomotensis
478106,Actinoallomurus coprocola
477675,Cohnella fontinalis
47761,Streptomyces ochraceiscleroticus
476821,Phyllobacterium sp. CCBAU 73021
476820,Phyllobacterium sp. CCBAU 13011
476529,Leisingera aquimarina
475979,Marinobacter lacisalsi
475717,Geobacillus sp. CICC 10315
47498,Pedomicrobium manganicum
47497,Pedomicrobium ferrugineum
47484,Streptosporangium koreanum
473274,Streptomyces sp. HBUM 172140
473258,Nocardia sp. HBUM 49423
473198,Glycomyces sp. HBUM 49407
472056,Acidocella aluminiidurans
471223,Geobacillus sp. WCH70
470863,Virgibacillus sp. YIM C834
470862,Virgibacillus sp. YIM C831
470861,Virgibacillus sp. YIM C826
470860,Virgibacillus sp. YIM C510
470851,Streptomyces sp. YIM C617
470842,Streptomyces sp. YIM C513
470832,Sporosarcina sp. YIM C303
470831,Rothia sp. YIM C456
470827,Rheinheimera sp. YIM C817
470825,Pseudonocardia sp. YIM C680
470823,Promicromonospora sp. YIM C656
470822,Promicromonospora sp. YIM C653
470813,Nocardiopsis sp. YIM C560
470812,Nocardiopsis sp. YIM C555
470807,Nesterenkonia sp. YIM C732
470805,Nocardiopsis sp. YIM C20
470802,Micrococcus sp. YIM C694
470801,Microbulbifer sp. YIM C306
470799,Marinibacillus sp. YIM C596
470796,Lysobacter sp. YIM C734
470788,Halomonas sp. YIM C736
470784,Halomonas sediminis
470782,Halomonas sp. YIM C246
470775,Halobacillus sp. YIM C266
470774,Gracilibacillus quinghaiensis
470765,Bacillus sp. YIM C579
470756,Bacillus sp. YIM C209
469596,Coprobacillus sp. 29_1
46632,Picrophilus oshimae
466084,Limibacter armeniacum
465561,Salinicoccus salitudinis
46470,Halanaerobacter lacunarum
46467,Halocella cellulosilytica
464204,Streptosporangium sp. HBUM 171352
464202,Streptomyces sp. HBUM 87463
464200,Streptomyces sp. HBUM 87074
464183,Streptomyces sp. HBUM 49431
464176,Streptomyces sp. HBUM 171192
464173,Pseudonocardia sp. HBUM 79244
464170,Nonomuraea sp. HBUM 171189
464155,Micromonospora sp. HBUM 80189
464147,Micromonospora sp. HBUM 49435
464145,Micromonospora sp. HBUM 49428
464136,Cryptosporangium sp. HBUM 83975
464135,Cryptosporangium sp. HBUM 171259
464132,Actinoplanes sp. HBUM 87072
464131,Actinoplanes sp. HBUM 87051
463,Fluoribacter dumoffii
46204,Actinocorallia aurantiaca
46203,Actinocorallia glomerata
46190,Streptosporangium vulgare
46181,Nonomuraea salmonea
46179,Nonomuraea roseola
46178,Nonomuraea recticatena
46171,Nonomuraea africana
46162,Actinocorallia libanotica
457173,Phenylobacterium composti
45629,Desulfovibrio halophilus
455342,Actinocorallia spatholoba
455,Legionella jamestowniensis
45495,Methylophaga marina
454601,Maritalea myrionectae
45393,Methylophilus leisingeri
453851,Henriciella marina
453831,Saccharopolyspora qijiaojingensis
453817,Massilia aerilata
453573,Actinomadura bangladeshensis
453215,Desulfocella sp. DSM 2056
453214,Desulfobacterium zeppelinii
453213,Desulfotignum sp. DSM 7120
450804,Oceaniserpentilla haliotis
450801,Amycolatopsis pigmentata
450800,Amycolatopsis helveola
450799,Catenulispora yoronensis
450798,Catenulispora subtropica
449663,Silvimonas amylolytica
449662,Silvimonas iriomotensis
449307,Desulfococcus sp. DSM 8541
449306,Desulfobulbus sp. DSM 2033
449215,Bacillus longiquaesitum
447689,Tenacibaculum soleae
446786,Microlunatus aurantiacus
446784,Nesterenkonia terrae
446374,Vibrio artabrorum
446370,Paenibacillus telluris
446369,Paenibacillus glebae
445958,Streptomyces sp. HBUM 87473
445953,Streptomyces sp. HBUM 71413
445948,Streptomyces sp. HBUM 171364
445943,Streptomyces sp. HBUM 171198
444923,Rhodoplanes piscinae
44473,Gloeothece membranacea
44470,Natronococcus amylolyticus
444515,Maribacter forsetii
444162,Thiofaba tepidiphila
444053,Tanticharoenia sakaeratensis
443144,Geobacter sp. M21
443143,Geobacter sp. M18
442884,Nostoc sp. PCC 9426
442872,Nostoc sp. PCC 8976
442733,Chryseobacterium marinum
442388,Chroococcus sp. JJCM
441209,Rhodobaca barguzinensis
44033,Streptomyces thermolineatus
44032,Streptomyces macrosporus
438752,Lewinella lutea
438741,Streptomyces sp. NBRC 3111
43774,Syntrophus buswellii
43759,Streptomyces wedmorensis
437503,Hahella antarctica
435906,Salegentibacter salarius
435698,gamma proteobacterium HTCC231
434086,Porticoccus litoralis
43355,Crossiella cryophila
43354,Prauserella rugosa
431553,Spirosoma luteum
42808,Alicyclobacillus disulfidooxidans
42777,Tsukamurella inchonensis
42735,Thermopallium natronophilum
427331,Geobacillus sp. NBRC 15315
426599,Fulvibacter tottoriensis
425361,Bacillus sp. CCBAU 13233
425359,Bacillus sp. CCBAU 10777
425358,Bacillus sp. CCBAU 10775
425354,Bacillus sp. CCBAU 10762
425350,Brevibacillus sp. CCBAU 10756
425341,Ochrobactrum sp. CCBAU 10752
424704,Roseomonas vinacea
42448,Anaerobranca horikoshii
42421,Halanaerobium acetethylicum
424182,Rhizobium sp. IRBG74
424,Methylomonas rubra
423541,Desulfotignum toluenicum
42252,Desulfovibrio termitidis
42197,Actinosynnema pretiosum
42190,Ochrobactrum sp.
421768,Paenibacillus tylopili
421531,Chryseobacterium luteum
42096,Ureaplasma gallorale
420888,Alicyclobacillus sp. FR-12
419474,Ochrobactrum haematophilum
418646,Rhodanobacter ginsengisoli
418184,Sphingomonas molluscorum
417621,Kaistella flava
417374,Arthrobacter boritolerans
417223,Nesterenkonia sp. YIM 90725
417222,Nesterenkonia sp. YIM 90721
417221,Nesterenkonia sp. YIM 90720
417220,Nesterenkonia sp. YIM 90719
417218,Nesterenkonia sp. YIM 90713
417,Methylomonas clara
415010,Pseudonocardia carboxydivorans
414992,Actinopolyspora sp. YIM 90485
414372,Flavobacteriaceae bacterium HTCC2652
414288,Lutimonas vermicola
413964,Rapidithrix thailandica
41315,Yersinia sp.
412020,Pseudonocardia sp. YIM 45517
412019,Pseudonocardia sp. YIM 45506
411570,Peptoniphilus olsenii
410772,Sinorhizobium sp. CCBAU 83493
410330,Calyptogena okutanii thioautotrophic gill symbiont
409978,Avibacterium sp. CCUG 18782
40991,Thiomonas thermosulfata
409290,Arthrobacter oryzae
40837,Mycoplana ramosa
40834,Borrelia duttonii
407156,Phyllobacterium sp. CCBAU 81168
406787,Lysobacter deserti
406515,Perexilibacter aurantiacus
40561,Zoogloea resiniphila
405557,Micrococcus xinjiangensis
405556,Microbacterium xinjiangensis
405551,Saccharopolyspora halophila
404578,Nocardia amamiensis
401976,Pseudonocardia endophytica
401654,Rahnella sp. BIHB 783
401470,Undibacterium pigrum
400668,Marinomonas sp. MWYL1
400390,Alkalimonas collagenimarina
400061,Paludibacterium yongneupense
399363,Salinicoccus kunmingensis
39776,Methylomicrobium pelagicum
39770,Methylobacter whittenburyi
395962,Cyanothece sp. PCC 8802
395961,Cyanothece sp. PCC 7425
39494,Eubacterium tortuosum
39440,Isochromatium buderi
394353,Brevundimonas sp. KACC 10191
392968,Actinobacillus sp. CCUG 26442
39100,Pseudothermotoga subterranea
390843,Saccharomonospora sp. YIM 90557
39047,Mycoplasma sturni
389480,Marinitoga okinawensis
388401,Rhodobacteraceae bacterium HTCC2150
387891,Saccharomonospora sp. YIM 90521
387660,Sphingomonas anadarae
387659,Marixanthomonas ophiurae
387638,Persicobacter psychrovividus
387635,Persicobacter sp. NBRC 101267
387437,Dermocarpella incrassata
386879,Lactobacillus faeni
386608,Trigonala elaeagnus
386302,Salinibacterium xinjiangense
385406,Paenibacillus sp. CCBAU ZL506
384613,Streptococcus dentirousetti
38287,Corynebacterium fastidiosum
381706,Oceanobacillus chironomi
381432,Nocardioides panaciterrae
380749,Hydrogenobaculum sp. Y04AAS1
380628,Lysobacter niabensis
379597,Halomonas sinaiensis
37926,Thermocrispum municipale
37922,Nesterenkonia halobia
379073,Sediminibacter furfurosus
379071,Gilvibacter sediminis
379069,Galbibacter mesophilus
378990,Sulfurihydrogenibium sp. NBRC 101520
37626,Desulfuromusa succinoxidans
37624,Desulfuromusa bakii
375761,Pseudooceanicola nanhaiensis
375750,Synergistes sp. RMA 14551
375749,Synergistes sp. RMA 16290
375748,Synergistes sp. RMA 16406
375746,Synergistes sp. RMA 16088
373981,Calothrix sp. PCC 7715
368977,Alkalibacillus halophilus
368835,Oceanobacillus sp. YIM DH3
368831,Halomonas sp. YIM DKMY60
368830,Ornithinimicrobium sp. YIM KMY41
368829,Cellulomonas sp. YIM KMY49
368827,Arsenicicoccus sp. YIM KMY39
36856,Sinorhizobium saheli
36850,Clostridium quinii
36848,Oxalophagus oxalicus
367742,Ureibacillus composti
36742,Mycoplasma leonicaptivi
36741,Mycoplasma feliminutum
367282,Deinococcus yunweiensis
367280,Pseudonocardia sp. YIM 45552
367279,Pseudonocardia ailaonensis
366648,Xanthomonas fuscans
366602,Caulobacter sp. K31
366534,Pseudovibrio japonicus
365341,Sphingobium aromaticiconvertens
365033,Aureispira marina
362648,Microbacterium sp. IFO 15709
362523,Mariniflexile gromovii
362516,Agrobacterium sp. CCBAU 25157
361872,Helicobacter equorum
361,Agrobacterium sp.
359365,Sporosarcina saromensis
359,Agrobacterium rhizogenes
35816,Pelobacter acidigallici
35788,Rickettsia africae
35785,Clostridium maximum
35769,Mycoplasma gateae
35762,Planobispora rosea
356559,Ochrobactrum sp. CCBAU 61322
356552,Rhizobium sp. CCBAU 45111-1
354240,Mechercharimyces asporophorigenens
354237,Mechercharimyces mesophilus
351144,Agrobacterium sp. CCBAU 31104
350814,Aquimarina intermedia
349106,Psychrobacter sp. PRwf-1
348043,Streptomyces davawensis
346182,Lysobacter yangpyeongensis
345907,Salegentibacter agarivorans
345592,Hydrogenivirga okinawensis
343406,Roseobacter prionitis
343405,Pseudoroseobacter euryhalinus
343332,Kopriimonas byunsanensis
341470,Thermomonas koreensis
34060,Moraxella caviae
34005,Paracoccus kocurii
34,Myxococcus xanthus
33961,Lactobacillus homohiochii
33950,Thermoanaerobacterium thermosulfurigenes
33939,Bacillus thermocloacae
33937,Bacillus thermoalkalophilus
33865,Methanoplanus endosymbiosus
337701,Roseovarius pacificus
337315,Candidatus Peptoniphilus massiliensis
335837,Rhizobium sp. PY13
335659,Bradyrhizobium sp. S23321
334858,Goodfellowiella coeruleoviolacea
334736,Sporosarcina soli
334122,Spiroplasma leucomae
332653,Koukoulia aurantiaca
332591,Streptomyces rectiviolaceus
332056,Sphingobium japonicum
330943,Kocuria aegyptia
33026,Sporolactobacillus dextrus
33022,Bacillus racemilacticus
330084,Amycolatopsis jejuensis
329527,Streptomyces katsurahamenas
328313,Streptomyces paresii
327856,Paracraurococcus sp. ORS 1473
327855,Sphingomonas sp. ORS 1497
327854,Phyllobacterium sp. STM 391
327848,Starkeya sp. ORS 1474
327846,Microbacterium sp. ORS 1472
327845,Microbacterium sp. ORS 1417
327841,Bosea sp. ORS 1414
327840,Bosea sp. STM 358
327691,Sphingomonas rhizogenes
326994,Halomonas phoceae
325474,Pseudorhodobacter incheonensis
325473,Psychroserpens mesophilus
322508,Kocuria himachalensis
32049,Synechococcus sp. PCC 7002
32048,Synechococcus sp. PCC 6716
31996,Beijerinckia derxii
319644,Saccharofermentans acetigenes
31962,Actinomadura rifamycini
319236,Nonlabens sediminis
319053,Bacillales bacterium CCUG 49712
316335,Myceligenerans crystallogenes
314263,Roseovarius nubinhibens
314236,Phyllobacterium bourgognense
313589,Janibacter sp. HTCC2649
313007,Ureibacillus suwonensis
311400,Thermococcus kodakarensis
311235,Dyella koreensis
309411,Gram-negative bacterium CCBAU 25211
308994,Dialister propionicifaciens
307483,Caldimonas taiwanensis
303380,Herminiimonas fonticola
301092,Marinococcus halotolerans
300179,Isoptericola hypogeus
299641,Agrobacterium sp. CCBAU 53010
299255,Ferrimonas marina
298653,Frankia sp. EAN1pec
297536,Oryzihumus leptocrescens
296842,Desulfovibrio carbinolicus
296636,Nostoc sp. PCC 9305
29527,Syntrophobacter wolinii
29434,Neisseria pharyngis
29428,Methylobacterium rhodinum
29427,Methylobacterium rhodesianum
293762,Symploca atlantica
29374,Filifactor villosus
29356,Clostridium chartatabidum
29320,Paenarthrobacter nicotinovorans
293091,Haloquadratum walsbyi
29306,Streptomyces griseoluteus
29291,Methanococcoides burtonii
29282,Haloarcula japonica
292414,Ruegeria sp. TM1040
290589,Alkalibacterium iburiense
290306,Paracoccus koreensis
28885,Hydrogenovibrio marinus
288769,Tepidimonas arfidensis
287986,Amycolatopsis rifamycinica
287930,Yaniella flava
286438,Agromyces hippuratus
285548,Streptomyces geldanamycininus
285541,Streptomyces thermoatroviridis
285528,Streptomyces mucoflavus
285513,Streptomyces senoensis
285486,Streptomyces setonensis
285463,Streptomyces castaneus
285279,Pseudovibrio ascidiaceicola
285106,Tepidimicrobium ferriphilum
284044,Streptomyces glaucosporus
284041,Streptomyces viridobrunneus
284039,Streptomyces spororaveus
284038,Streptomyces sporoclivatus
28320,Mycoplana dimorpha
28255,Marinomonas vaga
282197,Jannaschia rubra
282125,Sutterella sanguinus
28200,Arcobacter skirrowii
28198,Arcobacter cryaerophilus
28173,Vibrio nigripulchritudo
28160,Bisgaard Taxon 6
28158,Bisgaard Taxon 3
28084,Legionella cherrii
280240,Nocardiopsis baichengensis
280237,Nocardiopsis rosea
279277,Helicobacter sp. 'B10B Seymour'
278990,Brevibacillus levickii
272210,Leucobacter albus
272164,Olleya marilimosa
271433,Arthrobacter tecti
2704,Thermoanaerobacter acetoethylicus
270345,Azotobacter armeniacus
270344,Azotobacter nigricans
269322,Rhizobium sp. ORS 1463
269321,Rhizobium sp. STM 394
269144,Nesterenkonia aethiopica
268429,Acinetobacter sp. LMG TH120
268359,Rhizobium sp. CCBAU 21244
267745,Brevibacillus limnophilus
266809,Thalassobacter stenotrophicus
266779,Chelativorans sp. BNC1
266125,Phenylobacterium koreense
266122,Lysobacter koreensis
266121,Starkeya koreensis
265981,Alkalimonas delamerensis
264691,Trichormus variabilis
264635,Acholeplasma granularum
264251,Cellulosimicrobium funkei
263378,Salipiger mucosus
262323,Lysobacter brunescens
262320,Flavobacterium frigidimaris
262006,Winogradskyella eximia
261292,Nitrosomonas sp. Is79A3
261269,Lactobacillus sp. ATCC 8291
260355,Limnobacter sp. HTCC376
260354,Ramlibacter sp. HTCC332
260337,beta proteobacterium HTCC379
260335,beta proteobacterium HTCC410
260332,Oxalobacteraceae bacterium HTCC315
259390,Nocardia takedensis
2585118,Alistipes communis
258018,Chryseobacterium sp. LMG 19914
256702,Glutamicibacter bergerei
256324,Marinobacter bryozoorum
254784,Alkalibacterium psychrotolerans
251,Psychroflexus gondwanensis
248907,Zobellia russellii
248552,Nocardia sienata
247645,marine gamma proteobacterium HTCC2178
247644,marine gamma proteobacterium HTCC2188
247643,marine gamma proteobacterium HTCC2180
247637,marine gamma proteobacterium HTCC2246
247157,Desulfofaba fastidiosa
246969,Thermococcus sp. AM4
246603,Citricoccus alkalitolerans
246602,Pseudoduganella violaceinigra
245837,Nocardiopsis sp. YIM 90039
244407,Shewanella pacifica
243701,Pasteurella caballi
238878,Nocardiopsis sp. DSM 44659
238540,Algoriphagus antarcticus
2376,Sporomusa paucivorans
235923,Calothrix sp. PCC 7714
235,Brucella abortus
234908,Sutterella stercoricanis
233101,Methylobacillus pratensis
2297,Desulfobacterium niacini
2291,Desulfobacter hydrogenophilus
228958,Maribacter aquivivus
228957,Maribacter orientalis
228574,Paenibacillus lactis
2285,Sulfolobus acidocaldarius
228419,Acholeplasma pleciae
2283,Acidianus ambivalens
2275,Desulfurococcus mucosus
2271,Thermoproteus tenax
2265,Thermococcus litoralis
2261,Pyrococcus furiosus
225988,Anoxybacillus contaminans
225195,Pelobacter massiliensis
225049,Streptomyces rosealbus
2248,Halorubrum saccharovorum
223527,Halomonas boliviensis
221126,Algibacter lectus
2208,Methanosarcina barkeri
220686,Bacillus vireti
219745,Mesoplasma tabanidae
218206,Desulfovibrio capillatus
2181,Methanothermus sociabilis
217511,Fulvimarina pelagi
217169,Marinospirillum insulare
217162,Chamaesiphon subglobosus
217067,Labrys monachus
216947,Spiroplasma velocicrescens
216943,Spiroplasma montanense
216941,Spiroplasma leptinotarsae
216940,Spiroplasma lampyridicola
216939,Spiroplasma insolitum
2164,Methanobacterium sp.
2153,Asteroleplasma anaerobium
214858,Bacteroides sp. DSM 12148
214854,Bacteroides sp. CCUG 39913
214852,Denitrobacterium sp. CCUG 45665
2142,Spiroplasma diabroticae
213874,marine bacterium SIMO IS-S76-282
213680,Ancalomicrobium adetum
212,Helicobacter acinonychis
2117,Mycoplasma lipophilum
211146,Paenarthrobacter nitroguajacolicus
211010,Fischerella sp. IAM M-263
211008,Nostoc entophytum
210998,Hapalosiphon sp. IAM M-264
210996,Hapalosiphon delicatulus
210995,Scytonema sp. IAM M-262
210889,bacterium SG-3
209931,Varibaculum sp. 45456
209463,Bacillus senegalensis
209462,Bacillus pichinotyi
209460,Bacillus djibelorensis
209459,Bacillus casamancensis
209458,Bacillus arbutinivorans
209274,Entomoplasma lucivorax
2082,Syntrophomonas bryantii
208085,Saccharomonospora paurometabolica
2080,Sporolactobacillus laevus
207827,Nocardiopsis tangguensis
206505,Kerstersia similis
2054,Gordonia bronchialis
205332,Agromyces albus
205328,Clostridium lacusfryxellense
204934,Roseomonas genomospecies 5
204798,Saccharothrix xinjiangensis
204528,Roseomonas genomospecies 4
204463,Comamonadaceae bacterium PIV-3D
202269,bacterium YIM-kkny4
202267,Halomonas sp. YIM-kkny11
202264,Amphibacillus sp. YIM-kkny10
202262,Amphibacillus sp. YIM-kkny6
202261,Virgibacillus kekensis
202260,Virgibacillus sediminis
202259,Halobacillus sp. YIM-kkny15
202258,Halobacillus sp. YIM-kkny2
200905,Cellvibrio ostraviensis
200617,Rhodopseudomonas julia
198022,gamma proteobacterium HTCC234
196914,Actinoplanes friuliensis
196386,Streptomyces viridocyaneus
1960,Streptomyces vinaceus
195749,Promicromonospora aerolata
195748,Promicromonospora vindobonensis
195097,Sphingomonas sp. PC5.28
195088,Halobacillus karajensis
195041,Streptococcus oligofermentans
194869,Sphingomonas sp. ATCC 31853
194868,Sphingomonas sp. ATCC 31961
194866,Sphingomonas sp. ATCC 31554
194865,Sphingomonas sp. ATCC 21423
194841,Thiobacillus sp. DSM 612
1945,Streptomyces jumonjinensis
194438,Sphingomonas sp. BF2
194437,Sphingomonas sp. BF14
194436,Methylobacterium sp. PC30.44
194435,Methylobacterium sp. PC30.39
194432,Methylobacterium sp. BF10
194379,Nostoc sp. PCC 7423
194197,Neisseria dentiae
1935,Streptomyces violaceoruber
1931,Streptomyces sp.
192994,Thermoleophilum minutum
192389,Chryseobacterium daecheongense
191564,Nonlabens xylanidelens
1913,Amycolatopsis lactamdurans
191298,Pseudomonas sp. VKM B-2265
191295,Alcaligenes sp. VKM B-2263
190200,Nocardiopsis sp. YIM 90014
190198,Nocardiopsis sp. YIM 90006
190194,Kribbella yunnanensis
1900,Streptomyces cinnamonensis
189749,Nocardia sp. DSM 6249
189540,Nocardia pseudovaccinii
1895,Streptomyces avidinii
1872678,Pseudoalteromonas fuliginea
186189,Xylanimonas cellulosilytica
1859291,Corynebacterium sp. YIM 101587
1859289,Chishuiella sp. YIM 102668
184882,Knoellia subterranea
1844655,Sporosarcina sp. VKM B-700
1844654,Lysinibacillus sp. VKM B-751
1844653,Lysinibacillus sp. VKM B-713
1842136,Steroidobacter flavus
182779,Haloarcula quadrata
1827101,Eubacterium sp. JCM 9976
1827100,Capnocytophaga sp. JCM 8568
1827099,Peptoniphilus sp. JCM 8141
182182,Actinobacillus scotiae
1817596,Nocardioides intraradicalis
181662,Desulfovibrio giganteus
181658,Aquaspirillum putridiconchylium
1815578,Paenibacillaceae bacterium VKM B-2846
1810838,Arthrobacter sp. YIM Y39
180916,Cellvibrio fulvus
180915,Cellvibrio vulgaris
1806484,Achromobacter sp. ATCC31444
180194,Giesbergeria giesbergeri
179405,Chroococcidiopsis sp. PCC 7431
179402,Streptosporangiaceae str. KACC 20141
1789,Mycobacterium xenopi
1775542,Bacillus sp. JCM 9763
1775539,Acidovorax sp. JCM 10072
1775536,Variovorax sp. JCM 10066
1775535,Acidovorax sp. JCM 10065
1769,Mycobacterium leprae
1766802,Stackebrandtia sp. YIM ART06
1765961,Deinococcus sp. YIM F235
176294,Methanocorpusculum aggregans
1755642,Lachnospiraceae bacterium MC_35
1755639,Akkermansia sp. MC_55
1755629,Victivallis sp. MC_44
1755621,Anaerostipes sp. MC_31
1755610,Alistipes sp. MC_19
1755607,Bacteroides sp. MC_16
1755604,Bacteroides sp. MC_13
1755603,Bacteroides sp. MC_12
1755602,Bacteroides sp. MC_11
1750713,Noviherbaspirillum sp. YIM S61
1750644,Aeromicrobium sp. YIM Y47
1750599,Mongoliibacter ruber
174923,Treponema calligyrum
174922,Treponema refringens
1747013,Nocardioides sp. HBUM178932
1747005,Micrococcus sp. HBUM178886
1746950,Microbacterium sp. HBUM179443
1746683,Leucobacter sp. HBUM179329
1746673,Flavitalea sp. HBUM179779
1746664,Curtobacterium sp. HBUM178880
1746657,Chitinophaga sp. HBUM179491
1746656,Chitinophaga sp. HBUM179489
1746655,Chitinophaga sp. HBUM179084
1746653,Cellulosimicrobium sp. HBUM179776
1746652,Cellulosimicrobium sp. HBUM179741
1746650,Cellulosimicrobium sp. HBUM179732
1746649,Cellulosimicrobium sp. HBUM179724
1746647,Cellulosimicrobium sp. HBUM179474
1746643,Cellulosimicrobium sp. HBUM178784
1746642,Brevibacterium sp. HBUM179624
1746641,Brevibacterium sp. HBUM179137-2
1746640,Brevibacterium sp. HBUM179133
1746632,Brachybacterium sp. HBUM179121
1746631,Brachybacterium sp. HBUM178917
1746623,Arthrobacter sp. HBUM179104
1746608,Agromyces sp. HBUM178855
1746607,Agromyces sp. HBUM178699
1746605,Agromyces sp. HBUM178652
174038,Luteococcus sanguinis
174036,Cytophaga sp. MBIC04665
174035,Cytophaga sp. MBIC04683
1737444,Novosphingobium sp. STM-24
1737443,Novosphingobium sp. STM-14
173737,Cytophaga sp. MBIC04693
173736,Cytophaga sp. MBIC04662
173729,Cytophaga sp. MBIC04672
173728,Cytophaga sp. MBIC04671
173361,Brachybacterium rhamnosum
173053,Tetrasphaera duodecadis
1730526,Naumannella sp. I15A-00828
1730245,Tenggerimyces mesophilus
171869,Thermovibrio ruber
171692,Virgibacillus carmonensis
171690,Nocardioides sp. LMG 20237
171686,Bacillus sp. LMG 20243
1715347,Garciella sp. YIM G1-1
171405,Paenibacillus sp. DSM 1481
171403,Paenibacillus sp. DSM 34
171402,Paenibacillus sp. DSM 1474
171401,Paenibacillus agarexedens
171400,Paenibacillus sp. DSM 1482
171399,Paenibacillus sp. DSM 6358
171398,Paenibacillus sp. DSM 1352
171393,Myxosarcina sp. PCC 7312
1710544,Microlunatus nigridraconis
1707527,Brevibacillus sediminis
1707394,Halomonas sp. JCM 11460
169875,Arthrobacter sp. JCM 1339
169811,beta proteobacterium JS666
169433,alpha proteobacterium LMG 20591
169432,Ochrobactrum sp. LMG 20570
169427,Paraburkholderia terricola
1691891,Nonomuraea sp. NBRC 110462
169061,Ruminococcus sp. CCUG 37327 A
1688487,Sphingomonas sp. YIM C00729
1685901,Lysobacter sp. YIM C01544
1678448,Haloparvum sedimenti
1677,Arthrobacter pascens
167644,Ilyobacter tartaricus
167643,Ilyobacter insuetus
1673428,Cuniculiplasma divulgatum
1671,Pseudarthrobacter oxydans
1665536,Lactococcus sp. LMG 28767
1660190,Rhizobium sp. CCBAU 75186
1658664,Maribacter sp. KCTC 42508
165807,Nocardia cummidelens
165799,Cyanospira rippkae
1652018,Novosphingobium sp. YIM78043
1652017,Novosphingobium sp. YIM78034
165,Treponema saccharophilum
1648232,Skermanella sp. YIM 93097
164757,Mycobacterium sp. JLS
164756,Mycobacterium sp. MCS
1644133,Sinomonas halotolerans
1644128,Rhodobacter sp. YIM 71281
1644123,Paenibacillaceae bacterium YIM 71082
1644115,Laceyella sp. YIM 79486
163875,Arthrobacter monumenti
1637102,Kineococcus gypseus
163605,Nocardiopsis umidischolae
1634035,actinobacterium DSM 46683
161902,Corynebacterium sundsvallense
1616802,Flavobacterium sp. KCTC 42148
161355,Planomonospora sphaerica
1611423,Flavobacterium sp. DSM 9626
1608627,Psychrobacter sp. DSM 5684
1605449,Alicyclobacillus genomosp. 1
160454,Enterococcus pallens
1604351,Kocuria sp. DSM 28713
160233,Ignicoccus hospitalis
159723,Thermaerobacter nagasakiensis
1593,Lactobacillus sp. 30A
157842,Desulfofaba hansenii
157696,Alicyclobacillus sp. DSM 6481
1571210,Bacillus sp. CECT 8480
1571207,Paracoccus cavernae
1566822,Flavobacterium sp. YIM 97465
155976,Actinokineospora auranticolor
1553906,Jonesia sp. YIM 93067
155197,Fulvimonas soli
1551,Clostridium aurantibutyricum
1550609,Rheinheimera japonica
1550035,Streptomyces sp. NBRC 109706
1550,Clostridium subterminale
1546487,Actinomadura sp. JCM 4674
1543,Clostridium oceanicum
153948,Nitrosomonas sp. AL212
1539,Clostridium malenominatum
153730,Agrococcus baldri
1536,Hathewaya limosa
1535197,Fischerella sp. ATCC 43239
153496,Kozakia baliensis
153376,Pseudonocardia zijingensis
1523,Clostridium longisporum
152295,Halomonas sp. KMM 3550
1521435,Enteractinococcus sp. YIM 101632
1521434,Enteractinococcus sp. YIM 101617
1520671,Flavobacterium maris
152,Treponema stenostreptum
1519471,Streptomyces sp. NRRL S-4
1516126,Dysgonomonas termitidis
151,Spirochaeta litoralis
150340,Vibrio antiquarius
1501356,Sphingorhabdus pacifica
150123,Plantibacter flavus
150119,Brevundimonas sp. LMG 19834
1495568,Paenibacillus sp. IHB B 7270
149017,Arcanobacterium hippocoleae
1488215,Brenneria sp. IHBB 6858
1488214,Brenneria sp. IHBB 6841
1485587,Rhodobacteraceae bacterium YIM 78059
1483557,Arthrobacter sp. DSM 20546
1476871,Nocardioides nanhaiensis
1476870,Actinophytocola sediminis
147577,Tsukamurella strandjordii
147451,Micrococcus sp. LMG-19421
147317,Arthrospira sp. PCC 9108
1472886,Vibrio sp. CIP 110630
147,Spirochaeta aurantia
1465521,Lactobacillus sp. JCM 8672
1465514,Lactobacillus sp. JCM 7751
1463892,Streptomyces sp. NRRL S-1868
1463854,Streptomyces sp. NRRL F-5053
1463845,Streptomyces sp. NRRL F-2890
1463833,Streptomyces sp. NRRL B-24484
1456591,Temperatibacter marinus
1453594,Sphingobacterium sp. YIM 101302
145285,Nocardia ignorata
145261,Methanothermobacter wolfeii
1452508,Zhizhongheella caldifontis
1437339,Bradyrhizobium sp. CCBAU 51511
143224,Zobellia uliginosa
142596,Streptococcus pasteuri
1425361,Gracilibacillus sp. YIM 93565
1425360,Arthrobacter sp. YIM 94406
1411150,Sphaerochaeta sp. DSM 26296
1411133,Geothermomicrobium terrae
1411119,Chitinimonas sp. YIM 77919
1410330,Rhodoplanes oryzae
1403547,Anoxybacillus sp. YIM 342
1403274,Beijerinckia doebereinerae
1402135,Sulfitobacter pseudonitzschiae
140100,Vibrio albensis
1397367,Mariniluteicoccus flavus
1397142,Aliifodinibius sp. YIM 95756
1396821,Ectothiorhodospira marina
1396505,Bacillus oryzaecorticis
1395978,Aidingimonas sp. YIM 95754
1395,Bacillus caldotenax
1394889,Thermosynechococcus sp. NK55a
1393035,Thermoanaerobacterium sp. JCM 9321
1389639,Achromobacter sp. CCUG 56089
1387985,Saccharopolyspora cavernae
1386911,Thalassomonas sp. KMM 6757
1386909,Sulfitobacter sp. KMM 6759
1386904,Polaribacter sp. KMM 6754
1386899,Bizionia sp. KMM 6758
1386898,Bacillus sp. KMM 6752
1385389,Streptococcus sp. MR-1951
1385388,Streptococcus sp. MR-1950
1385387,Streptococcus sp. MR-1949
1385386,Streptococcus sp. MR-1933
137662,Nonomuraea terrinata
137461,Aerosphaera taetra
136996,Bradyrhizobium lupini
136160,Bacillus okuhidensis
135951,Actinoplanes rutilosporangius
135948,Actinoplanes octamycinicus
135946,Actinoplanes awajinensis
135945,Actinoplanes arizonaensis
135579,Aminomonas aminovorus
1353886,Burkholderia cordobensis
1352928,Saccharopolyspora sp. AFM10258
135079,Selenomonas dianae
134962,Nocardia soli
134602,Actinomadura nitritigenes
1337839,Flavobacterium sp. DSM 425
1336204,Microbacterium sp. YIM 100951
1332898,Microlunatus sp. YIM C01117
133189,Bdellovibrio sp. W
1330700,Thermus caliditerrae
1329375,Thermus sp. YIM-HQ4-1
1329373,Thermus sp. YIM-HQ106
1329372,Ruegeria sp. YIM-QH106
1329370,Halomonas qiaohouensis
1326083,Mesorhizobium acaciae
1326076,Mesorhizobium sp. RITF1215
1324352,Chryseobacterium gallinarum
1323730,Saccharomonospora sp. YIM M11177
1322049,Acetonema sp. DSM 11382
130796,Crossiella equi
1303863,Aquisalimonas halophila
1302730,Gracilimonas mengyeensis
129789,Natrialba aegyptia
1296565,Geodermatophilus amargosae
12934,Thiocapsa pendens
1293032,Saccharopolyspora ghardaiensis
1288619,Mycetocola sp. CPCC 203514
1288125,Kofleria sp. DSM 53797
128802,Albibacter methylovorans
1269237,Flavobacterium sp. CSF321-10
1265732,Thioclava sp. KMM 6690
1265731,Thalassomonas sp. KMM 6739
1265730,Thalassobius sp. KMM 6723
1265729,Sulfitobacter sp. KMM 6745
1265728,Sulfitobacter sp. KMM 6719
1265724,Sphingopyxis sp. KMM 6741
1265717,Psychroserpens sp. KMM 6699
1265716,Pseudoruegeria sp. KMM 6720
1265714,Pseudoruegeria sp. KMM 6708
1265713,Pseudoruegeria sp. KMM 6692
1265712,Pseudoruegeria sp. KMM 6691
1265707,Polaribacter sp. KMM 6698
1265704,Persicitalea sp. KMM 6743
1265701,Knoellia sp. KMM 6688
1265700,Hydrogenophaga sp. KMM 6728
1265699,Hydrogenophaga sp. KMM 6726
1265696,Flavobacterium ahnfeltiae
1265694,Amphritea sp. KMM 6733
1265693,Ahrensia sp. KMM 6730
1265692,Aequorivita sp. KMM 6696
1265691,Aequorivita sp. KMM 6693
1258546,Halomonas nanhaiensis
125602,Desulfococcus biacutus
124919,Corynebacterium sp. ATCC 43833
1248939,Pasteurellaceae bacterium CCUG 17204
124285,Nocardiopsis xinjiangensis
123840,Haemophilus cf. paragallinarum CCUG 18783
123839,Haemophilus sp. CCUG 19808
123783,Natrialba hulunbeirensis
1236906,Neptunomonas sp. BPy-1
123315,Curtobacterium sp. VKM Ac-1811
123311,Microbacterium sp. VKM Ac-2051
123309,Microbacterium sp. VKM Ac-2048
123305,Microbacterium sp. VKM Ac-2014
123301,Microbacterium sp. VKM Ac-1808
123299,Microbacterium sp. VKM Ac-1782
123296,Microbacterium sp. VKM Ac-1389
1232790,Herbaspirillum sp. RITF1206
122366,Actinoplanes kinshanensis
122364,Actinoplanes tuftoflagellus
122362,Actinoplanes pyriformis
122359,Actinoplanes pallidoaurantiacus
1220496,Siphonobacter sp. CCTCC AB 2012155
1220493,Nonlabens sp. KMM 6497
1220492,Nonlabens sp. KMM 6452
1220023,Halolamina salina
121726,Heliorestis baculata
121292,Pseudarthrobacter sulfonivorans
121277,Pyrobaculum arsenaticum
1211639,Laceyella sp. CCTCC AB 2012157
1211638,Chryseobacterium sp. CCTCC AB 2011160
1207075,Pseudomonas sp. UW4
1204225,Streptomyces sp. YIM 75795
1204222,Streptomyces sp. YIM 75792
1204221,Streptomyces sp. YIM 75791
1204220,Streptomyces sp. YIM 75790
1204217,Streptomyces sp. YIM 75785
1204215,Streptomyces sp. YIM 75782
1204214,Streptomyces sp. YIM 75781
1204213,Streptomyces sp. YIM 75776
1204212,Streptomyces sp. YIM 75775
1204211,Streptomyces sp. YIM 75774
1204201,Streptomyces sp. YIM 75719
1204200,Streptomyces sp. YIM 75714
1204196,Nocardia sp. YIM 75780
1204193,Lentzea sp. YIM 75778
1199245,secondary endosymbiont of Ctenarytaina eucalypti
119854,Peptostreptococcus sp. CCUG 42997
1198324,Halopelagius fulvigenes
1198245,Micromonospora avicenniae
119495,Actinomyces catuli
118999,Methylobacterium sp. LMG 19419
118675,Chroococcidiopsis sp. PCC 6712
118322,Lyngbya aestuarii
1177732,Varibaculum sp. CCUG 45271
1177728,Varibaculum sp. CCUG 31793
1175445,Methanocella arvoryzae
1173101,Methylomonas paludis
1173023,Fischerella sp. PCC 9431
1173021,cyanobacterium PCC 7702
1168171,Aquibacillus albus
1167823,Amnibacterium sp. VN08A0400
1167604,Streptomyces catbensis
1166680,alpha proteobacterium CPCC 100088
1165507,Luteimonas vadosa
1164945,Enteractinococcus sp. YIM 100602
116087,Gallicola barnesae
1158338,Persephonella sp. IF05-L8
115748,Cyanobium sp. PCC 9005
115746,Synechococcus sp. PCC 7920
115744,Synechococcus sp. PCC 7902
1156433,Streptococcus sp. I-P16
115561,Halomonas hydrothermalis
115555,Halomonas axialensis
1155537,Saccharomonospora sp. YIM M11204177
1155536,Saccharomonospora oceani
1155534,Pseudonocardia sp. YIM M10931-1
1155527,Micromonospora sp. YIM M10932
115336,Actinomadura vinacea
114885,Mycoplasma maculosum
114702,Actinomyces lingnae
114692,Streptomyces yogyakartensis
1146890,Paenibacillus sp. YIM 110206
114528,Mogibacterium neglectum
114259,Nocardia paucivorans
1141647,Nocardia arizonensis
1141353,Azospirillum sp. TNCSF Aa13
1137985,Lutibacter sp. R-30339
1137961,Allokutzneria sp. NRRL B-24872
113571,Actinoplanes rectilineatus
113570,Actinoplanes palleronii
113569,Cryptosporangium minutisporangium
1134563,Prevotella sp. JCM 6348
1133364,Paenibacillus vulneris
1128623,Rhizobium sp. JCM 5499
1128621,Lysinibacillus sp. JCM 10912
1128614,Bacillus sp. JCM 10530
1128180,Bradyrhizobium sp. CCBAU 15635
1128023,Hymenobacter sp. I/74-Cor2
1123979,Pseudomonas jianii
1123961,Alicyclobacillus mali
1123956,Oceanobacterium insulare
1123952,Thalassocella subtropicalis
1123950,Robiginosimarina momoshimaensis
1123914,Spirillum lunatum
1123795,Kurthia sp. STM19
112234,Chryseobacterium joostei
1118469,Rhizobium sp. JCM 5504
111807,Actinomadura yumaensis
1118061,Alistipes obesi
1118058,Actinomyces sp. ph3
111804,Actinomadura oligospora
111803,Actinocorallia longicatena
1114982,Achromobacter cholinophagum
1114173,Pseudoalteromonas sp. NBRC 107706
1114172,Pseudoalteromonas sp. NBRC 107705
1114117,Lactobacillus sp. NBRC 107298
1114113,Lactobacillus sp. NBRC 107294
1114099,Lactobacillus sp. NBRC 107279
1114092,Weissella sp. NBRC 107272
1114077,Lactobacillus sp. NBRC 107255
1114067,Weissella sp. NBRC 107245
1114049,Lactobacillus sp. NBRC 107226
1114042,Weissella sp. NBRC 107219
1114040,Weissella sp. NBRC 107217
1114039,Lactobacillus sp. NBRC 107216
1114035,Lactobacillus sp. NBRC 107212
1114033,Lactobacillus sp. NBRC 107210
1114031,Lactobacillus sp. NBRC 107208
1114027,Weissella sp. NBRC 107204
1114022,Lactobacillus sp. NBRC 107199
1114018,Lactobacillus sp. NBRC 107195
1114014,Lactobacillus sp. NBRC 107191
1114008,Lactobacillus sp. NBRC 107185
1114002,Lactobacillus sp. NBRC 107179
1113998,Lactobacillus sp. NBRC 107175
1113997,Lactobacillus sp. NBRC 107174
1113986,Lactobacillus sp. NBRC 106047
1113982,Weissella sp. NBRC 106043
1113981,Lactobacillus sp. NBRC 106042
1113980,Lactobacillus sp. NBRC 106041
1113978,Lactobacillus sp. NBRC 106039
1113977,Lactobacillus sp. NBRC 106038
1113973,Lactococcus sp. NBRC 106034
1113963,Lactobacillus sp. NBRC 106024
1113946,Lactococcus sp. NBRC 106007
1113933,Bacillus sp. NBRC 104470
1113931,Ferrimonas sp. NBRC 104251
1113922,Sphingobium sp. NBRC 103272
1113921,Sporolactobacillus sp. NBRC 103097
1113920,Sporolactobacillus sp. NBRC 103096
1113916,Hahella sp. NBRC 102623
1113909,Virgibacillus sp. NBRC 102404
1113908,Halomonas sp. NBRC 102403
1113907,Chromohalobacter sp. NBRC 102402
1113906,Chromohalobacter sp. NBRC 102401
1113894,Alcanivorax sp. NBRC 102023
1113893,Alcanivorax sp. NBRC 102022
1113892,Alcanivorax sp. NBRC 102021
1113891,Oceanisphaera sp. NBRC 102020
1113886,Polynucleobacter sp. NBRC 101963
1113842,Halomonas sp. NBRC 101897
1113837,Sphingomonas sp. NBRC 101873
1113835,Rhizobium sp. NBRC 101871
1113834,Rhizobium sp. NBRC 101870
1113827,Vibrio sp. NBRC 101804
1113824,Brevundimonas sp. NBRC 101767
1113823,Paracoccus sp. NBRC 101766
1113822,Microbulbifer sp. NBRC 101765
1113821,Microbulbifer sp. NBRC 101764
1113819,Hahella sp. NBRC 101762
1113817,Pseudoalteromonas sp. NBRC 101725
1113815,Paracoccus sp. NBRC 101723
1113811,Sphingomonas sp. NBRC 101719
1113809,Sphingomonas sp. NBRC 101717
1113808,Sphingomonas sp. NBRC 101716
1113807,Sphingomonas sp. NBRC 101715
1113805,Marinobacter sp. NBRC 101712
1113803,Marinobacter sp. NBRC 101710
1113802,Marinobacter sp. NBRC 101709
1113801,Marinobacter sp. NBRC 101708
1113799,Sphingomonas sp. NBRC 101705
1113786,Exiguobacterium sp. NBRC 101652
1113785,Brochothrix sp. NBRC 101651
1113781,Exiguobacterium sp. NBRC 101647
1113775,Galbibacter sp. NBRC 101636
1113772,Flavobacterium sp. NBRC 101627
1113771,Spirosoma sp. NBRC 101364
1113770,Pedobacter sp. NBRC 101363
1113769,Hymenobacter sp. NBRC 101362
1113768,Hymenobacter sp. NBRC 101361
1113758,Muricauda sp. NBRC 101325
1113757,Hydrogenophaga sp. NBRC 101324
1113754,Cellulophaga sp. NBRC 101309
1113752,Polaribacter sp. NBRC 101306
1113751,Flavobacterium sp. NBRC 101304
1113750,Flavobacterium sp. NBRC 101303
1113748,Bacillus sp. NBRC 101285
1113746,Bacillus sp. NBRC 101258
1113744,Bacillus sp. NBRC 101253
1113743,Bacillus sp. NBRC 101252
1113741,Bacillus sp. NBRC 101250
1113738,Bacillus sp. NBRC 101224
1113737,Bacillus sp. NBRC 101223
1113735,Bacillus sp. NBRC 101221
1113727,Alcanivorax sp. NBRC 101097
1113725,Alcanivorax sp. NBRC 101095
1113724,Alcanivorax sp. NBRC 101094
1113723,Alcanivorax sp. NBRC 101092
1113722,Sphingomonas sp. NBRC 101090
1113712,Photobacterium sp. NBRC 101057
1113711,Psychrobacter sp. NBRC 101055
1113710,Psychrobacter sp. NBRC 101054
1113709,Psychrobacter sp. NBRC 101052
1113707,Psychrobacter sp. NBRC 101050
1113703,Polaribacter sp. NBRC 101040
1113700,Photobacterium sp. NBRC 101037
1113697,Pseudomonas sp. NBRC 100991
1113696,Halomonas sp. NBRC 100990
1113693,Flammeovirga sp. NBRC 100897
1113692,Flammeovirga sp. NBRC 100896
1113691,Flammeovirga sp. NBRC 100895
1113689,Flammeovirga sp. NBRC 100893
1113688,Flammeovirga sp. NBRC 100892
1113685,Flammeovirga sp. NBRC 100889
1113673,Sporosarcina sp. NBRC 100707
1113670,Sporosarcina sp. NBRC 100704
1113669,Paracoccus sp. NBRC 100641
1113664,Alcaligenes sp. NBRC 100442
1113661,Sphingomonas sp. NBRC 15917
1113659,Sphingomonas sp. NBRC 15915
1113658,Sphingomonas sp. NBRC 15914
1113656,Psychrobacter sp. NBRC 15753
1113655,Psychrobacter sp. NBRC 15736
1113652,Aneurinibacillus sp. NBRC 15378
1113651,Bacillus sp. NBRC 15377
1113650,Sphingobacterium sp. NBRC 15340
1113649,Sphingobacterium sp. NBRC 15338
1113648,Geobacillus sp. NBRC 15316
1113647,Geobacillus sp. NBRC 15314
1113646,Geobacillus sp. NBRC 15313
1113645,Runella sp. NBRC 15147
1113644,Runella sp. NBRC 15129
1113643,Runella sp. NBRC 15128
1113632,Mesorhizobium sp. NBRC 14996
1113631,Paracoccus sp. NBRC 14911
1113625,Lactobacillus sp. NBRC 14512
1113622,Ochrobactrum sp. NBRC 14130
1113618,Paenibacillus sp. NBRC 13639
1113617,Paenibacillus sp. NBRC 13637
1113616,Paenibacillus sp. NBRC 13633
1113615,Paenibacillus sp. NBRC 13632
1113614,Paenibacillus sp. NBRC 13630
1113613,Paenibacillus sp. NBRC 13579
1113609,Sphingobacterium sp. NBRC 13496
1113606,Paenibacillus sp. NBRC 13294
1113605,Paenibacillus sp. NBRC 13157
1113604,Pseudomonas sp. NBRC 12994
1113603,Ochrobactrum sp. NBRC 12953
1113602,Ochrobactrum sp. NBRC 12952
1113600,Ochrobactrum sp. NBRC 12950
1113599,Providencia sp. NBRC 12931
1113593,Bacillus sp. NBRC 3967
1113589,Collimonas sp. NBRC 3740
1113588,Bacillus sp. NBRC 3527
1113584,Gluconobacter sp. NBRC 3259
1113583,Lactobacillus sp. NBRC 3231
1111983,Trichococcus sp. KOPRI80176
1111962,Clostridium sp. KOPRI80152
1111961,Clostridium sp. KOPRI80151
111143,Alishewanella fetalis
110832,Erythrobacter sp. MBIC4118
110831,Erythrobacter sp. MBIC4117
110539,Mycobacterium vanbaalenii
110101,Laceyella putida
110099,Thermoactinomyces sanguinis
1095914,Pseudonocardia yuanmonensis
109046,Methanosarcina baltica
1088767,Thermoactinospora rubra
1086703,Luteolibacter luojiensis
1080712,Methanomassiliicoccus luminyensis
108058,Porphyromonas canis
1078663,Mesorhizobium sp. ORS 3678
1078392,Aggregatibacter sp. CCUG 36139
107580,Bacteroides sp. CIP103040
1072643,Pseudonocardia sp. YIM 65235
1071880,Sphingobacterium sp. CCBAU 10953
1071875,Pedobacter sp. CCBAU 10902
1071874,Paracoccus sp. CCBAU 10893
1071862,Chryseobacterium sp. CCBAU 10985
1071860,Brevundimonas sp. CCBAU 10915
1071852,Azospirillum sp. CCBAU 10975
1071850,Arthrobacter sp. CCBAU 10838
1071849,Aeromicrobium sp. CCBAU 10887
1070888,Thermomonospora sp. YIM 75085
1070869,Dietzia sp. YIM 76027
1070864,Actinophytocola sp. YIM 75635
1070863,Actinomadura sp. YIM 75700
1070860,actinobacterium YIM 75000
1070699,Clostridiaceae bacterium JC118
1056807,Morococcus cerebrosus
1055104,Cobetia amphilecti
105420,Streptacidiphilus neutrinimicus
1053469,Bosea sp. LMG 26380
1051899,Actimicrobium antarcticum
1048425,cyanobacterium IHB-410
1048424,cyanobacterium IHB-347
1042877,Thermococcus sp. 4557
104271,marine bacterium MBIC1357
104270,Tenacibaculum ovolyticum
104269,Tenacibaculum amylolyticum
104205,Streptomonospora salina
1038904,Actinomadura sediminis
103855,Bordetella hinzii
103837,Nonomuraea roseoviolacea
103836,Thermopolyspora flexuosa
103730,Actinokineospora inagensis
1036679,Methanosarcina spelaei
1035043,Tenuibacillus halotolerans
1035,Afipia felis
1034798,Actinorectispora indica
1034636,Providencia sp. BIHB 1402
1034635,Myroides sp. BIHB 1385
1033731,Alistipes timonensis JC136
1027984,Chroococcidiopsis sp. PCC 8201
1027568,planctomycete DSM1A9
1025,Flammeovirga arenaria
102235,Cyanobacterium stanieri
102226,Amycolatopsis albidoflavus
102170,Desulfotomaculum sapomandens
102128,Leptolyngbya sp. PCC 73110
102126,Pseudanabaena sp. PCC 6903
102117,Oscillatoria sancta
1008152,Haladaptatus pallidirubidus
1008139,Halostagnicola sp. YIM 93786
1008138,Halostagnicola sp. YIM 93705
100584,Pseudomonas sp. MBIC2027
1005741,Saprospiraceae bacterium KMM 9006
1003090,Methylobacterium sp. T5
1001,Flexibacter polymorphus
