,cluster,bact_name
0,0,Oceaniglobus
1,1,Flemingibacterium
2,2,F0428
3,2,Lachnoanaerobaculum
4,2,Carnobacterium_A
5,1,GCA-900066755
6,1,Monoglobus
7,1,Pararhizobium
8,2,PD-1
9,1,CAG-448
10,3,MGBC122484
11,3,Sutterella
12,1,CAG-177
13,1,Sporobacter
14,4,UMGS1494
15,5,RUG191
16,2,Siminovitchia
17,5,UMGS1307
18,1,UMGS1387
19,2,Mycobacterium
20,4,Selenomonas
21,1,Chlorobaculum
22,1,Marvinbryantia
23,2,Alcanivorax
24,1,UBA7177
25,3,RGIG4057
26,1,Faecivivens
27,0,Zag111
28,1,SIG672
29,1,CAG-45
30,2,Gilliamella
31,1,BOG-234
32,3,Veillonella_A
33,4,Serratia
34,1,Emergencia
35,2,GCA-2753565
36,5,Olsenella_D
37,1,Bacillus
38,1,Faecousia
39,2,Cellulophaga
40,1,Faecivicinus
41,1,UBA866
42,4,Alloprevotella
43,1,Aphodovivens
44,0,Anaerotignum
45,2,UBA999
46,5,Paenibacillus_C
47,2,Roseivirga
48,5,Parabacteroides_B
49,2,Escherichia
50,3,Oecophyllibacter
51,0,Sulfurospirillum
52,1,Mediterraneibacter_A
53,1,Nitrobacter
54,1,UMGS973
55,1,Duncaniella
56,4,Paenibacillus
57,4,UBA4372
58,1,Coprocola
59,1,UMGS882
60,4,UBA4285
61,6,CAG-873
62,5,Aliarcobacter
63,1,Avoscillospira_A
64,1,Angelakisella
65,1,Sharpea
66,2,Agrobacterium
67,5,UBA1195
68,5,Eubacterium
69,6,Luminiphilus
70,2,Sodalis_B
71,3,Pedobacter
72,1,UBA1405
73,1,HGM12713
74,6,Paenisporosarcina
75,1,Lawsonibacter
76,0,Allopseudarcicella
77,5,COE1
78,0,Erysipelothrix
79,2,Hymenobacter
80,1,JAHAAN01
81,0,Phascolarctobacterium_A
82,1,Enterosoma
83,1,AF33-28
84,1,Pseudolachnospira
85,1,RUG11977
86,1,HGM11808
87,2,Clostridium_F
88,1,Borkfalkia
89,5,UMGS1370
90,1,UBA3263
91,1,Ruegeria
92,1,Mucinivorans
93,2,Liquorilactobacillus
94,1,UBA737
95,2,Rossellomorea
96,0,Catenibacterium
97,1,Syntrophaceticus
98,1,RUG626
99,0,Ruminiclostridium_E
100,5,UBA1227
101,5,QAKR01
102,3,Rs1
103,2,Romboutsia
104,3,Salinivibrio
105,2,Cronobacter
106,1,Scatovivens
107,1,Ancylomarina
108,3,CACNYO01
109,5,Edaphobacter
110,0,HGM11386
111,5,Merdimorpha
112,1,Fournierella
113,3,RUG11237
114,3,Fimimorpha
115,2,Aquiflexum
116,6,Azobacteroides
117,2,Ornithinibacillus
118,0,Alkaliphilus
119,1,Ga0077560
120,2,Rosenbergiella
121,1,RGIG2163
122,1,Mobilitalea
123,2,Rouxiella
124,6,Vannielia
125,3,Modestobacter
126,1,Spirosoma
127,0,UMGS1590
128,1,Bariatricus
129,6,Desulfobacter
130,5,Eubacterium_Q
131,1,CAG-345
132,2,Veillonella
133,0,Fimadaptatus
134,2,Gleimia
135,2,Yersinia
136,1,Desulfosporosinus
137,1,Wolbachia
138,1,UBA7173
139,1,Kineothrix
140,2,Leuconostoc
141,1,Merdivivens
142,4,Chimaeribacter
143,3,Niallia
144,3,MGBC136627
145,1,Gemmata
146,1,Howiella
147,3,Massiliomicrobiota
148,3,BOG-930
149,1,CAG-1193
150,2,Samsonia
151,1,CAG-1024
152,3,Phocaeicola
153,3,Erysipelatoclostridium
154,4,Sporosarcina
155,1,Azospirillum
156,1,UMGS1820
157,6,Edwardsiella
158,4,UMGS1502
159,5,UBA7109
160,0,C7867-001
161,3,Anaerostipes
162,3,Acidovorax_A
163,1,Mageeibacillus
164,0,UMGS1864
165,1,UMGS1851
166,6,Desulfovibrio
167,2,Acidibacillus_A
168,1,Acutalibacter
169,5,CAG-603
170,6,RGIG4079
171,6,Draconibacterium
172,5,Luxibacter
173,2,Anaerococcus
174,2,Trabulsiella
175,4,Proteiniphilum
176,1,SIG710
177,6,Anaeromassilibacillus
178,1,HGM11616
179,3,NK4A144
180,0,Traorella
181,3,Gorillibacterium
182,5,Actinoplanes
183,4,CAIVAT01
184,1,CAG-115
185,2,Erwinia
186,2,Enterobacter_D
187,1,1XD8-76
188,1,Pseudoruminococcus_B
189,5,Dyella
190,1,Avelusimicrobium
191,1,Eisenbergiella
192,5,MD308
193,0,Halomonas_E
194,1,RGIG7114
195,5,HGM11530
196,1,Lacrimispora
197,1,UBA1784
198,1,RGIG1874
199,2,Sinobacterium
200,1,Butyrivibrio_A
201,6,Floccifex
202,1,UMGS1384
203,3,Psychrobacillus
204,1,UBA1774
205,2,Rahnella
206,1,UBA5884
207,5,Faecalicoccus
208,2,Robinsoniella
209,0,UBA1685
210,1,Gemmiger
211,5,Pullilachnospira
212,1,Sphaerochaeta
213,1,Calidifontibacillus
214,0,JAAYOP01
215,2,Halobacillus
216,5,Coprousia
217,1,HUN007
218,3,Gallispira
219,1,F1-20-MAGs160
220,0,Frisingicoccus
221,2,Serratia_A
222,5,Devosia
223,1,Harryflintia
224,1,UBA1447
225,5,Leadbetterella
226,1,Paralachnospira
227,1,UBA7050
228,1,Eubacterium_G
229,1,Afipia
230,1,Limivicinus
231,6,Caryophanon
232,1,UBA5905
233,5,DSCM01
234,0,Pseudophaeobacter
235,6,Thauera
236,5,Leucobacter
237,2,Marinoscillum
238,2,Clostridium_H
239,1,CAJFUR01
240,1,Tractidigestivibacter
241,2,Ga0077554
242,1,HGM13222
243,5,Clostridium_AI
244,2,Citrobacter_C
245,5,Pelethocola
246,5,Aureimonas
247,0,UMGS1975
248,4,Thioflexothrix
249,5,Anaerofustis
250,2,Aromatoleum
251,3,Lachnoclostridium
252,2,Gemella
253,1,HGM16780
254,2,Marinobacter
255,3,Anaeromusa
256,2,Morganella
257,1,UMGS1312
258,5,Lachnoclostridium_B
259,1,Amulumruptor
260,1,Halochromatium
261,1,Clostridium_J
262,6,Lysobacter
263,1,Parolsenella
264,3,Clostridium_B
265,2,Shimwellia
266,1,Caccosoma
267,1,Phil1
268,1,Fimimonas
269,3,Desulfamplus
270,0,Coprobacillus
271,0,Copromorpha
272,5,HGM11521
273,5,Flavonifractor
274,2,Coprovivens
275,0,CAG-1000
276,2,Salmonella
277,2,Listeria
278,1,SFJ001
279,6,Fen-1258
280,1,Rhizomicrobium
281,0,UBA7405
282,1,RUG762
283,1,Porcincola
284,1,UBA3305
285,1,Sneathiella
286,1,Merdivicinus
287,3,Bifidobacterium
288,0,Pelethousia
289,5,CAG-307
290,1,Youngiibacter
291,5,Sporolactobacillus
292,5,JAGZHZ01
293,2,Pararheinheimera
294,6,Thiovulum
295,3,Achromobacter
296,1,RUG14243
297,5,GCA-2401725
298,0,Amylibacter
299,1,CAG-83
300,2,Finegoldia
301,1,Cryptobacteroides
302,3,Lactococcus
303,6,Pseudomonas
304,3,Rikenella
305,5,Burkholderia
306,2,Streptomyces
307,3,Gulosibacter
308,4,Bulleidia
309,5,Faecalibacillus
310,2,Desertactinospora
311,3,Terrisporobacter
312,2,Kushneria
313,1,Solibaculum
314,2,Ochrobactrum
315,1,Intestinimonas
316,2,Endoriftia
317,5,Lachnospira
318,0,CAG-964
319,5,Brevibacillus
320,1,Stoquefichus
321,5,JAAYQI01
322,1,Raoultibacter
323,1,Ramlibacter
324,5,UBA1754
325,5,MGBC124762
326,1,Coprovicinus
327,6,Telluribacter
328,2,Bacillus_A
329,3,Aerococcus
330,5,Catenibacillus
331,1,Bittarella
332,6,Larkinella
333,2,Acinetobacter
334,2,Sanguibacter
335,1,Faecalitalea
336,1,Clostridium_E
337,1,CAG-488
338,3,Parasutterella
339,5,Amedibacillus
340,5,MGBC113645
341,2,Enterococcus_A
342,1,Lacticaseibacillus
343,6,Desulfovibrio_R
344,1,Baileyella
345,4,Coprococcus
346,1,Firm-04
347,3,Confluentibacter
348,0,Ruminococcus_E
349,2,Pasteurella
350,1,RGIG3528
351,2,Mixta
352,2,Serratia_D
353,5,UBA2882
354,1,SFDP01
355,5,JAHALF01
356,1,Hydrogenoanaerobacterium
357,1,UBA4644
358,5,Hungatella_A
359,6,MVYY01
360,2,Brumimicrobium
361,0,Johnsonella
362,0,Chlorobium
363,2,Rothia
364,5,Brevefilum
365,1,Thermoclostridium
366,0,Rubrivivax
367,1,Rhodoferax
368,1,RGIG8745
369,1,Coprobacter
370,1,Paraprevotella
371,1,CAJPPJ01
372,1,JACRCG01
373,4,UBA1765
374,3,Arachnia
375,2,Enterovibrio
376,0,SLNP01
377,3,XBB2008
378,6,Choladousia
379,1,UBA738
380,3,Alteromonas
381,1,Avoscillospira
382,1,RGIG4709
383,0,Pseudodesulfovibrio
384,1,Palsa-295
385,5,Limenecus
386,1,RGIG9079
387,0,Pseudobacter
388,4,Muricauda
389,2,Companilactobacillus
390,3,Haemophilus
391,4,Jejubacter
392,4,UBA7597
393,1,MGBC113161
394,1,Firm-10
395,6,Fibrobacter
396,6,Stenotrophomonas
397,1,UBA6024
398,1,CAG-170
399,1,KLE1615
400,4,Photobacterium
401,2,Oribacterium
402,1,SIG483
403,1,Avimicrobium
404,0,Saccharibacillus
405,6,Coprenecus
406,0,Paludibaculum
407,3,Clostridium_AK
408,6,Stercorousia
409,5,Dorea_A
410,1,SZUA-582
411,1,AC2028
412,0,Jejuia
413,1,Dysosmobacter
414,5,Butyrivibrio
415,1,UMGS856
416,2,Macrococcus_B
417,4,Leptotrichia_A
418,1,HGM04593
419,6,UMGS872
420,5,Mediterraneibacter
421,1,Odoribacter
422,4,Bacteroides_H
423,3,Peptoniphilus
424,4,Clostridium_A
425,0,Propionivibrio
426,1,SZUA-53
427,3,Scybalomonas
428,4,UBA636
429,1,Gibbsiella
430,2,Nitrincola
431,6,Runella
432,3,Alkalihalobacillus
433,3,VUNI01
434,2,Flavobacterium
435,2,Sodalis_A
436,4,Zymobacter
437,4,QFNR01
438,2,Peptacetobacter
439,4,Flammeovirga
440,3,Methyloprofundus
441,3,GCA-2718895
442,6,Petrimonas
443,5,UBA3210
444,6,Succinivibrio
445,1,Ruthenibacterium
446,2,Nostoc
447,4,Atlanticothrix
448,4,Ochrobactrum_A
449,2,Pectobacterium
450,2,RGIG9060
451,5,Reichenbachiella
452,1,UMGS1865
453,3,Clostridium_L
454,1,Spirillospora
455,1,UMGS755
456,2,Halomonas
457,1,Ventricola
458,1,Alistipes_A
459,3,Faecalimonas
460,1,UMGS1322
461,1,1XD42-69
462,4,UBA1786
463,1,PeH17
464,5,UBA4293
465,5,UBA945
466,1,Alistipes
467,4,Pseudescherichia
468,5,Enterococcus
469,2,Bradyrhizobium
470,1,D16-34
471,1,NSJ-50
472,4,Lactobacillus
473,1,SFHK01
474,1,SIG332
475,5,Parabacteroides
476,5,Paenibacillus_A
477,2,Mangrovibacter
478,3,RGIG8607
479,1,Propionicimonas
480,0,RUG440
481,2,Shewanella
482,0,Pullichristensenella
483,2,Nanogingivalis
484,3,Merdimonas
485,2,Gelidibacter
486,1,Choladocola
487,1,Slackia_A
488,5,CAJPSE01
489,5,Longibaculum
490,3,OLB9
491,1,Instestinimonas_A
492,1,WRMH01
493,1,Methylobacterium
494,4,Pseudanabaena
495,5,UBA8316
496,3,Aminipila
497,2,Chryseobacterium
498,2,Budvicia
499,1,Nocardia
500,1,Firm-07
501,0,RBG-16-49-21
502,3,Peribacillus
503,1,Pseudocolwellia
504,0,Onthousia
505,6,CAG-433
506,4,Tannerella
507,2,Lactiplantibacillus
508,1,Silicimonas
509,1,RUG13583
510,6,UBA3789
511,5,Ensifer
512,1,51-20
513,4,Symbiopectobacterium
514,5,Brevundimonas
515,1,CAG-882
516,2,Colwellia
517,0,Arthrobacter_I
518,1,UBA1752
519,5,Faecimorpha
520,3,Aquimarina
521,1,Solidesulfovibrio
522,1,Caccoplasma
523,1,CAG-1427
524,2,Moraxella
525,2,Bowmanella
526,5,UBA1258
527,3,Polaribacter
528,1,Fimivicinus
529,1,Faeciplasma
530,3,MGBC114844
531,2,Silvanigrella
532,1,CAG-841
533,1,Luteimonas
534,3,RGIG1668
535,4,JACROS01
536,4,Neorhizobium
537,3,Lacibacter
538,1,CAG-632
539,2,Arthrobacter_D
540,2,Clostridium_Z
541,1,CAG-127
542,5,Hafnia
543,2,Selenomonas_A
544,2,CAJAVM01
545,2,JGM124
546,1,SFEL01
547,0,JADGBM01
548,3,Planococcus
549,3,Evansella
550,0,Alangreenwoodia
551,1,UMGS915
552,1,Haloimpatiens
553,1,Fimicola
554,2,Moorea
555,2,Escherichia_C
556,0,Dorea
557,6,HCH-1
558,1,SIG308
559,1,UBA1140
560,1,Caccousia
561,3,Megamonas
562,4,Leclercia
563,2,Neisseria
564,1,QAMM01
565,1,Mailhella
566,1,CAG-510
567,2,Nitromaritima
568,1,Coprococcus_A
569,2,Lautropia
570,3,Anaerocolumna
571,1,Ventrimonas
572,3,Peptoniphilus_C
573,1,UBA7067
574,1,QANA01
575,6,CAG-303
576,1,Treponema_F
577,1,UBA2912
578,3,TWA4
579,2,Granulicatella
580,2,Solirubrobacter
581,2,Corynebacterium
582,0,Butyribacter
583,5,CAG-194
584,0,Giesbergeria
585,2,Agarivorans
586,1,Coproplasma
587,5,Collinsella
588,2,Allorhizobium
589,1,JAGOJE01
590,1,Fen-1298
591,3,Romboutsia_B
592,1,Duodenibacillus
593,3,Fimousia
594,4,Catenulispora
595,2,Slackia
596,1,UBA4716
597,2,Izhakiella
598,3,Clostridium_AD
599,1,Ventrousia
600,1,UBA6857
601,5,UBA11512
602,1,UMGS1696
603,2,Mogibacterium
604,1,ML8-F1
605,2,Cocleimonas
606,0,UMGS172
607,3,Sporofaciens
608,1,QANG01
609,2,Aquarickettsia
610,5,Paraburkholderia
611,2,Thermomonospora
612,2,Rodentibacter
613,0,Pseudoscilispira
614,1,UBA1762
615,6,Zoogloea
616,6,Paludibacter
617,0,UBA721
618,6,UBA6772
619,2,Chthoniobacter
620,2,Aulosira
621,2,Rheinheimera
622,5,JABAQZ01
623,5,Anaerobium
624,1,Fimivivens
625,1,Oscillibacter
626,2,Corallococcus
627,2,Lancefieldella
628,1,Bact-11
629,1,UBA7477
630,5,JAGZMM01
631,2,Sphingobacterium
632,1,UBA6987
633,5,QALR01
634,1,Cohnella
635,2,Eubacterium_B
636,1,Gemmiger_A
637,1,Pseudoruminococcus_A
638,1,MWCK01
639,2,Gramella
640,1,Treponema_D
641,3,Silvibacterium
642,2,Desulfomicrobium
643,3,Hornefia
644,0,HGM11372
645,2,Pelagibacter
646,2,Pigmentiphaga
647,5,Bullifex
648,4,Brachyspira
649,1,RGIG3002
650,2,Avibacterium
651,3,Clostridium_N
652,1,SIG502
653,1,CAJLXD01
654,3,T1SED10-26
655,2,Scandinavium
656,2,Anaerosporobacter
657,1,UBA3855
658,3,Ruminococcus_B
659,2,Anaerobacterium
660,3,Schaedlerella
661,5,CAG-1031
662,1,Phenylobacterium
663,1,UBA1425
664,3,Ignavigranum
665,1,UBA6192
666,1,UBA3818
667,1,NK4A136
668,4,Anaerovibrio
669,1,UBA4675
670,2,Biostraticola
671,1,Limisoma
672,6,UMGS1375
673,2,PLLO
674,5,RGIG3040
675,1,CAG-485
676,2,Bartonella
677,2,Limnobaculum
678,1,Enterenecus
679,1,CAG-196
680,2,Macrococcus
681,1,CAG-475
682,2,Limosilactobacillus
683,5,Rhodococcus
684,5,JAAFHB01
685,1,Onthocola_B
686,6,RUG420
687,2,Campylobacter_A
688,1,Anaerotruncus
689,1,HGM11525
690,1,CAG-582
691,5,Bilophila
692,0,Microvirga
693,1,DUPK01
694,2,Nafulsella
695,0,UMGS1781
696,1,Streptacidiphilus
697,3,Thermoanaerobacterium
698,1,SIG588
699,1,DTU089
700,6,Limadaptatus
701,1,NSJ-40
702,4,Collimonas
703,1,Timburyella
704,2,CAG-710
705,2,Streptococcus
706,1,Avispirillum
707,3,Enterococcus_J
708,0,RUG115
709,0,SCUB01
710,3,Caulobacter
711,4,Enterobacter_B
712,3,Egerieimonas
713,3,Paraclostridium
714,1,Terracidiphilus
715,4,Brevibacterium
716,1,Fimiplasma
717,1,Negativibacillus
718,0,ER4
719,1,UBA1179
720,1,CAG-302
721,6,CAIUMM01
722,1,Turicimonas
723,3,Eggerthella
724,5,Hespellia
725,1,Sideroxydans
726,0,UBA1711
727,2,Cellvibrio
728,3,Formosa
729,1,RUG472
730,0,Evtepia
731,2,Roseomonas
732,3,Paenibacillus_E
733,5,Enterococcus_B
734,1,SFFI01
735,2,Trichormus
736,2,Centipeda
737,1,CSSed10-48
738,0,CAG-217
739,4,RUG11857
740,2,Fusobacterium_B
741,1,Scybalosoma
742,1,NSJ-51
743,5,Hungateiclostridium
744,3,Saccharimonas
745,6,UMGS1663
746,6,Egerieousia
747,3,Pectinatus
748,2,Aquirufa
749,0,RUG714
750,3,CTSoil-075
751,1,Enteroscipio
752,1,Fimenecus
753,4,Oceanospirillum
754,2,Aggregatibacter
755,1,WRDE01
756,1,RUG806
757,1,UMGS1326
758,6,Sphingobium
759,1,UBA1221
760,4,Allisonella
761,5,CHH4-2
762,5,Persephonella
763,0,UMGS1766
764,1,CAJJNI01
765,3,Okeania
766,1,RGIG1995
767,1,Onthomonas
768,3,CCUG-7971
769,1,CAG-273
770,2,GCA-2402195
771,1,HGM12587
772,3,Filifactor
773,1,UMGS1477
774,3,Oceanobacillus
775,6,Ectothiorhodospira
776,3,JAFGTX01
777,2,Ellagibacter
778,2,SAR86A
779,3,GCA-002723295
780,2,Parvimonas
781,3,Tetrasphaera
782,5,Merdiplasma
783,6,PALSA-1081
784,6,Avirikenella
785,3,Legionella
786,2,Erwinia_A
787,1,Victivallis
788,6,UBA6382
789,1,CAG-269
790,0,Ventrisoma
791,1,UBA2658
792,1,Neobittarella
793,1,Pseudoflavonifractor
794,2,Pauljensenia
795,0,Ekhidna
796,3,Metabacillus
797,0,CAG-390
798,5,GCA-900066495
799,6,Puniceibacterium
800,5,Murimonas
801,3,Chromatium
802,2,Chroococcus
803,2,Shuttleworthia
804,3,Necropsobacter
805,1,Kitasatospora
806,2,Specibacter
807,1,Falcatimonas
808,3,SIG471
809,1,CAJFUH01
810,1,UBA1213
811,3,An181
812,5,Merdibacter
813,2,Sediminibacterium
814,5,RGIG1988
815,0,SIG440
816,1,Caproicibacterium
817,0,Desulfohalovibrio
818,2,Winogradskyella
819,1,CAJFPI01
820,1,Allosphingosinicella
821,1,UMGS2069
822,5,UBA9715
823,5,Amycolatopsis
824,2,MGBC110633
825,2,NC2004
826,5,IGN3
827,5,Murdochiella
828,1,Tidjanibacter
829,1,UMGS1491
830,2,Clostridium
831,2,Onthovivens
832,1,Limiplasma
833,1,Succiniclasticum
834,5,Cuneatibacter
835,1,Scatosoma
836,3,NSJ-61
837,1,Enorma
838,4,Desulfonatronum
839,3,JADQBV01
840,3,Acidaminococcus
841,2,Peptoniphilus_B
842,1,UBA1066
843,2,Buttiauxella
844,2,Asaccharospora
845,1,Bacteroides
846,1,Lewinella_A
847,2,Nanosynbacter
848,1,UBA1712
849,3,MGBC100174
850,1,Faecimonas
851,2,Leeuwenhoekiella
852,1,Pararuminococcus
853,3,Cellulosilyticum
854,2,Caecibacter
855,1,RGIG4284
856,0,UMGS1908
857,1,QAKL01
858,6,Algoriphagus
859,2,Dysgonomonas
860,6,Limoniibacter
861,1,Aphodomonas
862,1,RGIG2000
863,1,CAG-1782
864,1,Roseomonas_A
865,2,Pantoea
866,1,RUG14109
867,6,ALPHA2B
868,1,UBA1367
869,1,UMGS2068
870,0,UBA7185
871,2,Enteromonas
872,2,Vibrio
873,5,OLB15
874,2,Paucilactobacillus
875,1,Bact-08
876,2,Siccibacter
877,0,UMGS1474
878,2,Alkalihalobacillus_A
879,4,Chryseotalea
880,5,CACZQA01
881,2,Haemophilus_A
882,1,Absicoccus
883,2,Peptostreptococcus
884,3,Haemophilus_D
885,1,Phil12
886,5,Kaistella
887,1,UBA2862
888,1,Paratractidigestivibacter
889,1,SIG351
890,2,Weissella
891,6,W0P31-042
892,3,JAANAU01
893,2,Barnesiella_A
894,5,UBA2813
895,0,Butyricimonas
896,5,VSOB01
897,1,RUG147
898,3,JAGZLR01
899,1,Pygmaiobacter
900,5,Agathobaculum
901,2,MM2
902,6,UBA1417
903,2,Proteus
904,1,RGIG2161
905,1,Egerieenecus
906,1,RGIG3925
907,2,Clostridium_P
908,3,Blautia_A
909,1,CAG-238
910,4,Labilibaculum
911,0,RGIG4576
912,5,Muribaculum
913,1,Roseinatronobacter
914,5,Bilifractor
915,3,UBA3376
916,0,Cupriavidus
917,1,HGM13010
918,1,UMGS775
919,0,WQVC01
920,2,Levilactobacillus
921,5,Bacteroides_F
922,2,Lelliottia
923,2,Serratia_B
924,2,Erwinia_B
925,2,YIM-78166
926,3,Eubacterium_J
927,1,Holdemania
928,0,Noviherbaspirillum
929,5,Cardiobacterium
930,4,Salimicrobium
931,2,Novosphingobium
932,2,Tatlockia
933,1,CAJMAW01
934,5,Faecalibacterium
935,3,Fusicatenibacter
936,3,Sellimonas
937,2,Pseudocitrobacter
938,1,JACQWN01
939,2,Merdicola
940,0,CAJFTX01
941,5,Bog-105
942,3,Colwellia_A
943,2,Franconibacter
944,6,Carboxylicivirga
945,1,Aphodousia
946,3,Lysinibacillus
947,1,Caccovivens
948,1,Geosporobacter
949,3,C-19
950,2,Stomatobaculum
951,5,Psychroserpens
952,3,Gordonia
953,1,Lactonifactor
954,1,Sphingomonas_N
955,1,Nakamurella
956,1,SFMI01
957,1,UBA11524
958,3,Campylobacter_B
959,1,UBA11957
960,2,Sphingomonas
961,1,Hydrogeniiclostridium
962,3,Enterocloster
963,3,Clostridioides
964,2,Bdellovibrio
965,1,RUG11142
966,1,HGM13006
967,1,UMGS363
968,5,RGIG4930
969,6,UBA3839
970,1,UMGS1279
971,6,UBA4334
972,2,Eubacterium_M
973,2,Staphylococcus
974,0,Ga6A1
975,1,Porphyromonas_A
976,5,CABJAA01
977,1,UMGS1933
978,5,CAG-353
979,3,S5-A14a
980,1,Saccharofermentans
981,6,Corticibacterium
982,3,Trichococcus
983,2,Clostridium_AO
984,1,Massilia
985,5,14-2
986,2,Intestinibacter
987,1,UBA6398
988,2,Thiomicrorhabdus
989,1,UMGS621
990,1,UBA629
991,4,Atlantibacter
992,5,UMGS1611
993,1,UBA3792
994,1,UMGS911
995,1,Scatenecus
996,4,Selenomonas_C
997,5,Thiodiazotropha
998,1,Roseicyclus
999,1,Scatavimonas
1000,2,Clostridium_AN
1001,1,Oxalobacter
1002,1,Cecembia
1003,1,UMGS1668
1004,4,Polynucleobacter
1005,1,DTU024
1006,2,Catonella
1007,0,Kandleria
1008,2,Edaphovirga
1009,5,Oceanisphaera
1010,2,Ursidibacter
1011,0,Methylotuvimicrobium
1012,4,Klebsiella
1013,4,Bog-209
1014,0,Fimisoma
1015,5,Dorea_B
1016,4,Nitrosomonas
1017,1,UBA2943
1018,6,Enterobacter
1019,1,An92
1020,1,UMGS2055
1021,2,UBA5261
1022,1,NSJ-62
1023,1,Bact-19
1024,1,RUG572
1025,1,Ruminococcus_D
1026,1,JAAZBA01
1027,2,Fusobacterium
1028,1,DTU036
1029,5,Aliivibrio
1030,5,Gordonibacter
1031,1,Weimeria
1032,4,DB6-IX
1033,1,Limousia
1034,6,CAITKP01
1035,0,SFTJ01
1036,6,BM518
1037,2,Peptoniphilus_A
1038,1,RUG099
1039,2,Metasolibacillus
1040,0,Gabonibacter
1041,5,Massilimaliae
1042,1,Pelethenecus
1043,1,Ruminococcus_F
1044,1,Christensenella
1045,5,Sporomusa
1046,1,Anaerofilum
1047,4,Extibacter
1048,5,UBA3362
1049,1,Ruminiclostridium
1050,5,Pseudomonas_A
1051,2,Providencia
1052,2,Pluralibacter
1053,0,Massilicoli
1054,2,Chania
1055,1,Sedimentibacter
1056,1,Spyradocola
1057,1,UMGS1202
1058,1,UBA5026
1059,1,UBA1545
1060,1,Scatacola_A
1061,1,UBA8612
1062,1,RUG760
1063,2,Clostridium_AH
1064,1,UBA940
1065,5,UBA935
1066,0,RF16
1067,2,Brocadia
1068,0,UMGS1795
1069,2,Enterococcus_E
1070,3,Eikenella
1071,3,Clostridium_AP
1072,3,Clostridium_K
1073,1,Gallibacteroides
1074,2,Caballeronia
1075,2,Xanthomonas
1076,5,Caccovicinus
1077,3,Enterococcus_C
1078,5,KM106-2
1079,5,MGBC164599
1080,6,Thioalkalivibrio
1081,3,Buchnera
1082,1,UBA1740
1083,0,HGM05232
1084,1,UMGS75
1085,0,SFGY01
1086,1,HGM12998
1087,4,Comamonas
1088,1,Phocaeicola_A
1089,0,UMGS1585
1090,1,UBA2918
1091,5,Crocosphaera
1092,3,Herbivorax
1093,1,SIG336
1094,4,Acerihabitans
1095,2,Bacillus_T
1096,1,RGIG3102
1097,0,Quinella
1098,1,RGIG7926
1099,1,Pelethomonas
1100,1,Pseudoxanthomonas
1101,1,Scybalousia
1102,1,Caproicibacter
1103,5,Avigastranaerophilus
1104,4,1-19
1105,1,SIG307
1106,2,Anaerobiospirillum
1107,2,Marinomonas
1108,2,Pseudomonas_E
1109,1,Thermophilibacter
1110,2,Psychrobacter
1111,4,Acetobacter
1112,0,Scatousia
1113,1,Merdisoma
1114,1,UBA1267
1115,3,Blautia
1116,1,RUG563
1117,1,Mesoplasma
1118,1,Caproiciproducens
1119,2,Romboutsia_D
1120,5,Cellulomonas
1121,0,RUG14106
1122,1,RGIG8773
1123,6,Senegalimassilia
1124,3,Halarcobacter
1125,1,Tahibacter
1126,0,Pseudoduganella
1127,1,UBA1189
1128,2,Kocuria
1129,0,Parasegetibacter
1130,0,RGIG1828
1131,1,CAG-41
1132,2,Nonomuraea
1133,5,Kribbella
1134,2,RHBSTW-00994
1135,5,Pseudonocardia
1136,1,Pyramidobacter
1137,1,UMGS1484
1138,0,Cyclobacterium
1139,2,JAFGEQ01
1140,5,Tenacibaculum
1141,2,Chryseomicrobium
1142,2,Caldilinea
1143,5,Desulfosarcina
1144,0,CAG-245
1145,2,Clostridium_AR
1146,1,SZUA-378
1147,6,GCA-2733415
1148,5,Saccharicrinis
1149,1,CAG-95
1150,6,Deinococcus
1151,5,SIG299
1152,5,Gallipaludibacter
1153,5,Streptosporangium
1154,1,Acetatifactor
1155,1,Flavivirga
1156,1,UMGS1052
1157,4,GWA2-31-9
1158,1,F23-B02
1159,5,Muricomes
1160,2,Neobacillus
1161,0,UBA1394
1162,2,SLQR01
1163,2,CAG-884
1164,2,Arsenophonus
1165,1,RUG592
1166,2,LD21
1167,5,Euzebya
1168,1,Adlercreutzia
1169,4,Eubacterium_T
1170,1,ISDg
1171,1,RGIG3566
1172,1,CAG-452
1173,1,Aphodoplasma
1174,5,Helcococcus
1175,1,UBA4717
1176,1,RUG740
1177,6,Citrobacter
1178,2,Lonsdalea
1179,1,JAGTTR01
1180,0,Herbaspirillum
1181,2,Xenorhabdus
1182,0,UMGS1901
1183,2,Fluviibacterium
1184,6,HGM10836
1185,5,Ruminococcus_G
1186,2,Calothrix
1187,6,JABHWU01
1188,1,HGM12814
1189,3,UMGS1251
1190,0,Belliella
1191,4,VUNA01
1192,1,RGIG426
1193,6,Holdemanella
1194,6,Onthomorpha
1195,4,Enterobacter_A
1196,5,MGBC165282
1197,1,Firm-16
1198,3,RGIG7977
1199,1,Phascolarctobacterium
1200,5,CAG-266
1201,1,UBA1181
1202,1,UMGS263
1203,5,UBA3402
1204,1,UMGS1487
1205,2,Spartinivicinus
1206,0,UMGS1994
1207,1,CAG-590
1208,5,Desulfohalotomaculum
1209,4,Yokenella
1210,1,UMGS1572
1211,5,UBA3282
1212,5,UBA2009
1213,1,UMGS1519
1214,2,Abiotrophia
1215,2,F0422
1216,6,Sodaliphilus
1217,0,Eubacterium_R
1218,0,Marseille-P3106
1219,2,Leptotrichia
1220,1,Fretibacterium
1221,5,OM05-12
1222,1,UBA4246
1223,2,Kluyvera
1224,1,Scybalenecus
1225,5,CAG-317
1226,5,Avimuribaculum
1227,6,Methylophaga
1228,1,RUG410
1229,1,Lachnobacterium
1230,3,Scybalocola
1231,1,Massilioclostridium
1232,5,Tolumonas
1233,3,CAJMNU01
1234,2,ZC4RG17
1235,3,GCA-002793235
1236,1,SIG607
1237,1,RUG591
1238,1,Ruminococcus_C
1239,5,Agathobacter
1240,2,Facklamia
1241,1,Lentimicrobium
1242,3,UBA9414
1243,5,Terribacillus
1244,0,Paenibacillus_G
1245,1,Syntrophopropionicum
1246,5,Pseudarthrobacter
1247,1,SIG333
1248,2,Leptospira_A
1249,0,Egerieisoma
1250,0,Avidehalobacter
1251,2,Azoarcus
1252,3,Ilyomonas
1253,1,Avimonas
1254,4,Roseibium
1255,1,UMGS902
1256,5,Metalysinibacillus
1257,1,QXXE01
1258,2,Brenneria
1259,1,Aphodomorpha
1260,6,JAGXLC01
1261,2,Cedecea
1262,2,Paludibacterium
1263,0,UBA11774
1264,1,Barnesiella
1265,5,Oliverpabstia
1266,0,Limimorpha
1267,1,Pontibacter
1268,3,Microbispora
1269,1,Enterousia
1270,1,UMGS1976
1271,1,Clostridium_R
1272,5,CAG-56
1273,1,Paralachnospira_A
1274,1,UBA10677
1275,4,Capnocytophaga
1276,1,Yoonia
1277,3,Anaerobutyricum
1278,0,Reyranella
1279,3,UBA2821
1280,5,Bacteroides_D
1281,3,Bin55
1282,0,Copromonas
1283,2,Dickeya
1284,1,SFTH01
1285,2,Sulfurimonas
1286,0,Ornithospirochaeta
1287,1,Prolixibacter
1288,6,HTCC2207
1289,1,UBA1081
1290,1,HGM12789
1291,6,Regiella
1292,5,KA00274
1293,2,Photorhabdus
1294,3,Serratia_H
1295,5,RGIG6996
1296,1,Intestinibacillus
1297,6,Prevotella
1298,0,Ewingella
1299,1,RGIG423
1300,1,BX12
1301,0,Bosea
1302,0,Akkermansia
1303,2,JAATFO01
1304,2,Sinorhizobium
1305,3,UBA1794
1306,2,Flavipsychrobacter
1307,5,Velocimicrobium
1308,4,Gemmobacter_B
1309,5,Salinicoccus
1310,0,Metalachnospira
1311,1,Chromobacterium
1312,2,Thiobacillus
1313,4,Myxococcus
1314,0,UMGS1591
1315,1,Exiguobacterium
1316,6,Chitinophaga
1317,3,UMGS1071
1318,5,Paracoccus
1319,2,BIGb0383
1320,2,Rhizobium
1321,2,Aureispira
1322,0,HCHbin5
1323,2,Clostridium_Q
1324,2,Sphingopyxis
1325,3,Coprosoma
1326,0,Azonexus
1327,3,Microbacterium
1328,3,Clostridium_AQ
1329,6,Acidovorax
1330,5,RGIG5612
1331,1,UMGS1858
1332,1,Eubacterium_C
1333,2,Mesorhizobium
1334,6,AM51-8
1335,6,Polaromonas
1336,2,Streptobacillus
1337,5,Thermoflexibacter
1338,1,GCA-2721545
1339,6,Dialister
1340,5,RGIG8767
1341,2,Olsenella
1342,2,Citrobacter_A
1343,1,Heritagella
1344,2,Actinomyces
1345,3,V9D3004
1346,1,Gallimonas
1347,3,Lachnotalea
1348,0,Janthinobacterium
1349,1,Paramuribaculum
1350,3,Barb7
1351,1,UMGS1889
1352,3,Dolichospermum
1353,5,UMGS27
1354,3,QGGB01
1355,1,Pseudobutyricicoccus
1356,5,Nocardioides
1357,0,Scatomorpha
1358,1,CAG-411
1359,2,Ligilactobacillus
1360,0,CAG-492
1361,1,SFRY01
1362,3,Fusobacterium_A
1363,5,UBA2868
1364,4,ATCC-39006
1365,3,Curtobacterium
1366,6,Thioclava
1367,3,CAG-793
1368,2,Sodalis
1369,0,RUG705
1370,2,Tatumella
1371,2,Phytobacter
1372,3,CAJPQU01
1373,1,Pseudolabrys
1374,1,UBA1943
1375,4,Anaeroplasma
1376,2,Varibaculum
1377,1,Massilistercora
1378,5,Hallerella
1379,1,HGM12619
1380,0,UBA10566
1381,1,Thermoclostridium_A
1382,6,CAG-724
1383,1,Limivivens
1384,3,Clostridium_I
1385,6,DONG20-135
1386,2,Trinickia
1387,1,RUG708
1388,1,CAJJPW01
1389,2,Superficieibacter
1390,6,Phaeospirillum
1391,3,Beduini
1392,2,Fimihabitans
1393,5,Niameybacter
1394,1,Fen-1231
1395,5,Butyricicoccus
1396,5,Eubacterium_I
1397,3,Anaeroglobus
1398,0,OLB17
1399,2,Aureimonas_A
1400,5,RGIG5021
1401,6,UMGS1754
1402,1,CAJLYO01
1403,1,UMGS2037
1404,5,Lachnoclostridium_A
1405,0,RUG11257
1406,1,Ruminococcus
1407,5,Variovorax
1408,1,RUG13615
1409,1,HGM13634
1410,4,Helicobacter_E
1411,2,Enterobacillus
1412,0,Niabella
1413,5,UBA1259
1414,5,Megasphaera
1415,5,Roseburia
1416,0,UBA1174
1417,1,CAG-791
1418,5,UBA3766
1419,1,Scatomonas
1420,1,CAG-103
1421,1,Maribacter
1422,2,Pseudohongiella
1423,1,Butyricicoccus_A
1424,2,Leminorella
1425,1,GCA-900199385
1426,1,Limnohabitans_A
1427,2,Cutibacterium
1428,3,Lutibacter
1429,1,RUG11272
1430,0,Limnohabitans
1431,4,JJ008
1432,1,Falkowella
1433,1,Eubacterium_F
1434,3,UMGS2016
1435,2,Kosakonia
1436,1,RGIG4076
1437,5,Cytobacillus
1438,2,Turicibacter
1439,5,Fusibacter_A
1440,2,Lawsonella
1441,5,BCD18
1442,1,SIG499
1443,5,DSWT01
1444,1,JAAYJK01
1445,0,Aquamicrobium_A
1446,1,RGIG6165
1447,0,UMGS1109
1448,0,MGBC100798
1449,5,Castellaniella
1450,1,RGIG6097
1451,5,Glycomyces
1452,1,RUG756
1453,4,JACNJL01
1454,1,IMCC26134_A
1455,5,Idiomarina
1456,0,Marmoricola_A
1457,5,SIG293
1458,5,Humimicrobium
1459,1,Actinokineospora
1460,5,SIG292
1461,1,Mesotoga
1462,3,Virgibacillus_E
1463,2,JACRTK01
1464,5,Promineofilum
1465,2,Thiopontia
1466,1,RGIG1993
1467,2,Marortus
1468,3,Micrococcus
1469,1,Bythopirellula
1470,1,RGIG7389
1471,1,JAAUYQ01
1472,3,Pseudoramibacter
1473,3,SYSU-D60007
1474,1,WQUU01
1475,1,Pandoraea
1476,5,UBA6256
1477,0,Parasedimentitalea
1478,5,BN30871
1479,5,UBA10906
1480,0,JAAZGC01
1481,2,GCA-002708315
1482,1,RGIG5705
1483,1,GWF2-38-85
1484,5,CAG-417
1485,0,RGIG1934
1486,5,Sulfuricella
1487,5,SXWH01
1488,3,CAITIQ01
1489,0,Ohtaekwangia
1490,0,Thiocapsa
1491,3,RUG14239
1492,1,Leifsonia
1493,2,Enhygromyxa
1494,1,UBA8389
1495,1,RGIG1932
1496,6,Methylocaldum
1497,3,Clostridium_G
1498,6,NBD-18
1499,1,Desulfatibacillum
1500,1,Gp1-AA145
1501,0,SYAC01
1502,4,Helicobacter_B
1503,1,UBA1428
1504,2,SCSIO-52909
1505,0,B1SED10-74M
1506,3,Vagococcus_D
1507,1,Paenibacillus_O
1508,5,Xylophilus
1509,3,UBA724
1510,1,Allochristensenella
1511,3,WQUF01
1512,1,UBA9732
1513,4,Maritimibacter
1514,5,Plasticicumulans
1515,2,Levyella
1516,2,Bordetella_B
1517,5,XYD12-FULL-36-8
1518,1,MGBC133411
1519,1,VEOV01
1520,0,Pelotomaculum_C
1521,1,JAGZEG01
1522,1,CAIXSE01
1523,5,Asanoa
1524,5,DUNF01
1525,2,Actinobacillus
1526,5,Pelistega
1527,6,SIG402
1528,2,UBA2913
1529,0,RUG11215
1530,2,Bremerella
1531,1,Polyangium
1532,3,CACIJG01
1533,3,Klenkia
1534,3,Brachymonas
1535,3,Sulfurospirillum_A
1536,1,Opi-474
1537,1,SXXZ01
1538,5,MED-G11
1539,1,PALSA-1004
1540,1,Proteiniclasticum
1541,4,B16-G9
1542,5,Paenibacillus_D
1543,1,Firm-08
1544,0,UBA1231
1545,1,DSQQ01
1546,5,Desulfotomaculum
1547,1,Nordella
1548,3,Tolypothrix_B
1549,5,Pseudogemmobacter
1550,1,Methylosinus
1551,0,Palsa-1315
1552,0,RGIG6353
1553,1,Salipiger
1554,4,UBA4363
1555,1,RUG14319
1556,2,Elizabethkingia
1557,2,Sporotomaculum
1558,4,M55B132
1559,0,RGIG8244
1560,5,Saonia
1561,5,PWJY01
1562,5,Piscinibacter
1563,3,Chengkuizengella
1564,1,Anaerotalea
1565,0,JADFXM01
1566,1,QVMH01
1567,5,UBA9410
1568,5,STGJ01
1569,1,SCN-69-89
1570,0,Ga0077526
1571,6,UBA1847
1572,5,RGIG8386
1573,0,Eudoraea
1574,2,JAAYHJ01
1575,1,SFEB01
1576,6,Tangfeifania
1577,1,UBA3900
1578,3,UBA7485
1579,3,Muriiphilus
1580,5,CAINEC01
1581,1,RGIG6375
1582,4,Ascidiaceihabitans
1583,3,Aeriscardovia
1584,2,UBA11740
1585,2,Terriglobus
1586,0,Botryobacter
1587,5,Tomitella
1588,2,Caviibacter
1589,1,RGIG529
1590,5,UBA1737
1591,5,CSSed11-175R1
1592,1,Pontibacillus
1593,3,Tsuneonella
1594,1,UBA4292
1595,0,JAFGXQ01
1596,4,Lichenihabitans
1597,1,Actinocatenispora
1598,5,Hamadaea
1599,0,Marivirga
1600,5,QWKK01
1601,3,Embleya
1602,5,MED727
1603,6,UBA956
1604,2,WLWZ01
1605,4,JAAYHT01
1606,3,E44-bin89
1607,3,F1-140-MAGs142
1608,1,RGIG3732
1609,0,WRGV01
1610,3,Bacillus_L
1611,1,SIG526
1612,1,RGIG9169
1613,3,Defluviitalea
1614,0,Tsukamurella
1615,2,RUG658
1616,0,Bruticola
1617,1,Flavisolibacter_B
1618,0,Methylophilus
1619,1,HGM12650
1620,1,Spyradenecus
1621,3,UBA10646
1622,1,HGM12669
1623,1,Mariprofundus
1624,0,JAFGVO01
1625,5,Peptoclostridium_A
1626,1,Bacilliculturomica
1627,1,RUG14130
1628,4,Mesonia
1629,0,Oligoflexus
1630,0,JAFAYA01
1631,5,Kordia
1632,1,RGIG446
1633,1,JAAYJV01
1634,4,Persicitalea
1635,1,RGIG6919
1636,5,Kuenenia
1637,3,CAIQQQ01
1638,5,RGIG1743
1639,3,Bog-950
1640,3,Planktophila
1641,5,Siphonobacter
1642,1,Acrocarpospora
1643,1,RGIG5579
1644,1,WRCT01
1645,2,Curvibacter
1646,1,RGIG1959
1647,1,SIG653
1648,3,RGIG3013
1649,5,SZUA-22
1650,0,Herminiimonas
1651,5,W0P33-017
1652,1,WRJK01
1653,1,AR31
1654,0,Neoruminococcus
1655,1,JAAYBW01
1656,5,Streptomyces_D
1657,2,Pseudothioglobus
1658,6,F0058
1659,2,JN-1
1660,5,Leptospira
1661,1,Alectryocaccobium
1662,3,Pirellula_B
1663,6,UBA6345
1664,5,SIG381
1665,1,SM3-B62
1666,5,SURF-16
1667,2,GCA-002733465
1668,0,VBAT01
1669,3,Metabacillus_B
1670,0,Syntrophomonas
1671,1,UBA6114
1672,1,Onthovicinus
1673,5,Lagierella
1674,3,Keratinibaculum
1675,5,PALSA-1336
1676,3,Sneathia
1677,4,Arthrobacter_F
1678,4,Thiohalocapsa
1679,5,Melissococcus
1680,2,Rhodocytophaga
1681,6,Sandarakinorhabdus
1682,5,Lederbergia
1683,6,Humidesulfovibrio
1684,2,Exilispira
1685,0,UBA6669
1686,6,Ezakiella
1687,4,Algibacter_B
1688,1,SIG480
1689,1,Gp6-AA45
1690,3,Halanaerobium
1691,1,Pararcticibacter
1692,5,Croceivirga
1693,2,Pradoshia
1694,1,JAEEUO01
1695,5,Granulicella_C
1696,3,JAEUTT01
1697,5,Anaerosporomusa
1698,4,Myceligenerans
1699,1,Rhodohalobacter
1700,3,Acanthopleuribacter
1701,1,Fluviicola
1702,0,RGIG3456
1703,3,Marinisporobacter
1704,3,CAIJNA01
1705,6,REAG01
1706,1,Muricauda_A
1707,5,Desulfobulbus_A
1708,5,Pararhodospirillum
1709,1,DTU078
1710,5,UBA5489
1711,3,WM01
1712,3,FJAT-49711
1713,0,Avichristensenella
1714,2,Echinicola
1715,0,Marinobacter_A
1716,6,UBA1753
1717,1,Salinicola
1718,1,UBA7488
1719,3,AG-337-I02
1720,1,UBA3903
1721,1,Fen-1118
1722,2,Furfurilactobacillus
1723,1,UBA4874
1724,3,Caloramator_B
1725,5,Obscuribacter
1726,3,4572-130
1727,3,Mycoplasma_H
1728,2,Phytoactinopolyspora
1729,5,JAAYCT01
1730,1,JAEUHS01
1731,1,20CM-2-65-7
1732,0,JAENXA01
1733,0,Arcticibacter
1734,6,Yeosuana
1735,2,Thermus
1736,4,Campylobacter
1737,1,RGIG6969
1738,1,RGIG2439
1739,1,RGIG7213
1740,1,Blastomonas
1741,3,Halobacillus_A
1742,1,Saccharomonospora
1743,2,UBA5266
1744,1,UM-FILTER-49-7
1745,5,UBA6240
1746,0,RGIG8306
1747,3,BAD-6
1748,1,RUG11797
1749,1,Henriciella
1750,5,Oceanicaulis
1751,5,Janibacter
1752,6,UBA1755
1753,0,Gallacutalibacter_A
1754,0,Helicobacter_G
1755,6,Methylomonas
1756,1,UBA7227
1757,0,QAKS01
1758,0,UBA1757
1759,5,Glutamicibacter
1760,1,WRHT01
1761,4,AAA240-E13
1762,1,RGIG2707
1763,6,Thiothrix
1764,1,SIG554
1765,1,Chromohalobacter
1766,6,Thauera_A
1767,0,T3SED10-7
1768,2,Oenococcus
1769,3,Geobacillus
1770,1,RGIG1943
1771,5,Kutzneria
1772,4,Oceanivirga
1773,2,SLGQ01
1774,2,PHAA01
1775,1,BACL14
1776,1,SCN-57-10
1777,1,UBA1738
1778,6,Porticoccus
1779,3,Paeniglutamicibacter
1780,1,R-H-3
1781,3,Aminobacter
1782,6,CAIUKX01
1783,6,Stercoripulliclostridium_A
1784,6,Thalassotalea_C
1785,1,Avanaerovorax
1786,3,JAAUTN01
1787,1,CAG-914
1788,5,Shinella
1789,6,RGIG6639
1790,3,FEN-1279
1791,5,Goodfellowiella
1792,5,UBA2942
1793,5,UMGS995
1794,5,PALSA-1003
1795,0,SIG488
1796,5,JAAVLZ01
1797,2,Lentilactobacillus
1798,4,MSJ-40
1799,4,Aliikangiella
1800,0,RGIG1588
1801,1,R196
1802,3,CAIKUF01
1803,1,Ileibacterium
1804,5,Pukyongia
1805,3,SIG230
1806,0,Sphingorhabdus_B
1807,5,W0P28-013
1808,5,WRMI01
1809,2,Panacibacter
1810,3,CFX10
1811,2,Atribacter
1812,5,Amphibacillus_B
1813,0,WRJA01
1814,0,Cryptoclostridium
1815,5,Thiomicrospira
1816,1,Oceanimonas
1817,1,Fimbriimonas
1818,4,RGIG7444
1819,3,Aquifex
1820,5,UBA5436
1821,2,Wenyingzhuangia
1822,1,Syntrophomonas_B
1823,0,Geomicrobium_A
1824,5,Polymorphobacter_A
1825,6,Desulfosalsimonas
1826,1,RUG12438
1827,0,Solimonas
1828,1,GCA-2704625
1829,3,Martelella
1830,0,SZUA-309
1831,5,Terracoccus
1832,2,Fonsibacter
1833,1,ZC4RG30
1834,1,RGIG3135
1835,3,AP-15
1836,0,Fundidesulfovibrio
1837,1,Duganella
1838,2,JAAYTL01
1839,1,M0108
1840,1,Reinekea
1841,5,Holospora
1842,3,Bacillus_BH
1843,3,W11650
1844,0,IOR16
1845,1,RGIG5755
1846,1,RUG14258
1847,5,Bacillus_D
1848,4,Tenuifilum
1849,6,Solibacter
1850,5,Anaerosphaera
1851,1,CAG-762
1852,0,Dyella_B
1853,2,Amphritea
1854,1,RGIG7193
1855,1,Faecisoma
1856,1,CAIMOR01
1857,1,WQXF01
1858,5,Limicola
1859,4,RUG14133
1860,3,Prochlorococcus_A
1861,2,UBA5951
1862,1,RGIG3726
1863,1,Trichlorobacter
1864,1,HGM11412
1865,4,ChocPot-Mid
1866,0,Tranquillimonas
1867,2,UBA2316
1868,5,Treponema
1869,5,E4-135
1870,5,Schlesneria
1871,3,PFJX01
1872,5,UBA7741
1873,1,Shimia
1874,0,Polymorphobacter
1875,4,Phormidium_A
1876,0,ELB16-189
1877,1,Avitreponema
1878,3,Nonlabens
1879,2,Lutispora
1880,3,Clostridioides_A
1881,5,Salegentibacter
1882,2,Synergistes
1883,5,CAJORE01
1884,2,Bacillus_AI
1885,1,UBA4951
1886,1,RGIG7300
1887,1,Thermocatellispora
1888,1,JAGXRT01
1889,3,Mannheimia
1890,1,Nocardiopsis
1891,3,Lacunisphaera
1892,5,Haloferula
1893,1,UBA1248
1894,2,Lapidilactobacillus
1895,1,CAIXRL01
1896,6,Agriterribacter
1897,2,UBA2033
1898,2,Romboutsia_A
1899,1,UMGS1002
1900,6,JABFSM01
1901,3,Pedococcus
1902,5,JACPAP01
1903,5,Robertkochia
1904,3,Defluviitalea_A
1905,2,Paraflavitalea
1906,0,B1Sed10-166
1907,3,JAAZBI01
1908,1,Ornithomonoglobus
1909,1,Palsa-343
1910,5,Fusibacter
1911,1,UBA1770
1912,5,Ketobacter
1913,1,CADEFT01
1914,2,Anaerosalibacter_A
1915,6,Planobacterium
1916,1,UBA1246
1917,3,Massilibacillus
1918,5,CAG-349
1919,5,JAABTD01
1920,5,Inconstantimicrobium
1921,5,Paroceanicella
1922,1,DTU032
1923,2,Aestuariibaculum
1924,5,Parafilimonas
1925,0,UBA6168
1926,1,UMGS731
1927,2,Luteolibacter
1928,5,Occultella
1929,5,DTU064
1930,4,Marinirhabdus
1931,5,Caloranaerobacter
1932,5,Hylemonella
1933,3,Hypnocyclicus
1934,1,UMGS692
1935,1,WRIE01
1936,1,Desulfuromonas
1937,3,Rathayibacter
1938,1,SOIV01
1939,1,RGIG4130
1940,1,WRAN01
1941,5,DUPL01
1942,1,Solibacillus
1943,4,Parapedobacter
1944,3,Phytohabitans
1945,1,SIG693
1946,3,Aquisphaera
1947,3,JAAYNH01
1948,2,B1SED10-75
1949,1,SZAS-103
1950,0,SIG205
1951,0,UBA8904
1952,3,LC5-5
1953,2,Mycoplasmopsis_A
1954,1,RGIG3513
1955,3,Psychrilyobacter
1956,1,UBA7573
1957,1,ER46
1958,3,SSA4
1959,1,Dongia
1960,3,Paenibacillus_J
1961,5,JAEUUX01
1962,3,Oerskovia
1963,1,45385
1964,3,PHAD01
1965,5,Motiliproteus
1966,1,Croceicoccus
1967,1,CAJMQN01
1968,0,Thalassobaculum_A
1969,1,SYLY01
1970,1,RGIG1896
1971,5,GWA2-66-18
1972,1,VKM-B-2647
1973,3,Brachybacterium
1974,1,Nodosilinea
1975,0,Excrementavichristensenella
1976,3,SCGC-AAA160-P02
1977,0,DULI01
1978,1,GCA-2723085
1979,1,UMGS1264
1980,1,JAAZKA01
1981,0,Mitsuaria
1982,6,Acidisoma
1983,5,JACCZZ01
1984,3,Parageobacillus
1985,1,RACS-047
1986,5,Ap0902
1987,3,Anaerosacchariphilus
1988,2,Alkalibacterium
1989,5,JAAYSO01
1990,1,Bog-756
1991,1,RGIG4831
1992,1,Zavarzinia
1993,6,CAIYUN01
1994,2,Kurthia
1995,3,Arcanobacterium
1996,1,RUG11247
1997,1,RGIG2311
1998,5,UBA4459
1999,0,Fastidiosipila
2000,1,JAAYGY01
2001,6,HGM10611
2002,2,Nanoperiomorbus
2003,1,Aliidiomarina
2004,2,Effusibacillus
2005,3,Baekduia
2006,3,GWB2-37-7
2007,5,Avisuccinivibrio
2008,3,Desemzia
2009,5,Sunxiuqinia
2010,3,Alkaliphilus_B
2011,5,RUG11890
2012,0,Geoanaerobacter
2013,1,Aminicella
2014,5,JADKIH01
2015,3,GCA-2748155
2016,1,UBA2376
2017,5,Agrococcus
2018,1,Fodinicola
2019,5,Kaistia
2020,1,YN15
2021,1,SIG565
2022,5,Planktomarina
2023,3,UBA8515
2024,0,F23-D06
2025,1,RGIG3947
2026,3,RGIG4733
2027,1,SIG469
2028,5,Alicycliphilus
2029,5,T1Sed10-7
2030,5,RUG11200
2031,4,UBA4345
2032,1,CAJOIG01
2033,2,Campylobacter_D
2034,0,UBA1739
2035,2,DUPI01
2036,5,Actinospica
2037,2,Desulfolinea
2038,1,UBA4720
2039,1,RUG666
2040,5,Solincola_B
2041,2,JAGNZB01
2042,5,Hassallia
2043,0,UBA8949
2044,5,Oceanibaculum
2045,3,NORP36
2046,3,Cellulosimicrobium
2047,2,Dehalococcoides
2048,6,UBA4810
2049,1,MGBC107952
2050,5,UBA2283
2051,0,RGIG5636
2052,0,Chakrabartia
2053,5,Fictibacillus
2054,1,Dielma
2055,0,Planotetraspora
2056,4,UBA1724
2057,3,Frigoribacterium
2058,6,UBA1219
2059,4,Flectobacillus
2060,2,Amaricoccus
2061,5,Dehalobacterium
2062,4,Rhizobium_A
2063,5,UBA8309
2064,5,DTU074
2065,0,RGIG5675
2066,3,Bin5
2067,5,Oryzomonas
2068,6,Rubripirellula
2069,3,UBA3633
2070,5,RGIG9113
2071,0,RGIG6098
2072,3,Zobellia
2073,1,SIG587
2074,5,XBB1006
2075,5,UBA10103
2076,1,Alloruminococcus
2077,1,MB-PLM-2
2078,0,GAS188
2079,4,Sulfurihydrogenibium
2080,6,Pseudomonas_F
2081,2,Clostridium_D
2082,5,Anaerobiospirillum_A
2083,1,Aeoliella
2084,5,MED-G20
2085,1,Fen-1137
2086,6,Prochlorococcus_B
2087,5,Chelativorans
2088,1,Ochrovirga
2089,2,UBA2475
2090,1,Mycoplasmopsis
2091,1,RGIG9126
2092,5,Rhodonellum
2093,1,UBA3906
2094,6,RGIG4708
2095,6,Melghiribacillus
2096,1,Aequorivita
2097,5,Electrothrix
2098,1,WRAV01
2099,1,Dactylosporangium
2100,6,67-14
2101,5,JADJVK01
2102,2,Pediococcus
2103,2,Bacillus_BT
2104,2,UTCHB3
2105,4,UBA5072
2106,5,UBA933
2107,3,Alectryobacillus
2108,5,RUG727
2109,4,Snodgrassella
2110,0,WQXQ01
2111,0,UBA6055
2112,2,WG-1
2113,1,UBA7703
2114,0,UBA7867
2115,1,Thiolinea
2116,1,Croceibacterium
2117,5,Sphingomonas_G
2118,3,CAINEZ01
2119,6,GCA-2753465
2120,1,Actinopolymorpha
2121,1,Subtercola
2122,3,3-1-20CM-2-70-9
2123,3,UBA5172
2124,5,DTU068
2125,1,RGIG6904
2126,5,Merdenecus
2127,1,UBA4615
2128,1,RGIG995
2129,2,SIG79
2130,0,JAEDDG01
2131,3,DUNI01
2132,5,Spiro-10
2133,3,JAAYRG01
2134,3,Telmatospirillum
2135,2,Borrelia
2136,1,Trebonia
2137,5,RGIG8709
2138,0,RGIG5644
2139,0,MGBC118957
2140,4,SCSIO-52915
2141,1,MGBC163016
2142,6,Pseudorhodobacter
2143,1,Halothece
2144,5,TMED108
2145,3,CAJCBL01
2146,5,RUG11788
2147,5,Desulfocapsa
2148,0,UBA4466
2149,1,JAAYNV01
2150,1,UBA4311
2151,5,Catellatospora
2152,1,UBA3913
2153,2,HGW-1
2154,3,CF-13
2155,3,Teredinibacter
2156,5,CAIYBN01
2157,1,Ruminiclostridium_D
2158,1,SLHU01
2159,2,SP4260
2160,5,Arthrobacter_B
2161,1,Melghirimyces
2162,1,Elioraea
2163,5,JAEELB01
2164,1,FEN-1257
2165,5,GCA-002401385
2166,1,Thiorhodococcus
2167,6,Ochrobactrum_B
2168,5,Enterovirga
2169,1,UMGS1601
2170,3,Methylobacillus
2171,5,Comamonas_C
2172,5,UBA3680
2173,5,MUGG01
2174,1,Natronogracilivirgula
2175,3,Thermogemmatispora
2176,5,RGIG1711
2177,1,NM07-P-09
2178,5,SSSZ01
2179,5,Paludisphaera
2180,5,Kordiimonas
2181,1,UMGS929
2182,1,VGWA01
2183,3,M55B175
2184,5,Hydrogenovibrio
2185,3,Treponema_C
2186,5,GPS1B09
2187,6,CG2-30-66-27
2188,2,Balneola
2189,5,RGIG1666
2190,1,Eubacterium_O
2191,1,Arctic95D-9
2192,1,UBA1366
2193,0,Seonamhaeicola
2194,1,RUG11204
2195,5,Roseiarcus
2196,1,Anaeromyxobacter
2197,3,OLB11
2198,6,Desulfotignum
2199,6,PALSA-968
2200,2,Olsenella_I
2201,2,Fervidobacterium
2202,1,SFKP01
2203,1,SCMT01
2204,1,Algibacter
2205,5,UBA1206
2206,3,JAEUSI01
2207,1,Pseudooceanicola
2208,1,SIG685
2209,2,UBA7441
2210,0,RPRB01
2211,0,RUG11623
2212,1,WARW01
2213,6,Pelomonas
2214,2,Hydromicrobium
2215,1,Actinoalloteichus
2216,0,UBA7236
2217,1,SIG280
2218,5,Noviherbaspirillum_A
2219,5,Bin34
2220,1,Pseudomonas_D
2221,2,Desulforhopalus
2222,3,Fictibacillus_C
2223,1,Salinisphaera
2224,1,RUG12834
2225,5,CAADGU01
2226,1,Desulfobulbus
2227,5,Actinotalea
2228,1,M3007
2229,1,UM-FILTER-47-13
2230,3,Isoptericola
2231,2,Listeria_A
2232,0,JAAZIZ01
2233,6,CAIKZJ01
2234,3,Pseudogracilibacillus
2235,3,UBA3920
2236,0,VBCG01
2237,5,RUG11420
2238,0,UBA3961
2239,1,DTU053
2240,1,DSM-108975
2241,2,Eubacterium_N
2242,3,Gracilibacillus
2243,5,MGBC162267
2244,1,RGIG2893
2245,5,JAAYHV01
2246,1,Devosia_A
2247,3,UBA6244
2248,1,Gemmobacter
2249,6,Methyloglobulus
2250,1,UBA4881
2251,2,Bacteroides_G
2252,0,Bin90
2253,0,Parasporobacterium
2254,0,BRH-c25
2255,1,Marseille-P2935
2256,1,JG1575
2257,1,Maricaulis
2258,3,Tateyamaria
2259,3,Salibacterium
2260,5,QNZC01
2261,3,Silvimonas
2262,5,Rhodoluna
2263,3,Desulfopila
2264,1,JAGDMK01
2265,0,Heteroclostridium
2266,5,Acetitomaculum
2267,1,Galloscillospira_A
2268,1,PWU20
2269,3,Ideonella
2270,2,Acidoferrum
2271,6,Abditibacterium
2272,1,Sagittula
2273,3,GCA-2746605
2274,5,Thermoanaerobacter
2275,0,Competibacter_A
2276,3,Aneurinibacillus
2277,1,RUG14305
2278,4,Marseille-P3160
2279,5,JADJNY01
2280,2,UBA4179
2281,2,Nitrotoga
2282,3,GCA-2724215
2283,1,FD2005
2284,1,M3
2285,5,RGIG1864
2286,1,SFLA01
2287,1,CADAUA01
2288,2,Arcicella
2289,6,UBA6984
2290,0,Rhodocyclus
2291,0,Smithella
2292,3,Tamlana_A
2293,4,UBA5194
2294,5,Fabibacter
2295,6,CAIPAT01
2296,5,UBA952
2297,6,Filimonas
2298,1,Thiodubiliella
2299,2,Jeotgalicoccus
2300,2,Longicatena
2301,2,Xylanivirga
2302,1,CAIOTC01
2303,0,RGIG5966
2304,5,Cryptosporangium
2305,2,Cryptobacterium
2306,1,TMED96
2307,5,UBA5206
2308,3,DYL19
2309,1,SIG589
2310,4,Parashewanella
2311,5,XBD2001
2312,4,Fermentimonas
2313,3,Orenia
2314,3,Lentzea
2315,0,UphvI-Ar2
2316,1,DP-20
2317,0,UBA1723
2318,3,UBA2284
2319,5,JAAZME01
2320,5,Rubneribacter
2321,1,RGIG9107
2322,6,Syntrophobotulus
2323,5,SXYR01
2324,1,Halomonas_B
2325,4,Negadavirga
2326,0,Xanthomonas_A
2327,6,JAAYFL01
2328,3,Rhodococcus_C
2329,5,Flavimobilis
2330,3,Parasphingorhabdus
2331,5,JAFGVC01
2332,5,Anoxybacillus_A
2333,4,Maridesulfovibrio
2334,0,Magnetospirillum
2335,5,Rubellimicrobium
2336,5,Sulfurovum
2337,0,Algibacter_E
2338,0,RUG695
2339,2,Limihaloglobus
2340,0,Marinilabilia
2341,5,GWC1-27-15
2342,2,Dwaynesavagella
2343,1,Parahaliea
2344,5,Pseudidiomarina
2345,3,Apibacter
2346,0,Pseudorhodoferax
2347,4,SbD1
2348,6,JAAYUD01
2349,0,RGIG9608
2350,5,GCA-003244245
2351,3,Oricola
2352,3,Bizionia
2353,1,RGIG6076
2354,6,Synechococcus_E
2355,2,PUOA01
2356,1,MWCQ01
2357,3,Catenovulum
2358,5,UBA12037
2359,0,BRH-c54
2360,3,Margalitia
2361,1,JAEDMO01
2362,3,Ereboglobus
2363,0,RUG11130
2364,5,Solitalea
2365,6,Scalindua
2366,1,RGIG1893
2367,0,Skermanella
2368,1,CAAGGB01
2369,5,WRJS01
2370,1,Pleomorphomonas
2371,3,Williamsia
2372,1,Paenibacillus_M
2373,5,Tissierella_B
2374,5,Campylobacter_E
2375,1,Ornithoclostridium
2376,5,Limnobacter
2377,3,Lactococcus_A
2378,0,JADJKB01
2379,1,Acholeplasma_A
2380,6,Olleya
2381,1,Lujinxingia
2382,5,Halocella
2383,4,Stella
2384,4,UBA5508
2385,1,Paenibacillus_B
2386,1,Halodesulfovibrio
2387,1,WRAF01
2388,4,NHYM01
2389,5,Immundisolibacter
2390,2,JAADHP01
2391,1,UBA4636
2392,3,Malaciobacter
2393,3,Halobacteriovorax
2394,1,UBA1254
2395,4,JACMJP01
2396,1,WRIP01
2397,0,Aestuariivirga
2398,3,JAAYFE01
2399,2,Jeotgalibaca
2400,3,Pedosphaera
2401,3,Lacinutrix
2402,3,JAGPDF01
2403,3,OEQK01
2404,4,GCA-2689925
2405,5,RGIG250
2406,3,Macellibacteroides
2407,3,Desulfonatronovibrio
2408,1,Accumulibacter
2409,1,WRMG01
2410,1,JAGFXR01
2411,3,VAYN01
2412,6,Nitrosospira
2413,3,Methylibium
2414,5,Palsa-504
2415,2,Hathewaya
2416,6,UBA8752
2417,3,Bermanella
2418,5,Epilithonimonas
2419,4,UBA1941
2420,2,Clostridium_AE
2421,1,UBA11452
2422,1,Roseivivax
2423,5,RUG14219
2424,1,UBA8514
2425,5,PCC-10605
2426,4,UMGS946
2427,1,M55B182
2428,5,UWMA-0277
2429,2,Thalassotalea_A
2430,1,UBA7708
2431,1,Chryseolinea
2432,6,SZUA-430
2433,5,Tepidimonas
2434,1,Marinobacterium
2435,5,Urinicoccus
2436,3,Acholeplasma_D
2437,1,Neoanaerotignum_A
2438,1,RUG13409
2439,5,RGIG9115
2440,1,ZJ304
2441,5,UBA4036
2442,2,Lentibacillus
2443,6,Olegusella
2444,1,Stappia
2445,0,SIG627
2446,1,RGIG3009
2447,1,Tagaea
2448,3,Caccocola
2449,3,UBA4465
2450,1,Tardiphaga
2451,5,Nevskia
2452,2,4572-112
2453,3,RGIG989
2454,6,RUG11795
2455,3,Palsa-1188
2456,1,RGIG5631
2457,0,Avilachnospira
2458,5,JACRDC01
2459,5,Treponema_H
2460,5,CSBR16-49
2461,5,Urechidicola
2462,3,Nodularia
2463,1,JAAYQM01
2464,1,Woodwardibium
2465,1,UMGS1225
2466,4,RUG024
2467,3,Granulicoccus
2468,3,Fusobacterium_C
2469,5,JAHJVF01
2470,3,UBA1351
2471,1,SZUA-3
2472,3,JABXKX01
2473,0,UBA5429
2474,5,Metaruminococcus
2475,1,SCTL01
2476,2,UBA9722
2477,1,GCA-2401155
2478,1,JADKJB01
2479,1,WQYJ01
2480,1,RUG306
2481,5,MGBC140009
2482,5,PNKE01
2483,5,Pseudohoeflea
2484,1,Galbibacter_B
2485,1,Parvibaculum
2486,2,Secundilactobacillus
2487,4,Lampropedia
2488,1,Desulfocucumis
2489,1,Promicromonospora
2490,3,UBA3947
2491,6,Niveispirillum
2492,4,Azorhizobium
2493,2,Francisella
2494,3,Spiroplasma_A
2495,1,Arctic96AD-7
2496,1,UBA4923
2497,1,RGIG4074
2498,1,RUG12461
2499,5,WRMS01
2500,5,DUML01
2501,3,Kinetoplastibacterium
2502,1,JAAYPV01
2503,6,Rhodospira
2504,4,Ignavibacterium
2505,5,Tepiditoga
2506,6,RGIG8597
2507,5,Joostella
2508,1,SCADC1-2-3
2509,6,RGIG5057
2510,5,FEB-7
2511,0,HGM11368
2512,1,Desulfofundulus
2513,1,RGIG8497
2514,1,WRKR01
2515,3,Galliscardovia
2516,0,Iodobacter
2517,1,Erythrobacter
2518,1,UBA1446
2519,1,Ga0077555
2520,1,RGIG7273
2521,6,Actinocorallia
2522,3,Garciella
2523,3,F1-120-MAGs118
2524,5,Fusibacter_C
2525,5,Fischerella
2526,0,Belnapia
2527,3,GCA-012562765
2528,1,Roslinia
2529,3,Senegalia
2530,1,SIG78
2531,1,Bog-375
2532,6,Protoclostridium
2533,1,Conexibacter
2534,2,JABWCC01
2535,5,AAA044-D11
2536,3,PNKL01
2537,1,JAGAJR01
2538,1,UBA10281
2539,1,Vampirovibrio
2540,3,RAAP-1
2541,5,JAAYQR01
2542,4,Fen-178
2543,3,Clostridium_AA
2544,1,RGIG1752
2545,5,Dehalobacter
2546,5,Hyphobacterium
2547,3,Pseudaminobacter
2548,1,Brochothrix
2549,5,Sphaerisporangium
2550,3,UBA2194
2551,5,Bacillus_H
2552,1,RGIG3438
2553,5,UBA4719
2554,3,Gottfriedia
2555,3,UBA7428
2556,6,UBA6136
2557,0,CABMKH01
2558,5,Actinosynnema
2559,5,Nanopelagicus
2560,2,Marinilactibacillus
2561,5,Pelagicoccus
2562,2,RACS-045
2563,4,Jeongeupia
2564,1,UBA3871
2565,2,JAFMDF01
2566,3,GCA-2699125
2567,2,Petrotoga
2568,1,JAHJRI01
2569,2,Sulfurivermis
2570,4,Bacillus_BV
2571,3,Thermotalea
2572,1,UBA4660
2573,2,JAFGPR01
2574,5,Sinosporangium
2575,1,RGIG3994
2576,5,MVQK01
2577,1,WRME01
2578,1,CAIMFV01
2579,3,Anaerobacillus
2580,1,RUG14179
2581,3,Carnobacterium
2582,4,JAAFIP01
2583,3,Aureivirga
2584,0,Galbibacter_A
2585,2,SYFN01
2586,1,Thermoflexus
2587,0,QWOP01
2588,4,MED-G14
2589,3,Microcystis
2590,0,SZUA-580
2591,3,Intestinibaculum
2592,1,CAIWAH01
2593,6,Nitrosococcus
2594,6,UBA2262
2595,3,Rugosibacter
2596,1,Papillibacter
2597,5,Pelethosoma
2598,5,Tautonia
2599,1,CAILLO01
2600,2,Bacteriovorax
2601,5,Marinifilum
2602,1,Avidesulfovibrio
2603,6,IGN2
2604,1,Leeia
2605,1,Salinarimonas
2606,6,Geomonas
2607,5,Succinatimonas
2608,0,Microcoleus
2609,2,Nanosyncoccus
2610,0,PLanc-01
2611,2,Mesocricetibacter
2612,1,Fen-1039
2613,6,Mesobacillus
2614,3,BM524
2615,1,Parachristensenella
2616,1,Avimonas_A
2617,4,JAFMKE01
2618,3,Weizmannia
2619,3,F1-20-MAGs016
2620,5,JACDOI01
2621,1,UBA3747
2622,1,Blastococcus
2623,5,Verrucomicrobium
2624,1,RGIG5327
2625,0,RGIG4103
2626,0,Aestuariimicrobium
2627,5,RUG12871
2628,6,Bacillus_BX
2629,4,Scardovia
2630,0,Paenibacillus_T
2631,2,CAG-877
2632,5,RUG11126
2633,2,EC70
2634,5,Ga0077553
2635,1,UBA4132
2636,1,SLPV01
2637,3,Gottschalkia
2638,5,WRFS01
2639,1,Acidithiobacillus
2640,5,Kineococcus
2641,0,Flavitalea
2642,2,Salinibacillus
2643,0,2-12-FULL-64-23
2644,1,Aristotella
2645,1,Palsa-739
2646,6,UMGS687
2647,1,CAJTFG01
2648,1,Gallacutalibacter
2649,1,GMQP-bins7
2650,1,CAJLIR01
2651,1,Fervidicella
2652,1,Raineya
2653,3,Pseudoscardovia
2654,2,Mycoplasmopsis_B
2655,3,UBA2450
2656,5,Desulfonema
2657,0,Auraticoccus
2658,2,Tolypothrix_A
2659,3,Frondihabitans
2660,6,Mitsuokella
2661,3,Enterococcus_F
2662,1,MGBC108787
2663,3,Alterileibacterium
2664,5,Microtetraspora
2665,1,QALA01
2666,3,XYC2-FULL-35-21
2667,1,Methyloversatilis
2668,1,HGM12957
2669,0,JAAZZIT01
2670,2,Amphibacillus_C
2671,5,Haliscomenobacter
2672,1,UBA1426
2673,4,Chryseoglobus
2674,4,JABSOI01
2675,5,Deferribacter
2676,3,Cohaesibacter
2677,2,Clostridium_S
2678,0,Albibacterium
2679,0,Rippkaea
2680,1,Qipengyuania
2681,6,Paenarthrobacter
2682,3,Amedibacterium
2683,3,Virgibacillus
2684,3,Egerieimonas_A
2685,1,Acidocella
2686,2,Enterococcus_D
2687,5,Arachidicoccus
2688,5,GCA-002840935
2689,6,Rhizorhabdus
2690,1,SIG603
2691,0,UBA3439
2692,1,Leisingera
2693,5,Paenibacillus_L
2694,4,Methylocystis
2695,1,Pelagibacterium
2696,1,GJ-E10
2697,1,UBA946
2698,2,Helicobacter_A
2699,1,Alicyclobacillus_B
2700,5,JAGCJX01
2701,0,BCD5
2702,3,Xylanimonas
2703,5,UBA791
2704,2,Ralstonia
2705,1,Spyradosoma
2706,4,Pelobium
2707,2,UBA1304
2708,2,Fen-1166
2709,1,Parvibacter
2710,1,Arthrobacter
2711,3,Flavisolibacter
2712,0,Alteribacillus
2713,1,MVZN01
2714,1,Thermocrispum
2715,1,RGIG7150
2716,1,RUG842
2717,5,Jiella
2718,0,JAFTCA01
2719,3,Rhodobaculum
2720,6,Syntrophotalea
2721,6,Paucimonas
2722,3,RUG12519
2723,5,TMED54
2724,1,RGIG1902
2725,4,Lunatimonas
2726,0,UBA1672
2727,2,Desulfobacula
2728,1,HGM13618
2729,1,Ga0077550
2730,5,Phycicoccus
2731,3,M0603
2732,6,RGIG10190
2733,1,Alloscillospira
2734,0,AV69
2735,1,SIG644
2736,5,Viridibacillus
2737,1,UBA3774
2738,1,UBA3907
2739,6,UBA2804
2740,1,Chitinivorax
2741,1,Gemmatimonas
2742,1,Maribacter_A
2743,1,B1SED10-16
2744,6,Rhodopirellula
2745,5,Aliifodinibius
2746,2,Acetoanaerobium
2747,6,Bordetella_C
2748,5,BJGN01
2749,2,UBA10656
2750,1,Heliomicrobium
2751,1,FJAT-46582
2752,1,UBA2883
2753,1,SZUA-561
2754,3,SKVR01
2755,1,Berryella
2756,2,MAG-121220-bin8
2757,1,UMGS2070
2758,0,Gimesia
2759,2,Olsenella_F
2760,4,SKHV01
2761,1,Geobacter
2762,5,Fibrisoma
2763,0,Anaerobacillus_A
2764,4,DSXH01
2765,5,UBA3212
2766,4,Puia
2767,0,Ancylobacter_B
2768,5,Phoenicibacter
2769,1,RGIG4034
2770,3,Microbacter
2771,1,RGIG1913
2772,5,Clavibacter
2773,1,MGBC139354
2774,5,Selenomonas_B
2775,0,RUG13868
2776,1,WQTU01
2777,0,Celeribacter
2778,4,Cloacibacillus
2779,1,WRAB01
2780,5,Dendrosporobacter
2781,1,SIG37
2782,5,Enterocola
2783,1,Pannonibacter
2784,0,UBA2730
2785,1,Sinomicrobium
2786,2,Gottschalkia_A
2787,1,Olsenella_G
2788,1,Z2-YC6860
2789,0,Stieleria
2790,1,Caccomorpha
2791,2,Bombilactobacillus
2792,1,20CM-4-69-16
2793,5,D16-63
2794,1,MWCU01
2795,0,RUG14515
2796,6,CAZU01
2797,5,Denitromonas
2798,3,Amycolatopsis_C
2799,5,Desulfobotulus
2800,0,UBA1217
2801,6,Pseudogulbenkiania
2802,6,Ferrimonas
2803,5,TMED80
2804,1,Salinibacter
2805,2,Leptospira_B
2806,1,JAAYCI01
2807,5,SIG424
2808,5,Kamptonema
2809,3,G11
2810,0,UBA6414
2811,0,DTU059
2812,2,UBA964
2813,1,Sulfotelmatobacter
2814,5,F0540
2815,3,Clostridium_AS
2816,4,Helicobacter_D
2817,5,Phormidesmis
2818,3,Blattabacterium
2819,1,HGM12657
2820,1,Pseudoxanthomonas_A
2821,6,Endomicrobium
2822,0,MGBC114079
2823,1,Geovibrio
2824,2,CAIXIX01
2825,5,Primorskyibacter
2826,5,Mobilisporobacter
2827,4,Rhodobacter
2828,1,Thioalkalivibrio_B
2829,3,Robertmurraya
2830,1,Cycloclasticus
2831,6,Novipirellula
2832,3,Zrk29
2833,1,Soehngenia_A
2834,3,XYB1-FULL-32-11
2835,2,Anaerorhabdus
2836,1,RGIG1017
2837,4,JAFGOZ01
2838,1,Ndongobacter
2839,1,Falsirhodobacter
2840,3,RUG343
2841,1,SIG373
2842,0,MGBC163490
2843,5,Alkalibacter
2844,1,UBA5399
2845,1,RGIG3701
2846,3,Agromyces
2847,6,JADGDD01
2848,0,UBA1240
2849,2,Phyllobacterium
2850,1,RUG100
2851,3,Stackebrandtia
2852,0,Cyanobium
2853,0,HGM10818
2854,1,SIG622
2855,1,RGIG8762
2856,1,UBA5420
2857,1,Herbidospora
2858,1,Parafannyhessea
2859,1,Syntrophomonas_A
2860,1,RGIG10340
2861,0,Advenella
2862,5,SCTA01
2863,1,VGCC01
2864,6,Bordetella
2865,1,Caenispirillum
2866,3,Anaerosalibacter
2867,1,RGIG5678
2868,0,Foetidibacter
2869,6,ETT8
2870,1,Holophaga
2871,2,Cognaticolwellia
2872,1,SIG454
2873,2,Peptoanaerobacter
2874,2,Fulvivirga
2875,1,UBA1776
2876,6,UBA3738
2877,1,Udaeobacter
2878,6,Fibrella
2879,4,Thermobifida
2880,1,Oceanitalea
2881,1,RGIG3178
2882,5,Edaphocola
2883,5,PNKF01
2884,5,RUG013
2885,1,28-YEA-48
2886,4,Chloroflexus
2887,1,Mahella
2888,6,CAINVV01
2889,6,Termitinema
2890,5,JAEUJP01
2891,3,JAADEQ01
2892,2,Crenothrix
2893,3,Tetragenococcus
2894,1,SIG510
2895,1,RUG754
2896,5,Longimicrobium
2897,3,Fonticella
2898,5,Faecalibacter
2899,3,Domibacillus
2900,1,DUOU01
2901,5,Rhodovarius
2902,5,CAIKVZ01
2903,5,Nesterenkonia
2904,3,Ureaplasma
2905,1,Urbifossiella
2906,5,Halioglobus
2907,1,ZC3RG03
2908,1,UBA3631
2909,1,Gallionella
2910,5,Palsa-881
2911,6,Flexithrix
2912,6,MGBC157735
2913,1,JAEUJQ01
2914,1,SFDB01
2915,1,JACADY01
2916,1,Elusimicrobium
2917,2,Pelagibacter_A
2918,0,MT110
2919,2,Globicatella
2920,1,RUG612
2921,1,Allobaculum
2922,1,RGIG4856
2923,1,UBA7672
2924,1,WRAD01
2925,6,M1806
2926,3,AG-414-E02
2927,1,UMGS1490
2928,1,SIG578
2929,3,Planosporangium
2930,3,Blochmannia
2931,0,Clostridium_W
2932,5,BS3
2933,3,GCA-002690875
2934,3,UBA1535
2935,1,Bacillus_BL
2936,1,RGIG1965
2937,1,UBA5448
2938,1,Scatocola
2939,1,JAAZAV01
2940,0,Desulfitobacterium
2941,3,Frankia
2942,0,SIG220
2943,5,Acholeplasma
2944,5,UBA1822
2945,1,CAAGED01
2946,1,WQRX01
2947,1,Palsa-465
2948,0,CAG-267
2949,3,Rhodopseudomonas
2950,1,Alkalispirochaeta
2951,2,RUG11690
2952,6,RGIG9201
2953,1,UMGS1623
2954,5,U87765
2955,4,Marinobacterium_A
2956,2,JAAZBV01
2957,2,Fructobacillus
2958,0,Galloscillospira_B
2959,1,JAEEOQ01
2960,1,UMGS1518
2961,2,Mucilaginibacter_A
2962,1,Methylobacter
2963,3,RZYO01
2964,3,J31TS4
2965,2,RGIG8050
2966,4,Paraglaciecola
2967,1,RGIG2066
2968,1,Paenibacillus_AI
2969,1,Inquilinus
2970,0,JAAYAE01
2971,1,Soleaferrea
2972,5,Cereibacter_A
2973,1,Thermomonas
2974,3,Hydrogenispora
2975,5,Vagococcus_A
2976,0,Kallipyga
2977,1,RGIG1911
2978,1,38-11
2979,1,UBA7709
2980,0,PXAP01
2981,1,JN-9
2982,3,Planktothrix
2983,6,Alloclostridium
2984,0,Lawsonia
2985,2,Sporocytophaga
2986,1,Heliorestis
2987,5,Posidoniimonas
2988,5,UBA1479
2989,1,Bin87
2990,1,UBA2897
2991,5,Legionella_C
2992,1,13-2-20CM-66-19
2993,2,RGIG3842
2994,0,UBA1732
2995,5,DUPT01
2996,0,JABWBR01
2997,0,Solimicrobium
2998,1,UBA1573
2999,2,JAAZCR01
3000,5,UBA1729
3001,5,UBA5189
3002,1,Virgisporangium
3003,1,JAGPHI01
3004,3,CAIVQB01
3005,3,SXRM01
3006,1,T78
3007,0,UBA2664
3008,1,SIG204
3009,3,Epulopiscium_B
3010,1,MGBC131033
3011,0,Hydrogenimonas
3012,1,Dethiosulfatibacter
3013,1,Ottowia
3014,1,SIG262
3015,2,Pustulibacterium
3016,3,Amycolatopsis_D
3017,1,Anoxybacillus_B
3018,3,Paucibacter
3019,5,Ferrovibrio
3020,1,Paenibacillus_AA
3021,1,GN02-873
3022,1,BMS3ABIN14
3023,2,Endozoicomonas
3024,1,Sulfuricurvum
3025,1,UBA1306
3026,5,SIG300
3027,1,RGIG6463
3028,2,KS41
3029,3,Rhodopila
3030,0,Eubacterium_S
3031,2,Bathyoplasma
3032,4,Dokdonella
3033,6,Synechococcus_C
3034,5,Syntrophosphaera
3035,1,SIG701
3036,1,JAAYBY01
3037,3,RGIG6105
3038,5,Wenzhouxiangella
3039,3,Amnibacterium
3040,5,12844
3041,5,RGIG7107
3042,5,Acidobacterium_A
3043,1,Frigidibacter
3044,5,RUG521
3045,5,Georgenia
3046,0,Labrys
3047,5,BACL24
3048,2,Trichodesmium
3049,1,Paenibacillus_AB
3050,1,RGIG2774
3051,1,Thermoactinomyces
3052,2,Parascardovia
3053,4,UBA7748
3054,2,Weissella_A
3055,1,SIG575
3056,1,Cybelea
3057,1,Archangium_A
3058,6,Segetibacter
3059,3,JAFGUZ01
3060,1,JADJTT01
3061,1,Isachenkonia
3062,1,JAABSX01
3063,3,Suipraeoptans
3064,5,Kibdelosporangium
3065,2,Helicobacter_J
3066,3,MED-G52
3067,1,Roseibacillus_B
3068,4,Tamlana_B
3069,5,Tepidicella
3070,1,SHWC01
3071,1,Paracraurococcus
3072,2,RZYP01
3073,5,Mongoliitalea
3074,5,CACYEI01
3075,5,Kroppenstedtia
3076,3,Paenibacillus_S
3077,1,MGBC120314
3078,2,MVQL01
3079,1,Inhella
3080,1,RGIG4131
3081,4,Loigolactobacillus
3082,5,HGM11416
3083,3,M0103
3084,5,Palsa-851
3085,1,SZUA-601
3086,2,Oceanihabitans
3087,2,Sulfobacillus_B
3088,1,Gallitreponema
3089,2,JABEUT01
3090,1,Onthocola_A
3091,5,Acetobacterium
3092,3,UBA11490
3093,1,RGIG7265
3094,2,Alkaliphilus_C
3095,1,WRKG01
3096,3,Bacillus_AZ
3097,1,SIG452
3098,5,Geodermatophilus
3099,1,SLJM01
3100,6,UBA1383
3101,3,UBA2231
3102,1,SIG636
3103,1,WRJI01
3104,3,Alkalibaculum
3105,5,JABDMH01
3106,3,SXXK01
3107,6,Brevibacillus_B
3108,6,SIG447
3109,1,RGIG9041
3110,5,RGIG2134
3111,6,DMER64
3112,1,Desulfatitalea
3113,5,Sebaldella
3114,5,UBA3379
3115,2,Patiriisocius
3116,5,SIG450
3117,1,BMS3ABIN06
3118,3,JAGXRH01
3119,1,UBA5691
3120,1,UMGS1613
3121,5,DSM105185
3122,2,CACLCV01
3123,6,Rhizobacter
3124,5,UBA5609
3125,1,Caldicoprobacter
3126,0,UBA4844
3127,2,Phytoplasma
3128,0,Geofilum
3129,3,Lucifera
3130,1,UBA1038
3131,3,SXNL01
3132,5,UBA1205
3133,1,Rhodococcus_B
3134,1,Albidovulum
3135,5,Dietzia
3136,2,Stigmatella
3137,4,JACRAO01
3138,1,F1-60-MAGs140
3139,0,Chelatococcus
3140,6,Amniculibacterium
3141,5,Breznakibacter
3142,1,UBA2903
3143,3,Tissierella
3144,5,UBA3077
3145,0,RGIG4608
3146,0,SCUS01
3147,5,UBA2250
3148,0,Candidimonas_A
3149,4,AV80
3150,3,Borreliella
3151,3,Pseudorivibacter
3152,4,Methylotenera
3153,2,Neofamilia
3154,1,PHAE01
3155,5,MZ-XQ
3156,3,Maledivibacter
3157,1,Siansivirga
3158,1,SVCP01
3159,5,Cereibacter
3160,1,SIG598
3161,5,Kiloniella
3162,5,Marmoricola
3163,1,RGIG8367
3164,1,JADKDL01
3165,1,ZJ141
3166,3,Chishuiella
3167,1,Moorella
3168,1,Denitrobacterium
3169,5,Aquimonas
3170,3,Microvirgula
3171,6,SIG42
3172,0,Oleibacter
3173,1,Delta-02
3174,3,Brooklawnia
3175,0,Thiodictyon
3176,1,Anaerolinea
3177,0,RGIG7179
3178,3,Aeromicrobium
3179,1,Sulfuritalea
3180,6,UBA3207
3181,1,RUG023
3182,5,Rummeliibacillus
3183,3,Actinobacillus_B
3184,5,AQU-03
3185,0,Alectryocaccomicrobium
3186,1,Methyloceanibacter
3187,1,JAAYBT01
3188,3,LX47W
3189,2,Abyssisolibacter
3190,1,Neptunochlamydia
3191,5,Serinicoccus
3192,2,3443-3Ac
3193,2,Ferriphaselus
3194,5,Algibacillus
3195,5,Mesomycoplasma
3196,0,Maribacillus
3197,6,Pseudosphingobacterium
3198,1,DUPG01
3199,3,Caccenecus
3200,1,RUG14121
3201,5,46-80
3202,6,XYD1-FULL-39-28
3203,2,LB3-1
3204,3,Aureliella
3205,3,Aquabacter
3206,3,HGM11367
3207,1,Palsa-744
3208,1,UBA1404
3209,0,UBA6084
3210,5,Alicyclobacillus
3211,0,Acetivibrio
3212,1,PYGY01
3213,5,UBA1305
3214,1,JAAZPQ01
3215,3,DSM-111022
3216,3,M1-B18
3217,1,Pontiella
3218,5,AG41
3219,2,Basfia
3220,6,JAGOGN01
3221,5,Natranaerovirga
3222,2,Peptidiphaga
3223,5,Jeotgalibacillus
3224,3,Enterococcus_I
3225,5,JADJOM01
3226,6,Alteraurantiacibacter
3227,5,JAAYHS01
3228,6,Paenibacillus_Z
3229,1,RGIG6816
3230,5,Alishewanella
3231,3,Thiospirochaeta
3232,4,Asticcacaulis
3233,1,Leptolyngbya
3234,2,Marinicaulis
3235,3,Izemoplasma_B
3236,5,UBA1942
3237,6,Salisediminibacterium
3238,2,Canicola
3239,1,Rhodoblastus
3240,5,Rhodoglobus
3241,5,SIG448
3242,1,Desulfofarcimen
3243,2,RGIG3506
3244,1,DUUE01
3245,3,UBA4647
3246,1,Hypericibacter
3247,5,Bacteroides_E
3248,3,Faecalibaculum
3249,1,QAKD01
3250,5,Planobispora
3251,2,Clostridium_X
3252,1,Egerieicola
3253,2,Mangrovicoccus
3254,1,Hyphomonas
3255,5,Capillibacterium
3256,4,Propionibacterium
3257,2,Lysobacter_B
3258,5,Cryobacterium
3259,2,Plantibacter
3260,1,Desulfobacillus
3261,6,Komagataeibacter
3262,1,Nitratireductor
3263,3,JAFGUR01
3264,6,PALSA-747
3265,2,UBA7862
3266,3,Arabia
3267,5,Helicobacter
3268,3,Marixanthomonas
3269,1,CAIXEA01
3270,5,Microscilla
3271,3,Oceanispirochaeta
3272,4,UBA9926
3273,4,Schwartzia
3274,2,Actinomycetospora
3275,4,WRIV01
3276,5,Brevilactibacter
3277,1,HGM13862
3278,0,RGIG5669
3279,1,Ventrenecus
3280,0,Roseomonas_B
3281,2,UBA3583
3282,3,UBA7523
3283,6,Pseudobacillus
3284,1,Pinisolibacter
3285,1,VXYL01
3286,1,UBA3775
3287,1,RUG159
3288,1,UMGS693
3289,3,Gillisia
3290,1,Hydrogenophaga
3291,2,Priestia
3292,1,20CM-2-70-11
3293,1,Roseococcus
3294,2,Bacillus_I
3295,0,UBA2779
3296,1,UBA12294
3297,5,Pseudoclostridium
3298,3,Austwickia
3299,1,Avimonoglobus
3300,1,Sulfitobacter
3301,0,RUG11462
3302,1,RGIG4694
3303,3,JAGOWQ01
3304,5,Diaphorobacter_A
3305,5,Elainella
3306,0,Xanthobacter
3307,5,Knoellia
3308,1,W1P20-047
3309,4,UBA4441
3310,1,Patulibacter
3311,0,Beggiatoa
3312,5,UBA8529
3313,1,Acuticoccus
3314,3,Mammaliicoccus
3315,1,RUG14199
3316,1,Methylomirabilis
3317,5,RGIG10368
3318,1,UBA2192
3319,1,CAIXQW01
3320,6,Terricaulis
3321,1,SIG301
3322,5,Luteithermobacter
3323,5,SZUA-444
3324,1,JAAZPT01
3325,2,Desulfoluna
3326,1,RGIG3077
3327,3,Azovibrio
3328,0,Ulvibacterium
3329,0,JAEDJI01
3330,1,UKL13-2
3331,5,Breznakia
3332,3,UBA701
3333,5,Saccharopolyspora
3334,1,Harrysmithimonas
3335,6,SR-FBR-E99
3336,1,UBA9145
3337,0,SFWF01
3338,5,Paenibacillus_F
3339,5,RGIG1681
3340,1,M30B19
3341,3,Hydrogenothermus
3342,2,Faecaligallichristensenella
3343,3,Fructilactobacillus
3344,5,TB5
3345,3,Pelosinus
3346,1,RUG12826
3347,1,Rugosimonospora
3348,5,UBA2126
3349,1,UBA1422
3350,2,ZC4RG36
3351,6,DTU069
3352,5,Mariniphaga
3353,5,GN02-872
3354,1,DUOX01
3355,5,Latilactobacillus
3356,1,Desulfonatronospira
3357,1,Succinimonas
3358,5,Paramaledivibacter
3359,1,Acetonema
3360,3,GCA-002715885
3361,5,Aquabacterium_A
3362,1,RUG11551
3363,0,Nitrospirillum
3364,0,CAIUPE01
3365,1,CAIUKV01
3366,3,UBA9611
3367,1,JAFGUQ01
3368,5,Aquisalimonas
3369,0,Hongsoonwoonella
3370,3,Caldicellulosiruptor
3371,5,Friedmanniella
3372,5,UBA2377
3373,0,Hoeflea
3374,3,Caloramator
3375,1,HGM13233
3376,1,Bacillus_BM
3377,2,Rectinema
3378,0,Ruminobacter
3379,0,UBA7868
3380,1,JACDDX01
3381,2,Rivularia
3382,5,RGIG4310
3383,3,Epulopiscium_C
3384,0,Solirubrum
3385,6,Cuspidothrix
3386,1,Heteroruminococcus
3387,1,SIG371
3388,5,Roseovarius
3389,1,CAILUI01
3390,5,UBA5216
3391,4,HKB214
3392,1,Nitrospira_F
3393,1,UBA1224
3394,1,SIG423
3395,1,Merdousia
3396,0,Pusillimonas_C
3397,1,RGIG7949
3398,1,Vulcanococcus
3399,1,RUG14240
3400,1,UBA1049
3401,5,UBA3478
3402,1,Camelimonas
3403,1,RUG841
3404,3,MSJ-11
3405,0,JAAYAR01
3406,4,UBA1413
3407,1,Chamaesiphon
3408,1,RGIG4140
3409,6,Uliginosibacterium
3410,1,41-269
3411,5,Bg2
3412,1,Nioella
3413,1,Limihabitans
3414,3,Ureibacillus
3415,0,UBA2357
3416,5,WQVL01
3417,3,Thalassobius
3418,6,QWPT01
3419,6,H1
3420,0,Didemnitutus
3421,0,Aquabacterium
3422,5,AWTP1-13
3423,1,Marinicella
3424,1,Serpentinicella
3425,6,Aphodocola
3426,3,Paraeggerthella
3427,1,NIOZ-UU35
3428,1,Rhodovulum
3429,5,RUG11942
3430,2,UTBCD1
3431,1,CAIMMJ01
3432,2,JAFLBH01
3433,6,OLB14
3434,1,RUG14903
3435,5,40CM-4-65-16
3436,1,Paremcibacter
3437,1,SIG673
3438,5,Ornithobacterium
3439,6,RUG12783
3440,1,Ozemobacter
3441,1,Bhargavaea
3442,5,Olsenella_H
3443,1,RGIG3159
3444,3,Clostridium_AF
3445,0,Marivivens
3446,1,Chthonomonas
3447,4,UBA2834
3448,1,JABFXX01
3449,0,JABDFW01
3450,5,Luteibacter
3451,0,RUG11198
3452,5,Thermobacillus
3453,5,Sulfuriferula_A
3454,2,Poseidonibacter
3455,5,Alkalicoccus
3456,1,RGIG6307
3457,1,DSOT01
3458,5,Sinomonas
3459,2,Microbulbifer
3460,2,RGIG7238
3461,5,UBA6107
3462,0,RGIG1899
3463,0,Pseudobdellovibrio
3464,2,Parendozoicomonas
3465,1,UMGS1338
3466,1,QYOJ01
3467,0,Palleronia
3468,1,Loktanella
3469,6,Rhodoplanes
3470,0,Geothrix
3471,5,Hansschlegelia
3472,5,Neiella
3473,1,Botrimarina
3474,2,Symbiobacterium
3475,3,Bacillus_P
3476,2,LS-NOB
3477,6,Pseudoclavibacter
3478,6,UBA2270
3479,3,Gluconobacter_A
3480,0,Epibacterium
3481,6,UMGS1224
3482,3,Fenollaria
3483,2,Bacillus_AD
3484,1,Halothiobacillus
3485,2,Peptoniphilus_E
3486,2,JAAYSD01
3487,5,Sutcliffiella_A
3488,5,WRDM01
3489,0,Dokdonia
3490,0,UMGS1124
3491,1,Rhodophyticola
3492,5,Caenibius
3493,5,JAAYTD01
3494,1,RGIG8775
3495,2,Methyloumidiphilus
3496,1,Firm-13
3497,2,Tabrizicola
3498,5,CAIFEB01
3499,5,GCA-002697625
3500,5,Pseudomonas_K
3501,3,JACRMN01
3502,1,Oscillochloris
3503,5,MWEH01
3504,1,Oxobacter
3505,1,RBG-16-66-20
3506,0,2-02-FULL-62-14
3507,0,NIES-981
3508,1,UBA11540
3509,4,PGYT01
3510,5,Pullibacteroides
3511,5,M08DMB
3512,1,Ancylobacter
3513,4,Rufibacter
3514,1,RUG11894
3515,5,Naasia
3516,3,Leucothrix
3517,2,UBA3796
3518,6,RGIG8523
3519,5,Parasphingopyxis
3520,5,Actinopolyspora
3521,5,Massilibacteroides
3522,1,Lignipirellula
3523,2,Metamycoplasma
3524,3,Meiothermus
3525,5,UBA2645
3526,5,UMGS1449
3527,1,WTGL01
3528,1,Paramesorhizobium
3529,3,Ignatzschineria
3530,3,Riemerella
3531,1,Aveggerthella
3532,1,RGIG8482
3533,1,UBA1440
3534,4,SYSU-D00535
3535,4,CAINDZ01
3536,0,Casimicrobium
3537,1,UBA7640
3538,0,CCY15215
3539,3,MGBC140090
3540,1,BRHc4a
3541,1,UBA11549
3542,1,Tabaqchalia
3543,4,JABMPR01
3544,3,SHZI01
3545,5,JABFGF01
3546,1,RGIG3096
3547,2,JAAYML01
3548,0,SYFI01
3549,0,Prosthecobacter
3550,4,Desulfitibacter
3551,1,UBA10649
3552,3,Paraliobacillus
3553,0,BRH-c8a
3554,1,UBA3857
3555,5,Actinomarina
3556,1,NSJ-32
3557,5,SIG455
3558,3,GCA-002705045
3559,4,WRFZ01
3560,0,T1SED10-81
3561,6,CAIQLG01
3562,1,RGIG1601
3563,5,JAFGIG01
3564,2,UBA4416
3565,5,Pseudacidovorax
3566,1,Heteroscilispira
3567,1,JAFTYO01
3568,3,Nocardiopsis_A
3569,3,Inordinaticella
3570,2,Cypionkella
3571,5,MnB-11
3572,3,DULF01
3573,0,VGYT01
3574,0,Inediibacterium
3575,6,Exiguobacterium_A
3576,1,Hyphomicrobium
3577,1,Pusillimonas_B
3578,3,RGIG7931
3579,0,RGIG2431
3580,1,Acetanaerobacterium
3581,3,JADJNW01
3582,1,Sulfurivirga
3583,1,UBA2922
3584,2,Roseobacter
3585,1,HGM11604
3586,5,QGON01
3587,1,RGIG3544
3588,0,Pseudomonas_B
3589,5,Phreatobacter
3590,5,RUG369
3591,1,CAINVI01
3592,1,UBA5540
3593,0,QZKY01
3594,4,Alcaligenes
3595,4,UBA1764
3596,2,Ehrlichia
3597,6,Niastella
3598,1,CAIFEU01
3599,4,Helicobacter_C
3600,6,CSBr16-58
3601,1,RCIO01
3602,1,Kineosporia
3603,4,Onthoplasma
3604,5,RGIG5270
3605,5,RGIG8748
3606,1,MED-G13
3607,1,Nannocystis
3608,1,RGIG5472
3609,1,Petrocella
3610,6,SURF-28
3611,1,Usitatibacter
3612,1,Brasilonema
3613,1,FLUQ01
3614,1,UBA11475
3615,2,JABLXL01
3616,5,Thermosipho
3617,5,Bacillus_S
3618,1,CACXMZ01
3619,5,Aliiroseovarius
3620,5,4572-104
3621,1,Methylomusa
3622,4,RUG13038
3623,1,Tistrella
3624,1,Aphodosoma
3625,5,UMGS1045
3626,6,Pseudomaricurvus
3627,5,UBA1368
3628,1,RUG12372
3629,4,Algicoccus
3630,2,Arcobacter
3631,3,Demequina
3632,1,RGIG9096
3633,2,MAR-2010-188
3634,1,Syntrophus
3635,5,UBA668
3636,5,Paenibacillus_V
3637,1,RUG721
3638,1,Arenimonas
3639,4,JADFZM01
3640,5,Gluconacetobacter
3641,4,Adhaeribacter
3642,2,WQTX01
3643,1,Streptomonospora
3644,3,Paraliobacillus_A
3645,1,Chitinimonas
3646,6,CAG-605
3647,0,Thiosymbion
3648,1,RGIG9985
3649,1,RUG11783
3650,5,Treponema_B
3651,2,Nitratireductor_D
3652,0,Natronoflexus
3653,5,SYIM01
3654,3,UBA1201
3655,1,BJ6
3656,5,Paenibacillus_K
3657,1,UBA2093
3658,6,SIAQ01
3659,5,Mycoplana
3660,4,Alkaliflexus
3661,1,NSJ-63
3662,1,Sediminispirochaeta
3663,3,JADJPO01
3664,5,Desulfotruncus
3665,0,Marinitoga
3666,3,Fabibacter_A
3667,2,Hippea
3668,1,Mangrovibacterium
3669,3,Vagococcus
3670,3,Aureibaculum
3671,1,WRMQ01
3672,1,Neoanaerotignum_B
3673,5,UBA5158
3674,3,VATK01
3675,1,Sediminitomix
3676,2,UBA7396
3677,1,SURF-10
3678,3,Gp7-AA10
3679,1,RUG14300
3680,6,GCA-2862085
3681,1,RUG13077
3682,3,Hahella
3683,1,RUG12395
3684,1,MS024-2A
3685,1,JAAYHF01
3686,6,Jannaschia
3687,1,Sphingomicrobium
3688,5,Xanthomarina
3689,1,F1-60-MAGs027
3690,5,DUUG01
3691,2,Tepidanaerobacter
3692,3,Quadrisphaera
3693,1,BN140002
3694,0,CAG-628
3695,1,JAFGPS01
3696,1,Paucibacter_A
3697,6,GWE2-40-63
3698,2,Tropicimonas
3699,5,PRT-SC02
3700,6,JAEDEU01
3701,5,Aminivibrio
3702,0,Wagnerdoeblera
3703,5,Cytophaga
3704,5,Crossiella
3705,1,WQWB01
3706,1,RGIG3171
3707,1,RGIG1693
3708,1,JACSRF01
3709,2,Nitrospira_A
3710,5,UBA10908
3711,5,MGBC100320
3712,5,Nitrospira_D
3713,1,Rudaea
3714,1,RGIG4822
3715,3,UBA6985
3716,3,Ruania
3717,1,RGIG7067
3718,6,Dubosiella
3719,5,UBA5195
3720,0,Aquitalea
3721,6,Maribacter_B
3722,5,Mariniflexile
3723,1,Ornithomonoglobus_A
3724,1,DUOT01
3725,0,JADFUQ01
3726,3,Thermodesulfobacterium
3727,5,Paenibacillus_AH
3728,2,Roseimaritima
3729,1,W2P13-069
3730,1,Cesiribacter
3731,3,Megasphaera_A
3732,1,Avibacteroides
3733,1,Albitalea
3734,5,SIG200
3735,5,Atopobium
3736,0,Phaeodactylibacter
3737,6,GCA-2705995
3738,2,Methylocella
3739,4,PALSA-1006
3740,0,Dactylopiibacterium
3741,1,3-1-20CM-4-69-9
3742,3,Contendobacter
3743,1,Frigididesulfovibrio
3744,1,Mangrovimonas
3745,1,Albimonas
3746,5,CFX2
3747,4,UBA1309
3748,1,RGIG8048
3749,6,MGBC119817
3750,2,CAAEEV01
3751,3,Neptunomonas
3752,3,Mesosutterella
3753,2,Halomonas_A
3754,1,Sphaerotilus
3755,6,Arenibacter
3756,4,UBA1436
3757,3,Clostridium_AM
3758,2,Novispirillum
3759,5,Alloscardovia
3760,6,UBA985
3761,2,Chitinibacter
3762,0,RGIG3641
3763,4,UBA9786
3764,4,B13-G4
3765,3,Kangiella
3766,2,Ch48
3767,6,JAAYBJ01
3768,1,Hydrogenobaculum
3769,2,UBA2330
3770,5,RUG14215
3771,1,JAAYLU01
3772,1,UBA5536
3773,0,Spyradomonas
3774,1,SCN-70-22
3775,2,Thiomonas
3776,3,SY095
3777,1,Desulfonispora
3778,6,Terasakiella
3779,2,Paenibacillus_AF
3780,5,Rhabdaerophilum
3781,2,Basfia_A
3782,1,JAEEHZ01
3783,5,Petroclostridium
3784,1,RGIG5691
3785,2,Plantactinospora
3786,3,Palsa-1447
3787,1,Ornithinimicrobium
3788,2,Nisaea
3789,4,Mangrovimonas_A
3790,2,UBA2289
3791,1,SIG655
3792,6,PUPG01
3793,3,Epulopiscium_A
3794,1,Onthenecus
3795,2,JAAUQL01
3796,1,WRAI01
3797,2,Propionispira
3798,6,Dyella_A
3799,6,Gluconobacter
3800,2,UMGS1649
3801,3,Flexilinea
3802,3,Actinophytocola
3803,5,Filomicrobium
3804,0,CAILVY01
3805,0,JAAYJG01
3806,1,MGBC111451
3807,5,PUKZ01
3808,6,UBA4116
3809,6,Ginsengibacter
3810,1,Sphingomonas_I
3811,2,Galligastranaerophilus
3812,0,SLDF01
3813,5,Saccharospirillum
3814,1,Geddesella
3815,3,JADKJP01
3816,5,Dokdonella_A
3817,3,BMS3Bbin07
3818,1,RUG12931
3819,1,Plesiocystis
3820,1,Pararhodobacter
3821,5,Anoxybacillus
3822,3,Ferruginivarius
3823,4,JABCPH02
3824,1,SURF-23
3825,1,C-53
3826,5,CAILAF01
3827,2,RUG131
3828,3,Ectobacillus
3829,6,Pseudovibrio
3830,5,Herbiconiux
3831,4,Vogesella
3832,5,CAIYPH01
3833,1,Ethanoligenens
3834,3,Thalassobacillus
3835,6,SCGC-AG-212-J23
3836,5,SZUA-448
3837,6,GCA-002733105
3838,1,YD12-FULL-61-37
3839,1,SIG694
3840,5,TMED14
3841,1,RQCD01
3842,5,UBA6211
3843,0,F1-20-MAGs119
3844,3,JAAZDF01
3845,2,Fredinandcohnia
3846,3,Clostridium_AG
3847,2,Formimonas
3848,1,SIG704
3849,5,Anaerosolibacter
3850,1,Rifleibacterium
3851,2,Clostridium_T
3852,1,UBA8129
3853,3,Bacillus_BU
3854,1,PNNN01
3855,1,QWPN01
3856,1,SKNL01
3857,1,Firm-09
3858,5,Sediminibacillus
3859,2,UBA2212
3860,5,CADEFQ01
3861,4,JAAZFB01
3862,3,UM-FILTER-63-12
3863,1,SICG01
3864,1,RFSX01
3865,1,RUG12817
3866,1,RGIG1927
3867,5,Cloacimonas
3868,6,UBA5456
3869,3,Miniphocibacter
3870,1,Profundibacter
3871,6,WRAP01
3872,3,Fen-1467
3873,6,RGIG5622
3874,1,RUG678
3875,1,SIG495
3876,1,UBA9639
3877,2,VGOD01
3878,3,JAAYSY01
3879,2,JAFGGE01
3880,3,Cetobacterium
3881,6,Leptobacterium
3882,1,Schneewindia
3883,1,Rhodobium
3884,2,Fibro-01
3885,3,Lacipirellula
3886,0,Prosthecochloris
3887,2,JACQXX01
3888,2,Bacillus_J
3889,5,UBA5851
3890,5,Oceanithermus
3891,2,Thiobaca
3892,5,JAGOMP01
3893,0,UBA974
3894,2,CAJPNN01
3895,1,JADJTG01
3896,5,JAFDZO01
3897,3,Sporosalibacterium
3898,0,CAIZWN01
3899,1,Stenomitos
3900,5,UBA8444
3901,6,T1SED10-84
3902,4,Flavilitoribacter
3903,5,JAHIRX01
3904,5,Blastochloris
3905,0,FW021-bin31
3906,3,Desulfonauticus
3907,4,Symbiothrix
3908,2,JAGHEK01
3909,3,Simonsiella
3910,5,JADGDT01
3911,0,Snuella
3912,5,UBA9659
3913,3,DUQW01
3914,1,SZUA-370
3915,1,Desulfobacterium_A
3916,1,Chlamydophila
3917,5,Piscirickettsia
3918,6,Salinivirga
3919,1,RUG11872
3920,2,UBA10364
3921,6,CAJQOT01
3922,6,Helicobacter_H
3923,1,SB25
3924,6,JAAFJM01
3925,5,SAT2731
3926,2,JAGNPU01
3927,3,GCA-2698995
3928,3,Commensalibacter
3929,3,Stanieria
3930,3,SM3-B41
3931,0,Romeria
3932,3,GCA-2705445
3933,3,VISM01
3934,6,JADQBT01
3935,2,JADPRS01
3936,4,Xanthomonas_B
3937,1,GCA-2699585
3938,3,WRFW01
3939,5,Clostridium_AB
3940,3,Mesoflavibacter
3941,1,JAAUSA01
3942,2,HOT-345
3943,1,Schlegelella_A
3944,4,Flavicella
3945,5,Robiginitomaculum_A
3946,3,CACCCN01
3947,5,JACAFB01
3948,5,RUG14871
3949,3,RUG13160
3950,5,21-14-0-10-47-8
3951,2,Pullulanibacillus
3952,3,Desulfitobacterium_A
3953,5,JAAXUP01
3954,3,FMMP01
3955,1,UBA1203
3956,3,Clostridium_Y
3957,5,UBA2336
3958,5,UBA7706
3959,0,2-12-FULL-57-22
3960,6,GCA-2722315
3961,5,RUG13091
3962,6,JAAYKS01
3963,1,RGIG2945
3964,5,UBA1064
3965,5,QHMH01
3966,2,SZUA-451
3967,5,QQUY01
3968,3,Clostridium_C
3969,1,MT45
3970,6,Methylobacter_A
3971,2,JACMLN01
3972,5,CYSP01
3973,5,GCA-2786225
3974,2,CAIYQJ01
3975,2,Fodinibius
3976,3,UBA7377
3977,3,JADHOX01
3978,1,S010-17
3979,0,JAAKFX01
3980,2,Ulvibacter
3981,4,Limnothrix
3982,5,UBA1952
3983,5,Mucispirillum
3984,0,B6-G9
3985,3,Phocoenobacter
3986,3,Motilibacter
3987,1,JAFGKF01
3988,3,Glaciihabitans
3989,2,GCA-002840985
3990,3,A37T11
3991,3,YIM-98839
3992,2,Endolissoclinum
3993,2,Empedobacter
3994,3,RGIG8700
3995,5,Peptococcus
3996,5,Bernardetia
3997,3,Mycetocola_A
3998,1,JABSQH01
3999,1,WRGD01
4000,0,Phormidium_B
4001,2,AWTP1-9
4002,4,Thalassotalea_D
4003,3,Allostreptomyces
4004,5,Mesobacillus_A
4005,2,IB182353
4006,1,UBA969
4007,4,Halpernia
4008,3,SZUA-1403
4009,2,Bergeyella_A
4010,0,Glaciecola
4011,2,CAIPMZ01
4012,3,JADJOV01
4013,5,Cyanobacterium
4014,1,Taishania
4015,3,143-21
4016,3,Sediminibacillus_A
4017,1,DTU019
4018,1,F1-60-MAGs104
4019,1,Pleurocapsa
4020,1,B1Sed10-187
4021,2,GWF2-43-63
4022,1,JADJGJ01
4023,1,UBA6267
4024,4,JAGTVG01
4025,4,Helicobacter_F
4026,5,RZYX01
4027,5,JAGOHU01
4028,5,JADGAN01
4029,6,JABHCC01
4030,2,JADFZW01
4031,3,Paenibacillus_W
4032,1,UBA10015
4033,1,JAFGEX01
4034,5,CABIZH01
4035,1,GWE2-42-39
4036,3,Schnuerera
4037,1,JAAFJU01
4038,1,UBA5232
4039,3,RPQJ01
4040,5,JAAXXJ01
4041,2,Algorimicrobium
4042,1,UBA4421
4043,3,Volucribacter
4044,6,Lebetimonas
4045,1,Pricia
4046,3,Agreia
4047,1,Soonwooa
4048,5,SYAR01
4049,3,Histophilus
4050,5,Nitrospira_C
4051,5,UBA1799
4052,3,SDRW01
4053,2,RDXZ01
4054,3,F1-60-MAGs163
4055,3,Bacillus_BF
4056,3,UBA12451
4057,5,JADFUO01
4058,5,SIG274
4059,6,WQSD01
4060,5,RGIG9379
4061,5,FW602-bin19
4062,1,CACXEY01
4063,2,SpSt-333
4064,1,UBA1200
4065,5,Aliiglaciecola
4066,3,MEDG-81
4067,1,Mycoplasma
4068,1,Sphaerimonospora
4069,5,RUG11867
4070,1,SIG714
4071,0,UBA877
4072,0,CAJKWP01
4073,5,Proteiniborus
4074,3,WTAK01
4075,4,Fuerstia
4076,1,Actinotignum
4077,6,Desulfurobacterium_A
4078,3,Liberibacter
4079,1,MAG-120531
4080,5,Actinobacillus_A
4081,5,Fortiea
4082,3,Sporanaerobacter
4083,0,Gastranaerophilus
4084,3,Hel1-33-131
4085,5,M30B9
4086,5,2-02-FULL-38-15-A
4087,4,Saccharococcus
4088,1,UBA5004
4089,3,GCA-002700125
4090,2,Atelocyanobacterium
4091,5,WRGS01
4092,3,B14
4093,5,Cfx2-01
4094,3,JACMJL01
4095,6,TMED48
4096,3,Gallibacterium
4097,3,TMED62
4098,5,JAAFJT01
4099,5,CAIYXB01
4100,1,Geminocystis
4101,5,Bacillus_BJ
4102,1,CW01
4103,3,Pseudoleptotrichia
4104,0,CADCWG01
4105,5,NORP294
4106,0,GCA-016700155
4107,6,Marithrix
4108,2,UBA2632
4109,3,CADBNZ01
4110,3,Cricetibacter
4111,0,Fen-668
4112,2,SIO2C1
4113,6,Flaviaesturariibacter
4114,3,Litorilituus
4115,0,Kryptonium
4116,3,Anaerovirgula
4117,5,Pleionea
4118,2,Baumannia
4119,4,UBA1312
4120,2,Agrilactobacillus
4121,3,Otariodibacter
4122,5,UBA9775
4123,3,CACIIZ01
4124,3,FJAT-45066
4125,3,Marinococcus
4126,5,Dichloromethanomonas
4127,3,Brevibacillus_D
4128,3,Filobacillus
4129,3,UBA1557
4130,2,UBA7584
4131,1,PNEW01
4132,1,Opitutus
4133,5,Euzebyella
4134,4,WRKV01
4135,5,Phaeovulum
4136,1,UBA6894
4137,1,JADJDM01
4138,2,Lyngbya
4139,3,CL95
4140,1,OMHY01
4141,1,JAFGTN01
4142,4,JABMPU01
4143,2,Spirabiliibacterium
4144,0,TMED23
4145,3,Rubritalea
4146,4,SB11
4147,3,Falsibacillus
4148,3,Boudabousia
4149,2,Bavariicoccus
4150,3,Cloacibacterium
4151,5,Berkiella
4152,0,Puteibacter
4153,3,Salifodinibacter
4154,5,RUG14087
4155,5,Hydrotalea
4156,5,JAFGSZ01
4157,2,Terrilactibacillus
4158,2,Lonepinella
4159,5,Imtechella
4160,6,Nitratiruptor
4161,2,Rickettsia
4162,6,GCA-2753745
4163,0,Fannyhessea
4164,3,UBA4080
4165,5,Catenisphaera
4166,6,JAGPCH01
4167,2,Glaesserella
4168,4,UM-FILTER-40-17
4169,1,Anaerovorax
4170,2,JAFGPL01
4171,0,Acaryochloris
4172,5,Acetobacteroides
4173,3,Yonghaparkia
4174,1,GCA-2737665
4175,6,GCA-002050365
4176,2,Thalassotalea
4177,2,Ancylomarina_A
4178,1,JAADFB01
4179,5,WHTL01
4180,0,Aliterella
4181,3,PH2015
4182,2,Kingella_A
4183,3,Arenitalea
4184,5,SIG223
4185,3,Moraxella_A
4186,5,JAGPKJ01
4187,1,RDYZ01
4188,1,UBA5287
4189,2,Chelonobacter
4190,3,JAHJUE01
4191,1,Bacillus_BS
4192,4,RGIG4266
4193,5,CG2-30-36-16
4194,1,Aquiflexum_A
4195,1,Dinghuibacter
4196,0,DUUS01
4197,0,SpSt-398
4198,5,Bergeyella
4199,2,LFER01
4200,3,Spiroplasma
4201,3,JABDJG01
4202,5,1-14-2-50-31-20
4203,3,Psychrobium
4204,5,JACOMS01
4205,1,UBA1660
4206,3,Aurantimonas
4207,1,JAFGPJ01
4208,5,Saprospira
4209,2,JACVRW01
4210,3,Virgibacillus_G
4211,2,Pragia
4212,2,Meiothermus_B
4213,5,RGIG3495
4214,2,JAAYFT01
4215,5,RGIG7089
4216,1,Phaseolibacter
4217,3,Aquaticitalea
4218,6,SZUA-423
4219,5,RGIG9099
4220,6,Thermosediminibacter
4221,5,Allobacillus
4222,5,GCA-2747105
4223,6,SZUA-217
4224,3,Vagococcus_C
4225,5,JAAYEM01
4226,2,E4-60
4227,3,Fen-1301
4228,4,GCF-000287335
4229,6,JAAFIN01
4230,1,BM516
4231,1,Antrihabitans
4232,0,Calidiofonticultor
4233,6,Ch61
4234,3,Bacillus_AH
4235,1,SW132
4236,1,Elarobacter
4237,1,SACC01
4238,1,Limimaricola
4239,0,Faecenecus
4240,1,Rubrobacter_C
4241,5,Arthrobacter_K
4242,6,Haliea
4243,5,CF-154
4244,1,SIG438
4245,6,SHLJ01
4246,5,Zymomonas
4247,1,JAABRU01
4248,1,Pilibacter
4249,1,PALSA-1295
4250,6,GCA-2722105
4251,1,RGIG3586
4252,0,UBA5123
4253,0,62-47
4254,1,DTU063
4255,5,JACRNF01
4256,1,GCA-2707915
4257,0,UBA7800
4258,5,40-80
4259,6,TMED88
4260,1,SIG263
4261,3,JAFGQB01
4262,3,HGM20899
4263,2,Bombella
4264,0,BRH-c57
4265,3,Litoribacter
4266,3,MSPOR6
4267,1,Tener-01
4268,0,Oligella
4269,1,JABZIP01
4270,3,Longispora
4271,6,QFOI01
4272,5,Salinimicrobium
4273,1,UBA12018
4274,2,2-12-FULL-55-11
4275,1,Azotobacter
4276,2,Thermoflavifilum
4277,5,Tamlana_C
4278,2,Roseomonas_C
4279,5,Gracilimonas
4280,1,JAAFKA01
4281,2,Vagococcus_B
4282,1,Zhouia
4283,4,Anaerophaga
4284,1,SGZJ01
4285,6,JAFKHH01
4286,5,UBA9904
4287,4,Luteimonas_C
4288,1,Haloactinobacterium
4289,3,GWE2-42-24
4290,3,Vicingus
4291,6,UBA937
4292,1,Marinimicrobium
4293,6,Gudongella
4294,5,IN17
4295,2,SV3-B141
4296,1,ASP10-02a
4297,1,Arundinibacter
4298,0,JAFGVL01
4299,4,Chroogloeocystis
4300,0,Khoudiadiopia
4301,0,Halocynthiibacter_B
4302,0,SKJO01
4303,5,Protaetiibacter
4304,1,Halomonas_F
4305,0,CAIYRB01
4306,1,Mxb001
4307,1,UBA2653
4308,3,WRBB01
4309,3,Aurantibacter_A
4310,5,SZUA-442
4311,6,Conyzicola
4312,4,B33-G16
4313,3,JAGOSA01
4314,2,JABINZ01
4315,3,M55B165
4316,5,M30B53
4317,0,Niveibacterium
4318,5,Thermophagus
4319,4,SLFX01
4320,3,Lysobacter_A
4321,5,BCD1
4322,6,Entomomonas
4323,5,Quasibacillus
4324,6,JABWBP01
4325,2,Amphibacillus
4326,1,UBA5348
4327,5,Methylotenera_A
4328,3,55-13
4329,1,UBA6814
4330,4,Robiginitalea
4331,5,JADKHR01
4332,0,SKYF01
4333,6,JAAZPG01
4334,3,JAAYBF01
4335,6,Zunongwangia
4336,2,Gloeocapsopsis
4337,0,CAIVDX01
4338,5,RGIG4928
4339,2,Malacoplasma
4340,2,Propionimicrobium
4341,2,Halolactibacillus
4342,2,VYCW01
4343,5,BRH-c32
4344,4,Nostoc_B
4345,3,AG-426-I14
4346,1,Actinomadura_C
4347,3,F6-6636
4348,3,VFJN01
4349,3,Acholeplasma_E
4350,4,Salicibibacter
4351,3,Psittacicella
4352,1,HXMU1420-13
4353,1,CAIVVS01
4354,2,Bacillus_BN
4355,5,Subsaximicrobium
4356,0,UBA8079
4357,0,UBA2810
4358,2,Paenalcaligenes
4359,3,Acidulodesulfobacterium
4360,4,JAFGQQ01
4361,3,Thermoflavimicrobium
4362,2,SLTB01
4363,3,Clostridium_AC
4364,6,UBA699
4365,1,JADGRQ01
4366,3,UBA8202
4367,3,Halosaccharopolyspora
4368,2,GCA-2718035
4369,2,Putridiphycobacter
4370,3,Petromonas
4371,6,Labedella
4372,2,CAIVPM01
4373,5,RZYY01
4374,3,JAEUUG01
4375,1,UBA12474
4376,6,DP16D-bin41
4377,3,Virgibacillus_I
4378,6,Sulfuritortus
4379,2,IMCC9063
4380,2,Geotoga
4381,6,JABWCA01
4382,2,Alysiella
4383,2,Pisciglobus
4384,6,WRBG01
4385,5,Jiulongibacter
4386,5,Bacillus_Z
4387,6,Kriegella
4388,4,Schleiferilactobacillus
4389,6,JABDEJ01
4390,2,Bacillus_M
4391,2,JAFDYH01
4392,0,Pelotomaculum
4393,2,RZ26
4394,5,GWC2-37-14
4395,3,R2A130
4396,3,Desulfobacca
4397,0,PSRF01
4398,4,RDXI01
4399,6,Selenihalanaerobacter
4400,3,Hydrococcus
4401,2,JAAYSI01
4402,2,Roseibacillus
4403,4,JAFGHD01
4404,5,Bacillus_BB
4405,5,Acetomicrobium
4406,3,Antarctobacter
4407,2,WRLO01
4408,2,Palsa-189
4409,4,RGIG10147
4410,3,Calorimonas
4411,3,Litchfieldia
4412,5,JABMQS01
4413,5,RGVD01
4414,3,UBA9971
4415,5,Asaia
4416,2,Enterococcus_H
4417,2,JACQZJ01
4418,6,DRPN01
4419,5,Stigonema
4420,2,Virgibacillus_B
4421,1,JAFZMK01
4422,6,JABJQG01
4423,6,Desulfonema_B
4424,6,RGIG7384
4425,3,Magnetomorum
4426,2,GCA-002790365
4427,3,Roseitalea
4428,5,Mongoliibacter
4429,3,Lentibacillus_B
4430,2,JAAFJR01
4431,0,Sphingomonas_B
4432,1,JAFGUF01
4433,3,Lewinella
4434,2,JADGBH01
4435,5,Pelagirhabdus
4436,3,Nocardiopsis_C
4437,4,Williamwhitmania
4438,0,Aeribacillus
4439,1,Naumannella
4440,3,Alpha-05
4441,2,UBA3950
4442,0,OLB8
4443,5,Denitrovibrio
4444,2,Romboutsia_C
4445,5,QQVM01
4446,3,Conservatibacter
4447,2,Lysinibacillus_B
4448,3,Bacillus_BR
4449,3,GCA-014931565
4450,3,Floricoccus
4451,3,JAGOYM01
4452,6,JAHITE01
4453,2,CAJBLF01
4454,0,WRKY01
4455,1,RUG14223
4456,0,RGIG990
4457,2,Tepidibacillus
4458,2,Cerasibacillus
4459,5,Pseudarcicella
4460,5,Bacillus_BE
4461,5,AG-430-B22
4462,4,MEUV01
4463,3,SLSL01
4464,2,BX21
4465,3,N075bin58
4466,2,Desulfoprunum
4467,5,CAG-557
4468,6,JAADHC01
4469,6,JAADIZ01
4470,3,UBA4722
4471,3,RBG-16-57-11
4472,3,JACQEP01
4473,5,RUG14284
4474,5,Proteocatella
4475,3,RUG039
4476,2,Ilyobacter
4477,5,WOFB19
4478,6,Marinospirillum
4479,2,CHPMRC01
4480,1,JADKKF01
4481,6,JAHIME01
4482,3,BB30
4483,0,UBA1930
4484,4,CAIYTF01
4485,3,JAAFHG01
4486,6,Mesorhizobium_F
4487,4,Cryomorpha
4488,1,Arenicella
4489,5,JAGOBP01
4490,0,M2408
4491,2,PWND01
4492,5,Thermosipho_A
4493,2,RBG-16-34-14
4494,6,Methylococcus
4495,2,JAAYNB01
4496,3,UBA4839
4497,5,Terrimonas
4498,5,Wocania
4499,5,SCGC-AAA076-P13
4500,5,MWDD01
4501,5,JAHKAJ01
4502,0,GCA-2726245
4503,5,Allofustis
4504,2,Kingella_B
4505,3,BS750m-G21
4506,5,JAAYSX01
4507,2,Mobiluncus
4508,2,GCA-002708715
4509,3,Bacillus_BD
4510,5,GCA-002728675
4511,6,UBA3006
4512,2,Gloeothece
4513,2,SKLG01
4514,2,B1
4515,5,Parvularcula
4516,5,Termititenax
4517,1,Scrofimicrobium
4518,3,JAAYVF01
4519,2,JADFUS01
4520,2,Negativicoccus
4521,3,Galligastranaerophilus_A
4522,5,Zrk6
4523,3,CG1-02-35-72
4524,1,Geotalea
4525,1,JAAAOM01
4526,0,QQWI01
4527,5,JAFGSB01
4528,5,JACDAZ01
4529,2,CAU-1491
4530,6,WFNF01
4531,3,Alkaliphilus_A
4532,5,FACHB-152
4533,5,JACCRY01
4534,3,Anabaena
4535,5,Succinispira
4536,1,Pelotomaculum_B
4537,5,Amazonocrinis
4538,3,GCA-002701455
4539,2,JAAYPI01
4540,1,Muriicola
4541,5,WRMW01
4542,2,RGIG5952
4543,3,Sedimenticola
4544,1,Eilatimonas
4545,5,Binatus
4546,1,UBA7326
4547,1,DUOH01
4548,1,UBA7378
4549,5,CAITDR01
4550,5,Formivibrio
4551,0,Cylindrospermum
4552,2,JAAZJD01
4553,5,CAJBEZ01
4554,3,JADGRB01
4555,1,CADBMC01
4556,1,UBA11400
4557,0,2-02-FULL-42-43
4558,2,Arcanobacterium_A
4559,3,UBA6183
4560,5,SMXJ01
4561,3,JAAXHJ01
4562,3,UBA9627
4563,5,JAACFB01
4564,3,JL129W03
4565,1,SYFR01
4566,5,JACROO01
4567,3,Thermosyntropha
4568,5,DUOA01
4569,3,AA29
4570,3,CAINWJ01
4571,3,QQUE01
4572,5,JABDGZ01
4573,5,JADKHK01
4574,3,JABWBD01
4575,1,CAJATL01
4576,5,HRBIN24
4577,5,Ponticaulis
4578,4,RPQH01
4579,2,Anaeromicrobium
4580,5,Sterolibacterium
4581,5,Nitrosophilus
4582,2,C254
4583,3,JADFVM01
4584,5,Deminuibacter
4585,3,Ch128a
4586,4,JABMQB01
4587,5,UBA8670
4588,3,Tissierella_A
4589,3,JAADEM01
4590,1,TP-CH-4
4591,3,AG-363-N16
4592,6,RGIG6374
4593,3,Marininema
4594,4,CAU-1492
4595,3,Wohlfahrtiimonas
4596,5,JAAFJL01
4597,2,GCA-2746365
4598,3,Thermobrachium
4599,1,DUPU01
4600,4,JAFGGD01
4601,6,Woodsholea
4602,3,RGIG6429
4603,5,FACHB-40
4604,2,CAIRDP01
4605,1,CAITWF01
4606,6,Ilumatobacter_A
4607,6,Dendronalium
4608,5,SKGQ01
4609,2,Thermohalobacter
4610,3,CAJJDF01
4611,3,Pseudochrobactrum
4612,0,SABY01
4613,3,SZUA-575
4614,5,Jettenia
4615,2,Endobugula
4616,3,Altibacter
4617,1,OCS116
4618,5,KA00134
4619,5,Hyphomicrobium_A
4620,5,UBA5444
4621,3,WLWS01
4622,5,Caviibacterium
4623,5,Seleniivibrio
4624,4,Pseudozobellia
4625,3,Caloramator_A
4626,1,Verticiella
4627,5,Planktosalinus
4628,5,Magnetobacterium
4629,1,Fen-1326
4630,1,SXMI01
4631,5,Kinneretia
4632,3,CAIXZV01
4633,5,Tb-RUG-64
4634,3,Stenoxybacter
4635,3,PRS1
4636,3,JAHJGG01
4637,2,GCA-2700405
4638,3,Frederiksenia
4639,0,Phaeobacter
4640,3,JAGOTX01
4641,3,Scatoplasma
4642,1,REN6
4643,5,JAENYK01
4644,5,Fen-549
4645,3,GCA-2683775
4646,3,Algoriella
4647,2,Thiolapillus
4648,6,WRFY01
4649,3,SHWF01
4650,6,UBA2264
4651,3,JAADFW01
4652,5,Gp6-AA40
4653,1,Roseiflexus
4654,2,JAFGNV01
4655,2,Bacillus_AO
4656,1,Algibacter_A
4657,3,UBA1511
4658,4,CAJQQY01
4659,6,Lactovum
4660,1,Sinobaca
4661,2,UM-FILTER-34-10
4662,0,JADCRZ01
4663,4,JAEINW01
4664,5,JABMRF01
4665,3,Mycoplasmoides
4666,2,JAACUH01
4667,1,ULC077BIN1
4668,4,BOG-224
4669,2,Tepidibacter_A
4670,3,Shimazuella
4671,3,UBA3465
4672,0,PALSA-600
4673,3,UBA7359
4674,3,Flaviramulus
4675,5,SLSW01
4676,5,SZUA-421
4677,2,Neoehrlichia
4678,4,JADJUV01
4679,6,Desulfuromusa
4680,3,JADJCA01
4681,6,MGML01
4682,2,Luteococcus
4683,5,Rhodomicrobium
4684,1,Aureibacillus
4685,5,CG1-02-41-21
4686,5,Arthrobacter_H
4687,2,Scopulibacillus
4688,1,Kyrpidia
4689,3,Dictyoglomus
4690,5,WRBW01
4691,3,Mt11
4692,5,WJIP01
4693,5,JACDGE01
4694,3,JAAXHW01
4695,3,JACDNV01
4696,5,MSJ-34
4697,5,JACDER01
4698,1,LGRT01
4699,1,RGIG4607
4700,2,WRGT01
4701,3,JADFZC01
4702,2,SoEE
4703,1,UBA8525
4704,6,JACNJF01
4705,2,Mycoplasma_K
4706,3,Rarobacter
4707,2,SHAN690
4708,5,Acididesulfobacter
4709,5,Tibeticola
4710,1,QS-8-64-10
4711,1,Polystyrenella
4712,2,UBA710
4713,5,Marichromatium
4714,3,UBA4312
4715,2,LacT
4716,5,UBA1796
4717,2,UBA9845
4718,2,WQVT01
4719,5,MPMV01
4720,2,Moheibacter
4721,2,Limibaculum
4722,3,JABWCE01
4723,3,Massilibacterium
4724,1,S5133MH16
4725,2,DUNJ01
4726,3,UBA5455
4727,3,TC-15
4728,5,MWDO01
4729,5,Nibribacter
4730,5,Bacillus_AB
4731,3,RFNO01
4732,6,Xenophilus
4733,5,Oceanotoga
4734,2,UBA9300
4735,2,Hormoscilla
4736,2,Salsuginibacillus
4737,3,CAIOSQ01
4738,4,Serratia_G
4739,5,Lipingzhangella
4740,5,Fen-999
4741,2,UBA2561
4742,4,RDXV01
4743,3,TMED15
4744,2,JAGXRN01
4745,3,Rubidus
4746,2,Alkalibacillus
4747,2,UBA845
4748,4,CACXFF01
4749,5,JABFXA01
4750,5,Peptoclostridium
4751,2,JADKAC01
4752,3,HyVt-477
4753,2,RQZE01
4754,2,Balnearium
4755,2,CAILUF01
4756,2,UBA1014
4757,3,BACL27
4758,5,Agitococcus
4759,2,Frischella
4760,1,MGBC162581
4761,6,QNYL01
4762,0,JABCPO02
4763,3,HIMB114
4764,3,WJME01
4765,0,SW10
4766,3,Bacillus_AV
4767,6,UM-FILTER-38-24
4768,2,UBA3206
4769,5,RHLJ01
4770,0,JAEDHM01
4771,5,Paucihalobacter
4772,0,JACDGB01
4773,1,Pseudorhizobium
4774,1,SHYQ01
4775,6,Ketogulonicigenium
4776,3,Pontibacillus_A
4777,3,HA3dbin3
4778,6,QNZR01
4779,3,Caenarcanum
4780,2,Bisgaardia
4781,5,Fundicoccus
4782,1,JAGNXB01
4783,2,Bacillus_AT
4784,3,DUPP01
4785,3,WQVX01
4786,3,Virgibacillus_F
4787,3,JAGKQJ01
4788,3,Amphibacillus_D
4789,3,Bacillus_BK
4790,5,CAIXPS01
4791,1,JACDFN01
4792,4,Pelotalea
4793,5,Natronincola_A
4794,3,Rodentibacter_A
4795,3,Neochlamydia
4796,5,Pseudobizionia
4797,4,Muribacter
4798,6,VBDM01
4799,3,DUUI01
4800,6,Saliterribacillus
4801,0,Krumholzibacterium
4802,5,4572-13
4803,2,R33
4804,1,JACPSL01
4805,6,RFXV01
4806,5,JAAFHV01
4807,3,Epulopiscium_D
4808,2,GCF-002002485
4809,1,JAHJDG01
4810,1,JAABPW01
4811,6,Terrimesophilobacter
4812,5,JAACEU01
4813,3,JAAYJR01
4814,5,L227-S17
4815,3,XYB12-FULL-38-5
4816,3,TMED220
4817,2,CETP13
4818,1,MB-PLM-1
4819,3,JABSQV01
4820,3,S009-33
4821,5,Pontimonas
4822,4,UBA1138
4823,2,JAADDV01
4824,6,UBA1364
4825,3,VGRA01
4826,3,Simkania_A
4827,3,JAGHKQ01
4828,3,Cysteiniphilum
4829,0,Chlorogloeopsis
4830,6,Zobellella_C
4831,4,JABABD01
4832,6,VGAZ01
4833,0,Electronema
4834,5,Parachlamydia
4835,5,RBG-13-39-12
4836,3,DUSG01
4837,3,Longirhabdus
4838,5,UBA5336
4839,1,JAHISV01
4840,3,DE0126
4841,5,F1-120-MAGs170
4842,2,JACDQH01
4843,5,JACQVI01
4844,5,AU392
4845,5,Luteimonas_B
4846,5,JAEUUM01
4847,4,JAAYEL01
4848,2,Moellerella
4849,3,JAEINX01
4850,3,BJGO01
4851,1,JADFXP01
4852,2,JAAXUA01
4853,3,Neomicrococcus
4854,3,DT-111
4855,5,JACRIH01
4856,5,GCA-2747695
4857,3,JAAYFG01
4858,5,CAIYYX01
4859,1,HGM05398
4860,2,VGLH01
4861,6,UBA6116
4862,5,SKTG01
4863,5,Serratia_E
4864,3,NORP309
4865,2,Ancrocorticia
4866,2,SZZW01
4867,3,RFTU01
4868,2,Bacillus_AP
4869,3,Sutcliffiella
4870,0,JAFDVJ01
4871,4,GCF-900161835
4872,2,SZZU01
4873,3,Thiofilum
4874,2,UBA2334
4875,3,Polycyclovorans
4876,2,GCA-002707245
4877,3,JAHJHM01
4878,2,Hoaglandella
4879,1,UBA2329
4880,5,Bog-1340
4881,6,Paludifilum
4882,2,GLR69
4883,2,Hugenholtzia
4884,4,JAAYOA01
4885,6,GCA-2715645
4886,0,UBA8290
4887,3,Gracilibacter
4888,6,SHZF01
4889,5,Arcticibacterium
4890,3,Flexibacter
4891,3,SP256
4892,5,REBA01
4893,5,SIG32
4894,3,JAAYHX01
4895,6,DT-110
4896,5,Cardinium
4897,3,Allokutzneria
4898,3,JAGNZR01
4899,6,JABACD01
4900,4,Pokkaliibacter
4901,5,JADKJW01
4902,5,DUNV01
4903,2,C7867-002
4904,2,UBA11153
4905,4,JAGOCT01
4906,5,Anditalea
4907,4,Turneriella
4908,5,UBA8687
4909,2,VGLK01
4910,3,UBA5868
4911,2,Doolittlea
4912,3,Algibacter_C
4913,4,Fukatsuia
4914,5,GCA-2747035
4915,5,Saccharopolyspora_C
4916,2,MMGLQ5-1
4917,2,UBA647
4918,2,JAHJMN01
4919,2,Pseudomonas_C
4920,2,Fen-1135
4921,0,HMF7056
4922,4,UBA5388
4923,3,CAIQWF01
4924,2,Suicoccus
4925,3,GCA-2690645
4926,4,2-01-FULL-40-13
4927,4,UBA7330
4928,1,CAADGV01
4929,6,Desulfurivibrio
4930,4,JAGPIS01
4931,1,REEE01
4932,6,MWFE01
4933,4,JAFGKZ01
4934,3,FJAT-49754
4935,3,DUSN01
4936,5,JACQFA01
4937,4,AG-409-A19
4938,5,AC-32
4939,3,Gomphosphaeria
4940,5,JAAYSJ01
4941,5,Anoxybacter
4942,2,Chroococcidiopsis
4943,5,Gilvimarinus
4944,5,JABDPF01
4945,3,JKI-2014
4946,5,RGIG2094
4947,2,Cryoxeromicrobium
4948,3,JAHIRM01
4949,5,DT-33
4950,5,WRKJ01
4951,3,Microthrix
4952,4,Adamsella
4953,3,Canibacter
4954,0,JACQAX01
4955,2,Aquiluna
4956,5,2-12-FULL-39-13
4957,5,Caldisalinibacter
4958,2,Diaphorobacter
4959,3,JAAFJH01
4960,1,JAHDQW01
4961,2,Clostridiisalibacter
4962,2,RH1A
4963,2,Radiobacillus
4964,2,UBA6259
4965,3,JACOUH01
4966,2,GCA-2697345
4967,5,UBA987
4968,0,UBA2772
4969,5,JAAFHL01
4970,2,UBA1275
4971,2,CAIVDV01
4972,3,Actinobacillus_C
4973,3,Haemophilus_B
4974,3,UBA1450
4975,2,GCA-002701945
4976,3,ID1734
4977,6,JAFGEJ01
4978,3,Umezawaea
4979,6,RGIG6909
4980,0,AP-16
4981,5,Planktotalea
4982,2,GCA-2717285
4983,4,Paracnuella
4984,3,Eperythrozoon_A
4985,3,CSBR16-104
4986,3,JAAZYX01
4987,3,Avacidaminococcus
4988,3,Isobaculum
4989,3,WJKQ01
4990,3,Paenibacillus_AC
4991,4,Brevinema
4992,3,Thorsellia
4993,6,JAFGDS01
4994,5,CTSoil-081
4995,3,CAIWET01
4996,1,Trichloromonas
4997,5,UBA9002
4998,5,WRKF01
4999,5,Acidihalobacter
5000,5,SZUA-226
5001,3,PGXY01
5002,5,Arsenicibacter
5003,3,Desertihabitans
5004,3,Micropruina
5005,3,Aestuariibacter
5006,5,Achromobacter_A
